run_accession,study_accession,secondary_study_accession,sample_accession,secondary_sample_accession,tax_id,scientific_name,submitted_ftp,sample_title,Sanger ID,Sample,Synonym,Group,Isolation-date,Country,Region,Latitude,Longitude,SCCmec from Velvet,spa-type,Hospital-origin,CIP,CLI,ERY,FUS,GEN,LIN,MFL,OXA,PEN,SXT,TET
ERR017169,PRJEB2096,ERP000150,SAMEA734677,ERS002150,1280,Staphylococcus aureus,ftp.sra.ebi.ac.uk/vol1/run/ERR017/ERR017169/4351_1#1.srf,Staphylococcus aureus; Staphylococcus aureus; Staphylococcus aureus,4351_1_1,98-26821,09-03576,ST22-A2,1998,UK,London,51.5002,-0.1262,IVh,t1275,+,R,S,S,S,S,S,R,R,R,S,S
ERR017170,PRJEB2096,ERP000150,SAMEA734676,ERS002151,1280,Staphylococcus aureus,ftp.sra.ebi.ac.uk/vol1/run/ERR017/ERR017170/4351_1#10.srf,Staphylococcus aureus; Staphylococcus aureus; Staphylococcus aureus,4351_1_10,98-24344,09-03574,ST22-A2,1998,UK,London,51.5002,-0.1262,IVh,t032,+,R,S,R,S,S,S,R,R,R,S,S
ERR017171,PRJEB2096,ERP000150,SAMEA734757,ERS002160,1280,Staphylococcus aureus,ftp.sra.ebi.ac.uk/vol1/run/ERR017/ERR017171/4351_1#11.srf,Staphylococcus aureus; Staphylococcus aureus,4351_1_11,09-01245,299/07,ST22-A2,2007|09|08,Singapore,Singapore,1.3521,103.8198,IVh,t032,+,R,S,S,S,S,S,R,R,R,S,S
ERR017172,PRJEB2096,ERP000150,SAMEA734680,ERS002159,1280,Staphylococcus aureus,ftp.sra.ebi.ac.uk/vol1/run/ERR017/ERR017172/4351_1#2.srf,Staphylococcus aureus; Staphylococcus aureus,4351_1_2,09-01246,295/07,ST22-A2,2007|08|10,Singapore,Singapore,1.3521,103.8198,IVh,t1214,+,R,S,R,S,S,S,R,R,R,S,R
ERR017173,PRJEB2096,ERP000150,SAMEA734681,ERS002158,1280,Staphylococcus aureus,ftp.sra.ebi.ac.uk/vol1/run/ERR017/ERR017173/4351_1#3.srf,Staphylococcus aureus; Staphylococcus aureus,4351_1_3,09-01247,314/07,ST22-A2,2007|10|09,Singapore,Singapore,1.3521,103.8198,IVh,t032,+,R,S,S,S,S,S,R,R,R,S,S
ERR017174,PRJEB2096,ERP000150,SAMEA734674,ERS002157,1280,Staphylococcus aureus,ftp.sra.ebi.ac.uk/vol1/run/ERR017/ERR017174/4351_1#4.srf,Staphylococcus aureus; Staphylococcus aureus,4351_1_4,09-01248,323/07,ST22-A2,2007|10|17,Singapore,Singapore,1.3521,103.8198,IVh,t032,+,R,S,R,S,S,S,R,R,R,S,R
ERR017175,PRJEB2096,ERP000150,SAMEA734675,ERS002156,1280,Staphylococcus aureus,ftp.sra.ebi.ac.uk/vol1/run/ERR017/ERR017175/4351_1#5.srf,Staphylococcus aureus; Staphylococcus aureus,4351_1_5,09-01249,345/07,ST22-A2,2007|10|22,Singapore,Singapore,1.3521,103.8198,IVh,t032,+,R,S,S,S,S,S,R,R,R,S,S
ERR017177,PRJEB2096,ERP000150,SAMEA734672,ERS002154,1280,Staphylococcus aureus,ftp.sra.ebi.ac.uk/vol1/run/ERR017/ERR017177/4351_1#7.srf,Staphylococcus aureus; Staphylococcus aureus,4351_1_7,96-01678_H,09-03577,ST22-A2,1996|10,Germany,Berlin,52.5234,13.4114,IVh,t032,+,R,S,S,S,S,S,R,R,R,S,S
ERR017178,PRJEB2096,ERP000150,SAMEA734678,ERS002153,1280,Staphylococcus aureus,ftp.sra.ebi.ac.uk/vol1/run/ERR017/ERR017178/4351_1#8.srf,Staphylococcus aureus; Staphylococcus aureus; Staphylococcus aureus,4351_1_8,98-10618,09-03575,ST22-A1,1998,UK,London,51.5002,-0.1262,IVh,t022,+,S,S,S,S,S,S,S,R,R,S,S
ERR017179,PRJEB2096,ERP000150,SAMEA734679,ERS002152,1280,Staphylococcus aureus,ftp.sra.ebi.ac.uk/vol1/run/ERR017/ERR017179/4351_1#9.srf,Staphylococcus aureus; Staphylococcus aureus,4351_1_9,09-01244,133/07,ST22-A2,2007|04|19,Singapore,Singapore,1.3521,103.8198,IVh,t032,+,R,S,S,S,S,S,R,R,R,S,S
ERR017181,PRJEB2096,ERP000150,SAMEA734758,ERS002161,1280,Staphylococcus aureus,ftp.sra.ebi.ac.uk/vol1/run/ERR017/ERR017181/4351_2#1.srf,Staphylococcus aureus; Staphylococcus aureus,4351_2_1,09-01243,153/04,ST22-A2,2004|01|21,Singapore,Singapore,1.3521,103.8198,IVh,t032,+,R,S,R,S,S,S,R,R,R,S,S
ERR017185,PRJEB2096,ERP000150,SAMEA734751,ERS002169,1280,Staphylococcus aureus,ftp.sra.ebi.ac.uk/vol1/run/ERR017/ERR017185/4351_2#3.srf,Staphylococcus aureus; Staphylococcus aureus; Staphylococcus aureus,4351_2_3,09-00980,SH/587,ST22-A1,1996,UK,Bristol,51.4553,-2.5919,IVh,t022,+,S,S,R,S,S,S,S,R,R,S,S
ERR017186,PRJEB2096,ERP000150,SAMEA734750,ERS002168,1280,Staphylococcus aureus,ftp.sra.ebi.ac.uk/vol1/run/ERR017/ERR017186/4351_2#4.srf,Staphylococcus aureus; Staphylococcus aureus,4351_2_4,09-00981,MID/MV7804,ST22-A2,1996,New Zealand,Auckland,-36.8485,174.7633,IVh,t032,+,R,S,R,S,S,S,R,R,R,S,S
ERR017187,PRJEB2096,ERP000150,SAMEA734756,ERS002167,1280,Staphylococcus aureus,ftp.sra.ebi.ac.uk/vol1/run/ERR017/ERR017187/4351_2#5.srf,Staphylococcus aureus; Staphylococcus aureus,4351_2_5,09-00982,MID/MV7798,ST22-A2,1996,New Zealand,Auckland,-36.8485,174.7633,IVh,t032,+,R,S,R,S,S,S,R,R,R,S,S
ERR017188,PRJEB2096,ERP000150,SAMEA734755,ERS002166,1280,Staphylococcus aureus,ftp.sra.ebi.ac.uk/vol1/run/ERR017/ERR017188/4351_2#6.srf,Staphylococcus aureus; Staphylococcus aureus,4351_2_6,09-00983,MID/MV7767,ST22-A2,1996,New Zealand,Auckland,-36.8485,174.7633,IVh,t032,+,R,S,R,S,S,S,R,R,R,S,S
ERR017189,PRJEB2096,ERP000150,SAMEA734754,ERS002165,1280,Staphylococcus aureus,ftp.sra.ebi.ac.uk/vol1/run/ERR017/ERR017189/4351_2#7.srf,Staphylococcus aureus; Staphylococcus aureus,4351_2_7,09-00984,MID/MV7354,ST22-A2,1996,New Zealand,Auckland,-36.8485,174.7633,IVh,t032,+,R,S,R,S,S,S,R,R,R,S,S
ERR017190,PRJEB2096,ERP000150,SAMEA734753,ERS002164,1280,Staphylococcus aureus,ftp.sra.ebi.ac.uk/vol1/run/ERR017/ERR017190/4351_2#8.srf,Staphylococcus aureus; Staphylococcus aureus,4351_2_8,09-00985,98072V,non-ST22-A,1996,Australia,Perth,-31.9522,115.8589,MSSA,t005,+,S,S,S,S,S,S,S,S,S,S,S
ERR017191,PRJEB2096,ERP000150,SAMEA734760,ERS002163,1280,Staphylococcus aureus,ftp.sra.ebi.ac.uk/vol1/run/ERR017/ERR017191/4351_2#9.srf,Staphylococcus aureus; Staphylococcus aureus,4351_2_9,08-01674,045-85502,ST22-A2,2007|09|11,Germany,Cottbus,51.7607,14.3274,IVh,t432,+,R,R,R,S,S,S,R,R,R,S,S
ERR017193,PRJEB2096,ERP000150,SAMEA734730,ERS002172,1280,Staphylococcus aureus,ftp.sra.ebi.ac.uk/vol1/run/ERR017/ERR017193/4351_3#1.srf,Staphylococcus aureus; Staphylococcus aureus,4351_3_1,08-01673,045-85842,ST22-A2,2007|09|18,Germany,Cottbus,51.7607,14.3274,IVh,t531,+,R,S,S,S,S,S,R,R,R,S,S
ERR017194,PRJEB2096,ERP000150,SAMEA734729,ERS002173,1280,Staphylococcus aureus,ftp.sra.ebi.ac.uk/vol1/run/ERR017/ERR017194/4351_3#10.srf,Staphylococcus aureus; Staphylococcus aureus,4351_3_10,08-01672,045-93458,ST22-A2,2008|04|11,Germany,Cottbus,51.7607,14.3274,IVh,t032,+,R,S,S,S,S,S,R,R,R,S,S
ERR017196,PRJEB2096,ERP000150,SAMEA734794,ERS002181,1280,Staphylococcus aureus,ftp.sra.ebi.ac.uk/vol1/run/ERR017/ERR017196/4351_3#2.srf,Staphylococcus aureus; Staphylococcus aureus,4351_3_2,08-01530,500561,ST22-A2,2008|06|19,Germany,Bad Mergentheim,49.4902,9.7732,IVh,t025,+,R,S,S,S,S,S,R,R,R,S,S
ERR017197,PRJEB2096,ERP000150,SAMEA734793,ERS002180,1280,Staphylococcus aureus,ftp.sra.ebi.ac.uk/vol1/run/ERR017/ERR017197/4351_3#3.srf,Staphylococcus aureus; Staphylococcus aureus,4351_3_3,08-01666,045-95733,ST22-A2,2008|06|10,Germany,Cottbus,51.7607,14.3274,IVh,t1214,+,R,R,R,S,S,S,R,R,R,S,S
ERR017198,PRJEB2096,ERP000150,SAMEA734723,ERS002179,1280,Staphylococcus aureus,ftp.sra.ebi.ac.uk/vol1/run/ERR017/ERR017198/4351_3#4.srf,Staphylococcus aureus; Staphylococcus aureus,4351_3_4,08-01667,045-95519,ST22-A2,2008|06|04,Germany,Cottbus,51.7607,14.3274,IVh,t1214,+,R,R,R,S,S,S,R,R,R,S,S
ERR017199,PRJEB2096,ERP000150,SAMEA734724,ERS002178,1280,Staphylococcus aureus,ftp.sra.ebi.ac.uk/vol1/run/ERR017/ERR017199/4351_3#5.srf,Staphylococcus aureus; Staphylococcus aureus,4351_3_5,08-01668,045-94805,ST22-A2,2008|05|17,Germany,Cottbus,51.7607,14.3274,IVh,t032,+,R,S,S,S,S,S,R,R,R,S,S
ERR017200,PRJEB2096,ERP000150,SAMEA734733,ERS002177,1280,Staphylococcus aureus,ftp.sra.ebi.ac.uk/vol1/run/ERR017/ERR017200/4351_3#6.srf,Staphylococcus aureus; Staphylococcus aureus,4351_3_6,08-01669,045-92481,ST22-A2,2008|03|18,Germany,Cottbus,51.7607,14.3274,IVh,t1625,+,R,S,S,S,S,S,R,R,R,S,S
ERR017201,PRJEB2096,ERP000150,SAMEA734734,ERS002176,1280,Staphylococcus aureus,ftp.sra.ebi.ac.uk/vol1/run/ERR017/ERR017201/4351_3#7.srf,Staphylococcus aureus; Staphylococcus aureus,4351_3_7,08-01670,045-94062,ST22-A2,2008|04|28,Germany,Cottbus,51.7607,14.3274,IVh,t032,+,R,R,R,S,S,S,R,R,R,S,S
ERR017202,PRJEB2096,ERP000150,SAMEA734736,ERS002175,1280,Staphylococcus aureus,ftp.sra.ebi.ac.uk/vol1/run/ERR017/ERR017202/4351_3#8.srf,Staphylococcus aureus; Staphylococcus aureus,4351_3_8,08-01671,045-90820,ST22-A2,2008|02|07,Germany,Cottbus,51.7607,14.3274,IVh,t032,+,R,S,S,S,S,S,R,R,R,S,S
ERR017203,PRJEB2096,ERP000150,SAMEA734737,ERS002174,1280,Staphylococcus aureus,ftp.sra.ebi.ac.uk/vol1/run/ERR017/ERR017203/4351_3#9.srf,Staphylococcus aureus; Staphylococcus aureus,4351_3_9,08-01492,HGSA282,non-ST22-A,2003|06,Portugal,Porto,41.15,-8.6102,MSSA,t852,+,S,S,S,S,S,S,S,S,R,S,S
ERR017205,PRJEB2096,ERP000150,SAMEA734792,ERS002183,1280,Staphylococcus aureus,ftp.sra.ebi.ac.uk/vol1/run/ERR017/ERR017205/4351_5#1.srf,Staphylococcus aureus; Staphylococcus aureus,4351_5_1,08-01491,IPOP2,ST22-A2,1997||01,Portugal,Porto,41.15,-8.6102,IVh,t032,+,R,S,R,S,S,S,R,R,R,S,S
ERR017206,PRJEB2096,ERP000150,SAMEA734797,ERS002184,1280,Staphylococcus aureus,ftp.sra.ebi.ac.uk/vol1/run/ERR017/ERR017206/4351_5#10.srf,Staphylococcus aureus; Staphylococcus aureus,4351_5_10,08-01490,R721,non-ST22-A,1997,Portugal,Oporto,41.15,-8.6102,MSSA,t790,+,S,R,R,S,S,S,S,S,R,S,S
ERR017207,PRJEB2096,ERP000150,SAMEA734773,ERS002193,1280,Staphylococcus aureus,ftp.sra.ebi.ac.uk/vol1/run/ERR017/ERR017207/4351_5#11.srf,Staphylococcus aureus; Staphylococcus aureus,4351_5_11,08-01482,HSMB7,ST22-A2,2006|06,Portugal,Braga,41.5518,-8.4229,IVh,t032,+,R,S,R,S,S,S,R,R,R,S,S
ERR017208,PRJEB2096,ERP000150,SAMEA734774,ERS002192,1280,Staphylococcus aureus,ftp.sra.ebi.ac.uk/vol1/run/ERR017/ERR017208/4351_5#2.srf,Staphylococcus aureus; Staphylococcus aureus,4351_5_2,08-01483,HSMB10,ST22-A2,2006|06,Portugal,Braga,41.5518,-8.4229,IVh,t032,+,R,S,R,S,S,S,R,R,R,S,S
ERR017209,PRJEB2096,ERP000150,SAMEA734771,ERS002191,1280,Staphylococcus aureus,ftp.sra.ebi.ac.uk/vol1/run/ERR017/ERR017209/4351_5#3.srf,Staphylococcus aureus; Staphylococcus aureus,4351_5_3,08-01484,HSMB138,ST22-A2,2006|11,Portugal,Braga,41.5518,-8.4229,IVh,t032,+,R,S,R,S,S,S,R,R,R,S,S
ERR017210,PRJEB2096,ERP000150,SAMEA734772,ERS002190,1280,Staphylococcus aureus,ftp.sra.ebi.ac.uk/vol1/run/ERR017/ERR017210/4351_5#4.srf,Staphylococcus aureus; Staphylococcus aureus,4351_5_4,08-01485,HUC357,ST22-A2,2006|06,Portugal,Coimbra,40.2115,-8.4292,IVh,t747,+,R,S,R,S,S,S,R,R,R,S,S
ERR017211,PRJEB2096,ERP000150,SAMEA734800,ERS002189,1280,Staphylococcus aureus,ftp.sra.ebi.ac.uk/vol1/run/ERR017/ERR017211/4351_5#5.srf,Staphylococcus aureus; Staphylococcus aureus,4351_5_5,08-01486,HUC377,ST22-A2,2006|06,Portugal,Coimbra,40.2115,-8.4292,IVh,t032,+,R,S,R,S,S,S,R,R,R,S,S
ERR017213,PRJEB2096,ERP000150,SAMEA734796,ERS002187,1280,Staphylococcus aureus,ftp.sra.ebi.ac.uk/vol1/run/ERR017/ERR017213/4351_5#7.srf,Staphylococcus aureus; Staphylococcus aureus,4351_5_7,08-01488,IPO483,ST22-A2,2006|09,Portugal,Lisbon,38.7071,-9.1355,IVh,t032,+,R,S,R,S,S,S,R,R,R,S,S
ERR017214,PRJEB2096,ERP000150,SAMEA734795,ERS002186,1280,Staphylococcus aureus,ftp.sra.ebi.ac.uk/vol1/run/ERR017/ERR017214/4351_5#8.srf,Staphylococcus aureus; Staphylococcus aureus,4351_5_8,08-01489,HU303,ST22-A2,2003,Hungary,Csongrád,46.7108,20.1446,IVh,t032,+,R,S,S,S,S,S,R,R,R,S,S
ERR017215,PRJEB2096,ERP000150,SAMEA734798,ERS002185,1280,Staphylococcus aureus,ftp.sra.ebi.ac.uk/vol1/run/ERR017/ERR017215/4351_5#9.srf,Staphylococcus aureus; Staphylococcus aureus,4351_5_9,08-01481-1,HPH22,ST22-A2,2006|07,Portugal,Matosinhos,41.183,-8.6798,IVh,t032,+,R,S,R,S,S,S,R,R,R,S,S
ERR017217,PRJEB2096,ERP000150,SAMEA734776,ERS002194,1280,Staphylococcus aureus,ftp.sra.ebi.ac.uk/vol1/run/ERR017/ERR017217/4351_6#1.srf,Staphylococcus aureus; Staphylococcus aureus,4351_6_1,08-01480,HDE461,ST22-A2,2006|08,Portugal,Lisbon,38.7071,-9.1355,IVh,t022,+,R,S,R,S,S,S,R,R,R,S,S
ERR017219,PRJEB2096,ERP000150,SAMEA734743,ERS002204,1280,Staphylococcus aureus,ftp.sra.ebi.ac.uk/vol1/run/ERR017/ERR017219/4351_6#11.srf,Staphylococcus aureus; Staphylococcus aureus,4351_6_11,07-03351,DK 45135,ST22-A2,2005|04|16,Denmark,Frederecia,55.5703,9.7466,"IV/V (J1 IVh, J3 V 5C2&5, ccrAB)",t022,+,R,S,S,S,S,S,R,R,R,S,S
ERR017221,PRJEB2096,ERP000150,SAMEA734741,ERS002202,1280,Staphylococcus aureus,ftp.sra.ebi.ac.uk/vol1/run/ERR017/ERR017221/4351_6#3.srf,Staphylococcus aureus; Staphylococcus aureus,4351_6_3,07-03353,DK 50110,ST22-A2,2006|01|12,Denmark,Kalundborg,55.6864,11.0892,IVh,t032,+,R,S,R,S,S,S,R,R,R,S,S
ERR017222,PRJEB2096,ERP000150,SAMEA734738,ERS002201,1280,Staphylococcus aureus,ftp.sra.ebi.ac.uk/vol1/run/ERR017/ERR017222/4351_6#4.srf,Staphylococcus aureus; Staphylococcus aureus,4351_6_4,07-03354-2,DK 51686,non-ST22-A,2006|05|17,Denmark,Hvidovre,55.6425,12.4754,IVc,t005,-,S,S,S,S,S,S,S,R,R,S,S
ERR017223,PRJEB2096,ERP000150,SAMEA734739,ERS002200,1280,Staphylococcus aureus,ftp.sra.ebi.ac.uk/vol1/run/ERR017/ERR017223/4351_6#5.srf,Staphylococcus aureus; Staphylococcus aureus,4351_6_5,07-03356,DK 56412,non-ST22-A,2007|05|24,Denmark,Copenhagen,55.6934,12.583,MSSA,t005,-,S,S,S,S,S,S,S,S,R,S,S
ERR017225,PRJEB2096,ERP000150,SAMEA734780,ERS002198,1280,Staphylococcus aureus,ftp.sra.ebi.ac.uk/vol1/run/ERR017/ERR017225/4351_6#7.srf,Staphylococcus aureus; Staphylococcus aureus,4351_6_7,08-00602,B3-123,ST22-A2,2008|02|28,Germany,Bad Wildungen,51.1197,9.1245,IVh,t025,+,R,R,R,S,S,S,R,R,R,S,S
ERR017226,PRJEB2096,ERP000150,SAMEA734777,ERS002197,1280,Staphylococcus aureus,ftp.sra.ebi.ac.uk/vol1/run/ERR017/ERR017226/4351_6#8.srf,Staphylococcus aureus; Staphylococcus aureus,4351_6_8,08-01304,AF:913756 VA 4496,ST22-A2,2008|03|27,Germany,Oldenburg,53.1367,8.2165,IVh,t025,+,R,R,R,S,S,S,R,R,R,S,S
ERR017227,PRJEB2096,ERP000150,SAMEA734778,ERS002196,1280,Staphylococcus aureus,ftp.sra.ebi.ac.uk/vol1/run/ERR017/ERR017227/4351_6#9.srf,Staphylococcus aureus; Staphylococcus aureus,4351_6_9,07-03350,DK 45002,ST22-A2,2005|04|08,Denmark,Kolding,55.496,9.4731,"IV/V (J1 IVh, J3 V 5C2&5, ccrAB)",t022,+,R,S,S,S,S,S,R,R,R,S,S
ERR017229,PRJEB2096,ERP000150,SAMEA734742,ERS002205,1280,Staphylococcus aureus,ftp.sra.ebi.ac.uk/vol1/run/ERR017/ERR017229/4351_7#1.srf,Staphylococcus aureus; Staphylococcus aureus,4351_7_1,07-03349,DK 44512,ST22-A2,2005|02|17,Denmark,Korsør,55.3258,11.1494,IVh,t032,+,R,S,R,S,S,S,R,R,R,S,S
ERR017230,PRJEB2096,ERP000150,SAMEA734745,ERS002206,1280,Staphylococcus aureus,ftp.sra.ebi.ac.uk/vol1/run/ERR017/ERR017230/4351_7#10.srf,Staphylococcus aureus; Staphylococcus aureus,4351_7_10,07-03348-1,DK 42587,ST22-A2,2004|09|01,Denmark,Vejle,55.7087,9.5347,"IV/V (J1 IVh, J3 V 5C2&5, ccrAB)",t022,+,R,S,S,S,S,S,R,R,R,S,S
ERR017231,PRJEB2096,ERP000150,SAMEA734768,ERS002215,1280,Staphylococcus aureus,ftp.sra.ebi.ac.uk/vol1/run/ERR017/ERR017231/4351_7#11.srf,Staphylococcus aureus; Staphylococcus aureus,4351_7_11,07-03168,97-111855,non-ST22-A,2007|10|25,Germany,Heidelberg,49.4019,8.6803,MSSA,t3243,-,S,S,S,S,S,S,S,S,S,S,S
ERR017232,PRJEB2096,ERP000150,SAMEA734767,ERS002214,1280,Staphylococcus aureus,ftp.sra.ebi.ac.uk/vol1/run/ERR017/ERR017232/4351_7#2.srf,Staphylococcus aureus; Staphylococcus aureus,4351_7_2,07-03339,4830,ST22-A2,2006|11|12,Czech Republic,Brno,49.191,16.6115,IVh,t032,+,R,R,R,S,S,S,R,R,R,S,S
ERR017233,PRJEB2096,ERP000150,SAMEA734762,ERS002213,1280,Staphylococcus aureus,ftp.sra.ebi.ac.uk/vol1/run/ERR017/ERR017233/4351_7#3.srf,Staphylococcus aureus; Staphylococcus aureus,4351_7_3,07-03340,151,ST22-A2,2006|12|14,Czech Republic,Nový Jičín,49.5954,18.0101,IVh,t032,+,R,S,R,S,S,S,R,R,R,S,S
ERR017234,PRJEB2096,ERP000150,SAMEA734761,ERS002212,1280,Staphylococcus aureus,ftp.sra.ebi.ac.uk/vol1/run/ERR017/ERR017234/4351_7#4.srf,Staphylococcus aureus; Staphylococcus aureus,4351_7_4,07-03341,231,ST22-A2,2007|01|19,Czech Republic,Náchod,50.4165,16.1631,IVh,t032,+,R,S,S,S,S,S,R,R,R,S,S
ERR017236,PRJEB2096,ERP000150,SAMEA734763,ERS002210,1280,Staphylococcus aureus,ftp.sra.ebi.ac.uk/vol1/run/ERR017/ERR017236/4351_7#6.srf,Staphylococcus aureus; Staphylococcus aureus,4351_7_6,07-03345,4667,ST22-A2,2005|09|19,Czech Republic,Brno,49.191,16.6115,IVh,t032,+,R,R,R,S,S,S,R,R,R,S,S
ERR017237,PRJEB2096,ERP000150,SAMEA734746,ERS002209,1280,Staphylococcus aureus,ftp.sra.ebi.ac.uk/vol1/run/ERR017/ERR017237/4351_7#7.srf,Staphylococcus aureus; Staphylococcus aureus,4351_7_7,07-03346,5271,ST22-A2,2005|10|09,Czech Republic,Nový Jičín,49.5954,18.0101,IVh,t032,+,R,S,S,S,S,S,R,R,R,S,S
ERR017238,PRJEB2096,ERP000150,SAMEA734747,ERS002208,1280,Staphylococcus aureus,ftp.sra.ebi.ac.uk/vol1/run/ERR017/ERR017238/4351_7#8.srf,Staphylococcus aureus; Staphylococcus aureus,4351_7_8,07-03347,4109,non-ST22-A,2006|09|03,Czech Republic,Brno,49.191,16.6115,MSSA,t005,-,S,S,S,S,S,S,S,S,S,S,S
ERR017239,PRJEB2096,ERP000150,SAMEA734744,ERS002207,1280,Staphylococcus aureus,ftp.sra.ebi.ac.uk/vol1/run/ERR017/ERR017239/4351_7#9.srf,Staphylococcus aureus; Staphylococcus aureus,4351_7_9,07-03135,7H11 7003,non-ST22-A,2007|10|08,Germany,Hannover,52.3721,9.7357,MSSA,t005,-,S,S,S,S,S,S,S,S,R,S,S
ERR017241,PRJEB2096,ERP000150,SAMEA734765,ERS002216,1280,Staphylococcus aureus,ftp.sra.ebi.ac.uk/vol1/run/ERR017/ERR017241/4351_8#1.srf,Staphylococcus aureus; Staphylococcus aureus,4351_8_1,07-02997,SJG 35,ST22-A2,2006|07|10,Australia,Perth,-31.9522,115.8589,IVh,t3212,unknown,R,S,R,S,S,S,R,R,R,S,S
ERR017242,PRJEB2096,ERP000150,SAMEA734766,ERS002217,1280,Staphylococcus aureus,ftp.sra.ebi.ac.uk/vol1/run/ERR017/ERR017242/4351_8#10.srf,Staphylococcus aureus; Staphylococcus aureus,4351_8_10,07-02996,MMC 27,ST22-A2,2006|07|12,Australia,Melbourne,-37.8132,144.963,IVh,t3211,unknown,R,S,R,S,S,S,R,R,R,S,S
ERR017243,PRJEB2096,ERP000150,SAMEA734782,ERS002226,1280,Staphylococcus aureus,ftp.sra.ebi.ac.uk/vol1/run/ERR017/ERR017243/4351_8#11.srf,Staphylococcus aureus; Staphylococcus aureus,4351_8_11,07-02988,PC 7,ST22-A2,2006|07|05,Australia,Perth,-31.9522,115.8589,IVh,t032,unknown,R,S,S,S,S,S,R,R,R,S,S
ERR017244,PRJEB2096,ERP000150,SAMEA734783,ERS002225,1280,Staphylococcus aureus,ftp.sra.ebi.ac.uk/vol1/run/ERR017/ERR017244/4351_8#2.srf,Staphylococcus aureus; Staphylococcus aureus,4351_8_2,07-02989,PAH 32,ST22-A2,2006|07|21,Australia,Brisbane,-27.4709,153.0235,IVh,t032,unknown,R,S,R,S,S,S,R,R,R,S,S
ERR017245,PRJEB2096,ERP000150,SAMEA734784,ERS002224,1280,Staphylococcus aureus,ftp.sra.ebi.ac.uk/vol1/run/ERR017/ERR017245/4351_8#3.srf,Staphylococcus aureus; Staphylococcus aureus,4351_8_3,07-02990,SNP 30,ST22-A2,2006|11|06,Australia,Brisbane,-27.4709,153.0235,IVh,t032,unknown,R,S,S,S,S,S,R,R,R,S,S
ERR017247,PRJEB2096,ERP000150,SAMEA734786,ERS002222,1280,Staphylococcus aureus,ftp.sra.ebi.ac.uk/vol1/run/ERR017/ERR017247/4351_8#5.srf,Staphylococcus aureus; Staphylococcus aureus,4351_8_5,07-02992,NH 19,ST22-A2,2006|07|21,Australia,Sydney,-33.86,151.2111,IVh,t032,unknown,R,S,S,S,S,S,R,R,R,S,S
ERR017249,PRJEB2096,ERP000150,SAMEA734788,ERS002220,1280,Staphylococcus aureus,ftp.sra.ebi.ac.uk/vol1/run/ERR017/ERR017249/4351_8#7.srf,Staphylococcus aureus; Staphylococcus aureus,4351_8_7,07-02994,WH 30,ST22-A2,2006|07|20,Australia,Sydney,-33.86,151.2111,IVh,t032,unknown,R,S,S,S,S,S,R,R,R,S,S
ERR017250,PRJEB2096,ERP000150,SAMEA734770,ERS002219,1280,Staphylococcus aureus,ftp.sra.ebi.ac.uk/vol1/run/ERR017/ERR017250/4351_8#8.srf,Staphylococcus aureus; Staphylococcus aureus,4351_8_8,07-02995,AUH 93,ST22-A2,2006|09|02,Australia,Melbourne,-37.8132,144.963,IVh,t032,unknown,R,S,R,S,S,S,R,R,R,S,S
ERR017251,PRJEB2096,ERP000150,SAMEA734769,ERS002218,1280,Staphylococcus aureus,ftp.sra.ebi.ac.uk/vol1/run/ERR017/ERR017251/4351_8#9.srf,Staphylococcus aureus; Staphylococcus aureus,4351_8_9,07-02987,RPH 30,ST22-A2,2006|07|27,Australia,Perth,-31.9522,115.8589,IVh,t1963,unknown,R,S,R,S,S,S,R,R,R,S,S
ERR017253,PRJEB2096,ERP000150,SAMEA734781,ERS002227,1280,Staphylococcus aureus,ftp.sra.ebi.ac.uk/vol1/run/ERR017/ERR017253/4395_5#1.srf,Staphylococcus aureus; Staphylococcus aureus,4395_5_1,07-02986,CRGH 13,ST22-A2,2006|09|08,Australia,Sydney,-33.86,151.2111,IVh,t032,unknown,R,S,R,S,S,S,R,R,R,S,S
ERR017254,PRJEB2096,ERP000150,SAMEA734790,ERS002228,1280,Staphylococcus aureus,ftp.sra.ebi.ac.uk/vol1/run/ERR017/ERR017254/4395_5#10.srf,Staphylococcus aureus; Staphylococcus aureus,4395_5_10,07-02901,AB 7425-343,non-ST22-A,2007|10|19,Germany,Augsburg,48.3655,10.8948,"VI (not ccrB4 and ccrA4, but ccrB2 and ccrA2)",t310,-,S,S,S,R,S,S,S,R,R,S,S
ERR017255,PRJEB2096,ERP000150,SAMEA734693,ERS002237,1280,Staphylococcus aureus,ftp.sra.ebi.ac.uk/vol1/run/ERR017/ERR017255/4395_5#11.srf,Staphylococcus aureus; Staphylococcus aureus,4395_5_11,07-01497,2451456,ST22-A2,2007|05|23,Germany,Göttingen,51.5326,9.9284,IVh,t032,+,R,R,R,S,S,S,R,R,R,S,S
ERR017256,PRJEB2096,ERP000150,SAMEA734692,ERS002236,1280,Staphylococcus aureus,ftp.sra.ebi.ac.uk/vol1/run/ERR017/ERR017256/4395_5#2.srf,Staphylococcus aureus; Staphylococcus aureus,4395_5_2,07-01744,28 IDA,ST22-A2,2002,Nigeria,Ibadan,7.3964,3.9167,IVh,t432,unknown,R,S,R,S,S,S,R,R,R,S,R
ERR017257,PRJEB2096,ERP000150,SAMEA734691,ERS002235,1280,Staphylococcus aureus,ftp.sra.ebi.ac.uk/vol1/run/ERR017/ERR017257/4395_5#3.srf,Staphylococcus aureus; Staphylococcus aureus,4395_5_3,07-01932,TP6,non-ST22-A,2007|12|07,Sudan,Khartum,15.5501,32.5322,MSSA,t223,unknown,S,S,S,S,S,S,S,S,R,S,R
ERR017258,PRJEB2096,ERP000150,SAMEA734690,ERS002234,1280,Staphylococcus aureus,ftp.sra.ebi.ac.uk/vol1/run/ERR017/ERR017258/4395_5#4.srf,Staphylococcus aureus; Staphylococcus aureus,4395_5_4,07-02088,GB HC11 0425,ST22-A2,2007|07|11,Germany,Heiligenstadt,46.6352,14.8649,IVh,t025,+,R,R,R,S,S,S,R,R,R,S,S
ERR017259,PRJEB2096,ERP000150,SAMEA734689,ERS002233,1280,Staphylococcus aureus,ftp.sra.ebi.ac.uk/vol1/run/ERR017/ERR017259/4395_5#5.srf,Staphylococcus aureus; Staphylococcus aureus,4395_5_5,07-02159,2007-06744,non-ST22-A,2007|07|21,Germany,München,48.1391,11.5802,IVc (Tn4001),t005,unknown,S,S,R,S,R,S,S,R,R,R,S
ERR017260,PRJEB2096,ERP000150,SAMEA734688,ERS002232,1280,Staphylococcus aureus,ftp.sra.ebi.ac.uk/vol1/run/ERR017/ERR017260/4395_5#6.srf,Staphylococcus aureus; Staphylococcus aureus,4395_5_6,07-02389,734580121,non-ST22-A,2007|08|23,Germany,Mönchengladbach,51.1913,6.4421,MSSA,t005,+,S,S,S,S,S,S,S,S,S,S,S
ERR017261,PRJEB2096,ERP000150,SAMEA734687,ERS002231,1280,Staphylococcus aureus,ftp.sra.ebi.ac.uk/vol1/run/ERR017/ERR017261/4395_5#7.srf,Staphylococcus aureus; Staphylococcus aureus,4395_5_7,07-02477,MR 7710,ST22-A2,2007|08|18,Germany,Berlin,52.5234,13.4114,IVh,t032,+,R,R,R,S,S,R,R,R,R,S,S
ERR017262,PRJEB2096,ERP000150,SAMEA734686,ERS002230,1280,Staphylococcus aureus,ftp.sra.ebi.ac.uk/vol1/run/ERR017/ERR017262/4395_5#8.srf,Staphylococcus aureus; Staphylococcus aureus,4395_5_8,07-02789,239990,ST22-A2,2007|09|22,Germany,Göttingen,51.5326,9.9284,IVh,t025,+,R,R,R,S,S,S,R,R,R,S,S
ERR017263,PRJEB2096,ERP000150,SAMEA734789,ERS002229,1280,Staphylococcus aureus,ftp.sra.ebi.ac.uk/vol1/run/ERR017/ERR017263/4395_5#9.srf,Staphylococcus aureus; Staphylococcus aureus,4395_5_9,07-01492,AB 7213-311,non-ST22-A,2007|05|23,Germany,Augsburg,48.3655,10.8948,"VI (not ccrB4 and ccrA4, but ccrB2 and ccrA2)",t310,unknown,S,S,S,R,S,S,S,R,R,S,S
ERR017265,PRJEB2096,ERP000150,SAMEA734683,ERS002238,1280,Staphylococcus aureus,ftp.sra.ebi.ac.uk/vol1/run/ERR017/ERR017265/4395_6#1.srf,Staphylococcus aureus; Staphylococcus aureus,4395_6_1,07-01319,88 716B 29-1,ST22-A2,2007|04|16,Germany,Lübeck,53.8696,10.6876,IVh,t025,+,R,R,R,S,S,S,R,R,R,S,S
ERR017266,PRJEB2096,ERP000150,SAMEA734684,ERS002239,1280,Staphylococcus aureus,ftp.sra.ebi.ac.uk/vol1/run/ERR017/ERR017266/4395_6#10.srf,Staphylococcus aureus; Staphylococcus aureus,4395_6_10,07-00655,88 708B 307,ST22-A2,2007|02|19,Germany,Bad Malente,54.1669,10.5516,IVh,t025,+,R,R,R,S,S,S,R,R,R,S,S
ERR017267,PRJEB2096,ERP000150,SAMEA734696,ERS002248,1280,Staphylococcus aureus,ftp.sra.ebi.ac.uk/vol1/run/ERR017/ERR017267/4395_6#11.srf,Staphylococcus aureus; Staphylococcus aureus,4395_6_11,07-00058,31384,ST22-A2,2006|12|18,Germany,Zittau,50.8987,14.8093,IVh,t032,+,R,R,R,S,S,S,R,R,R,S,S
ERR017268,PRJEB2096,ERP000150,SAMEA734699,ERS002247,1280,Staphylococcus aureus,ftp.sra.ebi.ac.uk/vol1/run/ERR017/ERR017268/4395_6#2.srf,Staphylococcus aureus; Staphylococcus aureus,4395_6_2,07-00059,31379,ST22-A2,2006|12|18,Germany,Zittau,50.8987,14.8093,IVh,t032,+,R,R,R,S,S,S,R,R,R,S,S
ERR017269,PRJEB2096,ERP000150,SAMEA734700,ERS002246,1280,Staphylococcus aureus,ftp.sra.ebi.ac.uk/vol1/run/ERR017/ERR017269/4395_6#3.srf,Staphylococcus aureus; Staphylococcus aureus,4395_6_3,07-00060,31383,ST22-A2,2006|12|18,Germany,Zittau,50.8987,14.8093,IVh,t032,+,R,R,R,S,S,S,R,R,R,S,S
ERR017270,PRJEB2096,ERP000150,SAMEA734697,ERS002245,1280,Staphylococcus aureus,ftp.sra.ebi.ac.uk/vol1/run/ERR017/ERR017270/4395_6#4.srf,Staphylococcus aureus; Staphylococcus aureus,4395_6_4,07-00061,30967,ST22-A2,2006|12|11,Germany,Zittau,50.8987,14.8093,IVh,t032,+,R,R,R,S,S,S,R,R,R,S,S
ERR017271,PRJEB2096,ERP000150,SAMEA734698,ERS002244,1280,Staphylococcus aureus,ftp.sra.ebi.ac.uk/vol1/run/ERR017/ERR017271/4395_6#5.srf,Staphylococcus aureus; Staphylococcus aureus,4395_6_5,07-00062,14108,ST22-A2,2006|12|16,Germany,Zittau,50.8987,14.8093,IVh,t032,+,R,R,R,S,S,S,R,R,R,S,S
ERR017272,PRJEB2096,ERP000150,SAMEA734703,ERS002243,1280,Staphylococcus aureus,ftp.sra.ebi.ac.uk/vol1/run/ERR017/ERR017272/4395_6#6.srf,Staphylococcus aureus; Staphylococcus aureus,4395_6_6,07-00063,31177,ST22-A2,2006|12|14,Germany,Zittau,50.8987,14.8093,IVh,t032,+,R,R,R,S,S,S,R,R,R,S,S
ERR017273,PRJEB2096,ERP000150,SAMEA734704,ERS002242,1280,Staphylococcus aureus,ftp.sra.ebi.ac.uk/vol1/run/ERR017/ERR017273/4395_6#7.srf,Staphylococcus aureus; Staphylococcus aureus,4395_6_7,07-00064,14037,ST22-A2,2006|12|12,Germany,Zittau,50.8987,14.8093,IVh,t032,+,R,R,R,S,S,S,R,R,R,S,S
ERR017274,PRJEB2096,ERP000150,SAMEA734701,ERS002241,1280,Staphylococcus aureus,ftp.sra.ebi.ac.uk/vol1/run/ERR017/ERR017274/4395_6#8.srf,Staphylococcus aureus; Staphylococcus aureus,4395_6_8,07-00309,88 703B 456-2,ST22-A2,2007|01|16,Germany,Lübeck,53.8696,10.6876,IVh,t032,+,R,R,R,S,S,S,R,R,R,S,S
ERR017275,PRJEB2096,ERP000150,SAMEA734702,ERS002240,1280,Staphylococcus aureus,ftp.sra.ebi.ac.uk/vol1/run/ERR017/ERR017275/4395_6#9.srf,Staphylococcus aureus; Staphylococcus aureus,4395_6_9,06-02751,88-644B 73-2,ST22-A2,2006|10|30,Germany,Eutin,54.1377,10.6159,IVh,t025,+,R,R,R,S,S,S,R,R,R,S,S
ERR017277,PRJEB2096,ERP000150,SAMEA734695,ERS002249,1280,Staphylococcus aureus,ftp.sra.ebi.ac.uk/vol1/run/ERR017/ERR017277/4395_7#1.srf,Staphylococcus aureus; Staphylococcus aureus,4395_7_1,06-02459,88 642B 914,ST22-A2,2006|10|19,Germany,Eutin,54.1377,10.6159,IVh,t025,+,R,R,R,S,S,S,R,R,R,S,S
ERR017278,PRJEB2096,ERP000150,SAMEA734719,ERS002251,1280,Staphylococcus aureus,ftp.sra.ebi.ac.uk/vol1/run/ERR017/ERR017278/4395_7#10.srf,Staphylococcus aureus; Staphylococcus aureus,4395_7_10,06-00896,AB 6144-129,non-ST22-A,2006|04|10,Germany,Augsburg,48.3655,10.8948,"VI (not ccrB4 and ccrA4, but ccrB2 and ccrA2)",t310,-,R,S,S,R,S,S,S,R,R,S,S
ERR017279,PRJEB2096,ERP000150,SAMEA734718,ERS002250,1280,Staphylococcus aureus,ftp.sra.ebi.ac.uk/vol1/run/ERR017/ERR017279/4395_7#11.srf,Staphylococcus aureus; Staphylococcus aureus,4395_7_11,06-02400,-,ST22-A2,2006|10|18,Germany,Wangen,47.6856,9.8324,IVh,t1214,+,R,S,R,S,S,S,R,R,R,S,S
ERR017280,PRJEB2096,ERP000150,SAMEA734694,ERS002260,1280,Staphylococcus aureus,ftp.sra.ebi.ac.uk/vol1/run/ERR017/ERR017280/4395_7#12.srf,Staphylococcus aureus; Staphylococcus aureus,4395_7_12,06-01203,99-621B 32,non-ST22-A,2006|05|22,Germany,Geesthacht,53.4303,10.3741,V (5C2&5),t307,-,R,S,S,R,S,S,R,R,R,S,S
ERR017281,PRJEB2096,ERP000150,SAMEA734708,ERS002259,1280,Staphylococcus aureus,ftp.sra.ebi.ac.uk/vol1/run/ERR017/ERR017281/4395_7#2.srf,Staphylococcus aureus; Staphylococcus aureus,4395_7_2,06-01347,2451720,non-ST22-A,2006|06|18,Germany,Göttingen,51.5326,9.9284,MSSA,t712,+,S,S,S,S,S,S,S,S,R,S,S
ERR017282,PRJEB2096,ERP000150,SAMEA734706,ERS002258,1280,Staphylococcus aureus,ftp.sra.ebi.ac.uk/vol1/run/ERR017/ERR017282/4395_7#3.srf,Staphylococcus aureus; Staphylococcus aureus,4395_7_3,06-01396,2451771,ST22-A2,2006|06|21,Germany,Göttingen,51.5326,9.9284,MSSA,t1021,unknown,R,S,S,S,S,S,R,S,R,S,S
ERR017283,PRJEB2096,ERP000150,SAMEA734713,ERS002257,1280,Staphylococcus aureus,ftp.sra.ebi.ac.uk/vol1/run/ERR017/ERR017283/4395_7#4.srf,Staphylococcus aureus; Staphylococcus aureus,4395_7_4,06-01552,406-89,ST22-A2,2006|07|20,Germany,Bad Wildungen,51.1197,9.1245,IVh,t032,+,R,R,R,S,S,S,R,R,R,S,S
ERR017284,PRJEB2096,ERP000150,SAMEA734711,ERS002256,1280,Staphylococcus aureus,ftp.sra.ebi.ac.uk/vol1/run/ERR017/ERR017284/4395_7#5.srf,Staphylococcus aureus; Staphylococcus aureus,4395_7_5,06-01583,99629B-8465,ST22-A2,2006|07|20,Germany,Geesthacht,53.4303,10.3741,IVh,t1612,-,R,R,R,R,S,S,R,R,R,S,S
ERR017285,PRJEB2096,ERP000150,SAMEA734715,ERS002255,1280,Staphylococcus aureus,ftp.sra.ebi.ac.uk/vol1/run/ERR017/ERR017285/4395_7#6.srf,Staphylococcus aureus; Staphylococcus aureus,4395_7_6,06-01650,VA 310918,ST22-A2,2006|07|22,Germany,Leipzig,51.3397,12.3714,IVh,t022,+,R,R,R,S,S,S,R,R,R,S,S
ERR017286,PRJEB2096,ERP000150,SAMEA734714,ERS002254,1280,Staphylococcus aureus,ftp.sra.ebi.ac.uk/vol1/run/ERR017/ERR017286/4395_7#7.srf,Staphylococcus aureus; Staphylococcus aureus,4395_7_7,06-01686,54242,non-ST22-A,2006|08|17,Germany,München,48.1391,11.5802,V (5C2),t476,+,R,S,S,S,S,S,R,R,R,S,S
ERR017287,PRJEB2096,ERP000150,SAMEA734717,ERS002253,1280,Staphylococcus aureus,ftp.sra.ebi.ac.uk/vol1/run/ERR017/ERR017287/4395_7#8.srf,Staphylococcus aureus; Staphylococcus aureus,4395_7_8,06-01900,88 636B 377-1,ST22-A2,2006|09|05,Germany,Eutin,54.1377,10.6159,IVh,t032,+,R,R,R,S,S,S,R,R,R,S,S
ERR017288,PRJEB2096,ERP000150,SAMEA734716,ERS002252,1280,Staphylococcus aureus,ftp.sra.ebi.ac.uk/vol1/run/ERR017/ERR017288/4395_7#9.srf,Staphylococcus aureus; Staphylococcus aureus,4395_7_9,05-01089,B02-002537/GH,non-ST22-A,2002|01|11,Germany,München,48.1391,11.5802,"VI (not ccrB4 and ccrA4, but ccrB2 and ccrA2)",t310,-,S,S,S,R,S,S,S,R,R,S,S
ERR017290,PRJEB2096,ERP000150,SAMEA734720,ERS002261,1280,Staphylococcus aureus,ftp.sra.ebi.ac.uk/vol1/run/ERR017/ERR017290/4395_8#1.srf,Staphylococcus aureus; Staphylococcus aureus,4395_8_1,04-03111,4566,ST22-A2,2004|06|28,Germany,Wernigerode,51.8381,10.7904,IVh,t032,-,R,R,R,S,S,S,R,R,R,S,S
ERR017291,PRJEB2096,ERP000150,SAMEA734721,ERS002263,1280,Staphylococcus aureus,ftp.sra.ebi.ac.uk/vol1/run/ERR017/ERR017291/4395_8#10.srf,Staphylococcus aureus; Staphylococcus aureus,4395_8_10,09-00683,187,non-ST22-A,2009|02,Namibia,Windhoek,-22.5589,17.0824,MSSA,t005,unknown,S,S,S,S,R,S,S,S,R,S,S
ERR017292,PRJEB2096,ERP000150,SAMEA734722,ERS002262,1280,Staphylococcus aureus,ftp.sra.ebi.ac.uk/vol1/run/ERR017/ERR017292/4395_8#11.srf,Staphylococcus aureus; Staphylococcus aureus,4395_8_11,04-03103,3745,ST22-A2,2004|10|19,Germany,Wernigerode,51.8381,10.7904,IVh,t032,-,R,R,R,S,S,S,R,R,R,S,S
ERR017293,PRJEB2096,ERP000150,SAMEA734752,ERS002272,1280,Staphylococcus aureus,ftp.sra.ebi.ac.uk/vol1/run/ERR017/ERR017293/4395_8#12.srf,Staphylococcus aureus; Staphylococcus aureus,4395_8_12,03-00220,VA 448/03,non-ST22-A,2003|01|21,Germany,Leipzig,51.3397,12.3714,MSSA,t005,+,S,R,R,S,S,S,S,S,R,S,S
ERR017294,PRJEB2096,ERP000150,SAMEA734685,ERS002271,1280,Staphylococcus aureus,ftp.sra.ebi.ac.uk/vol1/run/ERR017/ERR017294/4395_8#2.srf,Staphylococcus aureus; Staphylococcus aureus,4395_8_2,03-00397,231716,ST22-A2,2003|02|10,Germany,Göttingen,51.5326,9.9284,IVh,t032,+,R,R,R,S,S,S,R,R,R,S,S
ERR017295,PRJEB2096,ERP000150,SAMEA734682,ERS002270,1280,Staphylococcus aureus,ftp.sra.ebi.ac.uk/vol1/run/ERR017/ERR017295/4395_8#3.srf,Staphylococcus aureus; Staphylococcus aureus,4395_8_3,03-01478,237502,ST22-A2,2003|07|10,Germany,Göttingen,51.5326,9.9284,IVh,t032,+,R,R,R,S,S,S,R,R,R,S,S
ERR017296,PRJEB2096,ERP000150,SAMEA734731,ERS002269,1280,Staphylococcus aureus,ftp.sra.ebi.ac.uk/vol1/run/ERR017/ERR017296/4395_8#4.srf,Staphylococcus aureus; Staphylococcus aureus,4395_8_4,04-00608,04-02-13-0184,non-ST22-A,2004|02|26,Germany,Regensburg,49.0165,12.1009,"VI (not ccrB4 and ccrA4, but ccrB2 and ccrA2)",t310,-,S,S,S,R,S,S,S,R,R,S,S
ERR017297,PRJEB2096,ERP000150,SAMEA734749,ERS002268,1280,Staphylococcus aureus,ftp.sra.ebi.ac.uk/vol1/run/ERR017/ERR017297/4395_8#5.srf,Staphylococcus aureus; Staphylococcus aureus,4395_8_5,04-00609,04-02-09-0043,non-ST22-A,2004|02|26,Germany,Regensburg,49.0165,12.1009,"VI (not ccrB4 and ccrA4, but ccrB2 and ccrA2)",t309,-,S,S,S,R,S,S,S,R,R,S,S
ERR017298,PRJEB2096,ERP000150,SAMEA734725,ERS002267,1280,Staphylococcus aureus,ftp.sra.ebi.ac.uk/vol1/run/ERR017/ERR017298/4395_8#6.srf,Staphylococcus aureus; Staphylococcus aureus; Staphylococcus aureus,4395_8_6,04-02314-1,03.8951.G,non-ST22-A,2004,UK,Glasgow,55.8656,-4.2572,"IV(J1-novel, J3-dcs, VI like)",t849,-,S,S,S,R,S,S,S,R,R,S,S
ERR017299,PRJEB2096,ERP000150,SAMEA734726,ERS002266,1280,Staphylococcus aureus,ftp.sra.ebi.ac.uk/vol1/run/ERR017/ERR017299/4395_8#7.srf,Staphylococcus aureus; Staphylococcus aureus; Staphylococcus aureus,4395_8_7,04-02315-1,02.1071.K,non-ST22-A,2004,UK,Glasgow,55.8656,-4.2572,IVa,t005,-,S,S,S,S,S,S,S,R,R,S,S
ERR017300,PRJEB2096,ERP000150,SAMEA734727,ERS002265,1280,Staphylococcus aureus,ftp.sra.ebi.ac.uk/vol1/run/ERR017/ERR017300/4395_8#8.srf,Staphylococcus aureus; Staphylococcus aureus,4395_8_8,04-03100,A 341/3,ST22-A2,2003|02|11,Germany,Wernigerode,51.8381,10.7904,IVh,t032,-,R,R,R,S,S,S,R,R,R,S,S
ERR017301,PRJEB2096,ERP000150,SAMEA734728,ERS002264,1280,Staphylococcus aureus,ftp.sra.ebi.ac.uk/vol1/run/ERR017/ERR017301/4395_8#9.srf,Staphylococcus aureus; Staphylococcus aureus,4395_8_9,09-00678,109,non-ST22-A,2009|02,Namibia,Windhoek,-22.5589,17.0824,MSSA,t891,unknown,S,S,S,S,R,S,S,S,R,S,S
ERR044560,PRJEB2510,ERP000633,SAMEA1030144,ERS034625,1280,Staphylococcus aureus,ftp.sra.ebi.ac.uk/vol1/run/ERR044/ERR044560/6401_6#1.bam,Staphylococcus aureus; Staphylococcus aureus,6401_6_1,ARI31,RH10000174,ST22-A2,2007|07|04,UK,"Aberdeen, Scotland",57.1549781,-2.1361221,IVh,t032,+,R,S,S,S,S,S,R,R,R,S,S
ERR044561,PRJEB2510,ERP000633,SAMEA1030160,ERS034626,1280,Staphylococcus aureus,ftp.sra.ebi.ac.uk/vol1/run/ERR044/ERR044561/6401_6#2.bam,Staphylococcus aureus; Staphylococcus aureus,6401_6_2,ARI7,RH10000175,ST22-A2,2007|05|01,UK,"Aberdeen, Scotland",57.1549781,-2.1361221,IVh,t032,+,R,S,R,S,S,S,R,R,R,S,S
ERR044562,PRJEB2510,ERP000633,SAMEA1030177,ERS034627,1280,Staphylococcus aureus,ftp.sra.ebi.ac.uk/vol1/run/ERR044/ERR044562/6401_6#3.bam,Staphylococcus aureus; Staphylococcus aureus,6401_6_3,T277 06,RH10000186,ST22-A2,2008|01|29,UK,"London, England",51.5254438,-0.1336588,IVh,t022,+,R,S,S,S,S,S,R,R,R,S,S
ERR044563,PRJEB2510,ERP000633,SAMEA1030187,ERS034628,1280,Staphylococcus aureus,ftp.sra.ebi.ac.uk/vol1/run/ERR044/ERR044563/6401_6#4.bam,Staphylococcus aureus; Staphylococcus aureus,6401_6_4,H431 62,RH10000187,ST22-A2,2008|01|20,UK,"London, England",51.5254438,-0.1336588,"IV/V (J1 IVh, J3 V 5C2&5, ccrAB)",t032,+,R,S,R,S,S,S,R,R,R,S,S
ERR044564,PRJEB2510,ERP000633,SAMEA1030181,ERS034629,1280,Staphylococcus aureus,ftp.sra.ebi.ac.uk/vol1/run/ERR044/ERR044564/6401_6#5.bam,Staphylococcus aureus; Staphylococcus aureus,6401_6_5,W449 36,RH10000188,ST22-A2,2008|01|16,UK,"London, England",51.5254438,-0.1336588,IVh,t022,+,R,S,R,S,S,S,R,R,R,S,S
ERR044565,PRJEB2510,ERP000633,SAMEA1030330,ERS034630,1280,Staphylococcus aureus,ftp.sra.ebi.ac.uk/vol1/run/ERR044/ERR044565/6401_6#6.bam,Staphylococcus aureus; Staphylococcus aureus,6401_6_6,M810 08,RH10000189,ST22-A2,2007|09|02,UK,"London, England",51.5254438,-0.1336588,"IV/V (J1 IVh, J3 V 5C2&5, ccrAB)",t032,+,R,S,R,S,S,S,R,R,R,S,S
ERR044566,PRJEB2510,ERP000633,SAMEA1030313,ERS034631,1280,Staphylococcus aureus,ftp.sra.ebi.ac.uk/vol1/run/ERR044/ERR044566/6401_6#7.bam,Staphylococcus aureus; Staphylococcus aureus,6401_6_7,T505 30,RH10000190,ST22-A2,2007|08|13,UK,"London, England",51.5254438,-0.1336588,IVh,t022,+,R,S,S,S,S,S,R,R,R,S,S
ERR044567,PRJEB2510,ERP000633,SAMEA1030259,ERS034632,1280,Staphylococcus aureus,ftp.sra.ebi.ac.uk/vol1/run/ERR044/ERR044567/6401_6#8.bam,Staphylococcus aureus; Staphylococcus aureus,6401_6_8,H914 91,RH10000191,ST22-A2,2007|09|27,UK,"London, England",51.5254438,-0.1336588,V (5C2&5),t032,+,R,S,S,S,R,S,R,R,R,S,S
ERR044568,PRJEB2510,ERP000633,SAMEA1030250,ERS034633,1280,Staphylococcus aureus,ftp.sra.ebi.ac.uk/vol1/run/ERR044/ERR044568/6401_6#9.bam,Staphylococcus aureus; Staphylococcus aureus,6401_6_9,F869 96,RH10000192,ST22-A2,2007|09|21,UK,"London, England",51.5254438,-0.1336588,IVh,t294,+,R,S,R,S,S,S,R,R,R,S,S
ERR044569,PRJEB2510,ERP000633,SAMEA1030252,ERS034634,1280,Staphylococcus aureus,ftp.sra.ebi.ac.uk/vol1/run/ERR044/ERR044569/6401_6#10.bam,Staphylococcus aureus; Staphylococcus aureus,6401_6_10,M665 56,RH10000193,ST22-A2,2007|07|23,UK,"London, England",51.5254438,-0.1336588,IVh,t032,+,R,S,R,S,S,S,R,R,R,S,S
ERR044570,PRJEB2510,ERP000633,SAMEA1030288,ERS034635,1280,Staphylococcus aureus,ftp.sra.ebi.ac.uk/vol1/run/ERR044/ERR044570/6401_6#11.bam,Staphylococcus aureus; Staphylococcus aureus,6401_6_11,F902 02,RH10000194,ST22-A2,2007|09|28,UK,"London, England",51.5254438,-0.1336588,"IV/V (J1 IVh, J3 V 5C2&5, ccrAB)",t032,+,R,S,S,S,S,S,R,R,R,S,S
ERR044571,PRJEB2510,ERP000633,SAMEA1030276,ERS034636,1280,Staphylococcus aureus,ftp.sra.ebi.ac.uk/vol1/run/ERR044/ERR044571/6401_6#12.bam,Staphylococcus aureus; Staphylococcus aureus,6401_6_12,F827 28,RH10000195,ST22-A2,2007|09|13,UK,"London, England",51.5254438,-0.1336588,"IVh (J1h, J3 novel, M299-like)",t1258,+,R,S,S,S,S,S,R,R,R,S,S
ERR044572,PRJEB2510,ERP000633,SAMEA1030227,ERS034637,1280,Staphylococcus aureus,ftp.sra.ebi.ac.uk/vol1/run/ERR044/ERR044572/6401_6#13.bam,Staphylococcus aureus; Staphylococcus aureus,6401_6_13,729192,RH10000206,ST22-A2,2007|04|07,UK,"London, England",51.4978665,-0.1188407,IVh,t032,+,R,S,R,S,S,S,R,R,R,S,S
ERR044573,PRJEB2510,ERP000633,SAMEA1030245,ERS034638,1280,Staphylococcus aureus,ftp.sra.ebi.ac.uk/vol1/run/ERR044/ERR044573/6401_6#14.bam,Staphylococcus aureus; Staphylococcus aureus,6401_6_14,712181,RH10000207,ST22-A2,2007|09|19,UK,"London, England",51.4978665,-0.1188407,IVh,t7706,+,R,S,R,S,S,S,R,R,R,S,S
ERR044574,PRJEB2510,ERP000633,SAMEA1030204,ERS034639,1280,Staphylococcus aureus,ftp.sra.ebi.ac.uk/vol1/run/ERR044/ERR044574/6401_6#15.bam,Staphylococcus aureus; Staphylococcus aureus,6401_6_15,370.07,RH10000208,ST22-A2,2007|04|01,UK,"London, England",51.4978665,-0.1188407,IVh,t032,+,R,S,S,R,S,S,R,R,R,S,S
ERR044575,PRJEB2510,ERP000633,SAMEA1030179,ERS034640,1280,Staphylococcus aureus,ftp.sra.ebi.ac.uk/vol1/run/ERR044/ERR044575/6401_6#16.bam,Staphylococcus aureus; Staphylococcus aureus,6401_6_16,434.07,RH10000209,ST22-A2,2007|05|23,UK,"London, England",51.4978665,-0.1188407,IVh,t032,+,R,S,R,S,R,S,R,R,R,S,S
ERR044576,PRJEB2510,ERP000633,SAMEA1030176,ERS034641,1280,Staphylococcus aureus,ftp.sra.ebi.ac.uk/vol1/run/ERR044/ERR044576/6401_6#17.bam,Staphylococcus aureus; Staphylococcus aureus,6401_6_17,921.07,RH10000215,ST22-A2,2007|09|03,UK,"London, England",51.4978665,-0.1188407,IVh,t032,+,R,S,R,S,R,S,R,R,R,S,S
ERR044577,PRJEB2510,ERP000633,SAMEA1030162,ERS034642,1280,Staphylococcus aureus,ftp.sra.ebi.ac.uk/vol1/run/ERR044/ERR044577/6401_6#18.bam,Staphylococcus aureus; Staphylococcus aureus,6401_6_18,723.07,RH10000211,ST22-A2,2007|07|11,UK,"London, England",51.4978665,-0.1188407,MSSA,t032,+,R,S,R,S,S,S,R,S,R,S,S
ERR044578,PRJEB2510,ERP000633,SAMEA1030146,ERS034643,1280,Staphylococcus aureus,ftp.sra.ebi.ac.uk/vol1/run/ERR044/ERR044578/6401_6#19.bam,Staphylococcus aureus; Staphylococcus aureus,6401_6_19,1018.07,RH10000212,ST22-A2,2007|10|03,UK,"London, England",51.4978665,-0.1188407,IVh,t032,+,R,S,R,S,R,S,R,R,R,S,S
ERR044579,PRJEB2510,ERP000633,SAMEA1030331,ERS034644,1280,Staphylococcus aureus,ftp.sra.ebi.ac.uk/vol1/run/ERR044/ERR044579/6401_6#20.bam,Staphylococcus aureus; Staphylococcus aureus,6401_6_20,1091.00,RH10000213,ST22-A2,2008|08|20,UK,"London, England",51.4978665,-0.1188407,IVh,t032,+,R,S,S,R,S,S,R,R,R,S,S
ERR044580,PRJEB2510,ERP000633,SAMEA1030334,ERS034645,1280,Staphylococcus aureus,ftp.sra.ebi.ac.uk/vol1/run/ERR044/ERR044580/6401_6#21.bam,Staphylococcus aureus; Staphylococcus aureus,6401_6_21,403.02,RH10000214,ST22-A2,2002|03|28,UK,"London, England",51.4978665,-0.1188407,IVh,t032,+,R,S,R,R,S,S,R,R,R,S,S
ERR044581,PRJEB2510,ERP000633,SAMEA1030324,ERS034646,1280,Staphylococcus aureus,ftp.sra.ebi.ac.uk/vol1/run/ERR044/ERR044581/6401_6#22.bam,Staphylococcus aureus; Staphylococcus aureus,6401_6_22,930.02,RH10000210,ST22-A2,2002|07|13,UK,"London, England",51.4978665,-0.1188407,IVh,t032,+,R,S,R,S,S,S,R,R,R,S,S
ERR044582,PRJEB2510,ERP000633,SAMEA1030309,ERS034647,1280,Staphylococcus aureus,ftp.sra.ebi.ac.uk/vol1/run/ERR044/ERR044582/6401_7#1.bam,Staphylococcus aureus; Staphylococcus aureus,6401_7_1,93/3696,93/3696,ST22-A1,1993,UK,England,52.3555177,-1.1743197,IVh,t022,+,S,S,R,S,S,S,S,R,R,S,S
ERR044583,PRJEB2510,ERP000633,SAMEA1030291,ERS034648,1280,Staphylococcus aureus,ftp.sra.ebi.ac.uk/vol1/run/ERR044/ERR044583/6401_7#2.bam,Staphylococcus aureus; Staphylococcus aureus,6401_7_2,93/3697,93/3697,ST22-A1,1993,UK,England,52.3555177,-1.1743197,IVh,t022,+,S,S,R,S,S,S,S,R,R,S,S
ERR044584,PRJEB2510,ERP000633,SAMEA1030278,ERS034649,1280,Staphylococcus aureus,ftp.sra.ebi.ac.uk/vol1/run/ERR044/ERR044584/6401_7#3.bam,Staphylococcus aureus; Staphylococcus aureus,6401_7_3,91/10982,91/10982,ST22-A1,1991,UK,"Central Middlesex, England",51.463658,-0.3561899,IVh,t022,+,S,S,R,S,S,S,S,R,R,S,S
ERR044585,PRJEB2510,ERP000633,SAMEA1030207,ERS034650,1280,Staphylococcus aureus,ftp.sra.ebi.ac.uk/vol1/run/ERR044/ERR044585/6401_7#4.bam,Staphylococcus aureus; Staphylococcus aureus,6401_7_4,91/10759,91/10759,ST22-A1,1991,UK,"Charing Cross, England",50.910358,-1.835548,IVh,t022,+,S,S,R,S,S,S,S,R,R,S,S
ERR044586,PRJEB2510,ERP000633,SAMEA1030192,ERS034651,1280,Staphylococcus aureus,ftp.sra.ebi.ac.uk/vol1/run/ERR044/ERR044586/6401_7#5.bam,Staphylococcus aureus; Staphylococcus aureus,6401_7_5,91/11452,91/11452,ST22-A2,1991,UK,England,52.3555177,-1.1743197,IVh,t8462,+,R,S,S,S,S,S,R,R,R,S,S
ERR044587,PRJEB2510,ERP000633,SAMEA1030267,ERS034652,1280,Staphylococcus aureus,ftp.sra.ebi.ac.uk/vol1/run/ERR044/ERR044587/6401_7#6.bam,Staphylococcus aureus; Staphylococcus aureus,6401_7_6,91/11046,91/11046,ST22-A1,1991,UK,"Charing Cross, England",50.910358,-1.835548,IVh,t022,+,S,S,R,S,S,S,S,R,R,S,S
ERR044588,PRJEB2510,ERP000633,SAMEA1030282,ERS034653,1280,Staphylococcus aureus,ftp.sra.ebi.ac.uk/vol1/run/ERR044/ERR044588/6401_7#7.bam,Staphylococcus aureus; Staphylococcus aureus,6401_7_7,90/10685,90/10685,ST22-A1,1990,UK,"Barking, England",51.536563,0.075766,IVh,t022,+,S,S,S,S,S,S,S,R,R,S,S
ERR044589,PRJEB2510,ERP000633,SAMEA1030246,ERS034654,1280,Staphylococcus aureus,ftp.sra.ebi.ac.uk/vol1/run/ERR044/ERR044589/6401_7#8.bam,Staphylococcus aureus; Staphylococcus aureus,6401_7_8,91/5370,RH11000217,ST22-A2,1991,UK,"East Birmingham, England",52.486243,-1.890401,IVh,t8490,+,R,S,S,S,S,S,R,S,R,S,S
ERR044590,PRJEB2510,ERP000633,SAMEA1030255,ERS034655,1280,Staphylococcus aureus,ftp.sra.ebi.ac.uk/vol1/run/ERR044/ERR044590/6401_7#9.bam,Staphylococcus aureus; Staphylococcus aureus,6401_7_9,91/5368,91/5368,ST22-A2,1991,UK,"East Birmingham, England",52.486243,-1.890401,IVh,t032,+,R,S,S,S,S,S,R,R,R,S,S
ERR044591,PRJEB2510,ERP000633,SAMEA1030265,ERS034656,1280,Staphylococcus aureus,ftp.sra.ebi.ac.uk/vol1/run/ERR044/ERR044591/6401_7#10.bam,Staphylococcus aureus; Staphylococcus aureus,6401_7_10,91/10312,91/10312,ST22-A1,1991,UK,"High Wycombe, England",51.628611,-0.748229,IVh,t022,+,S,S,R,S,S,S,S,R,R,S,S
ERR044592,PRJEB2510,ERP000633,SAMEA1030323,ERS034657,1280,Staphylococcus aureus,ftp.sra.ebi.ac.uk/vol1/run/ERR044/ERR044592/6401_7#11.bam,Staphylococcus aureus; Staphylococcus aureus,6401_7_11,91/10977,91/10977,ST22-A1,1991,UK,"High Wycombe, England",51.628611,-0.748229,IVh,t022,+,S,S,R,S,S,S,S,R,R,S,S
ERR044593,PRJEB2510,ERP000633,SAMEA1030338,ERS034658,1280,Staphylococcus aureus,ftp.sra.ebi.ac.uk/vol1/run/ERR044/ERR044593/6401_7#12.bam,Staphylococcus aureus; Staphylococcus aureus,6401_7_12,91/10795,91/10795,ST22-A1,1991,UK,"Enfield, England",51.654465,-0.081814,IVh,t3244,+,S,S,S,S,S,S,S,R,R,S,S
ERR044594,PRJEB2510,ERP000633,SAMEA1030292,ERS034659,1280,Staphylococcus aureus,ftp.sra.ebi.ac.uk/vol1/run/ERR044/ERR044594/6401_7#13.bam,Staphylococcus aureus; Staphylococcus aureus,6401_7_13,91/11785,91/11785,ST22-A1,1991,UK,"UCH, England",51.5253089,-0.1366397,IVh,t022,+,S,S,R,S,S,S,S,R,R,S,S
ERR044595,PRJEB2510,ERP000633,SAMEA1030157,ERS034660,1280,Staphylococcus aureus,ftp.sra.ebi.ac.uk/vol1/run/ERR044/ERR044595/6401_7#14.bam,Staphylococcus aureus; Staphylococcus aureus,6401_7_14,90/9576,90/9576,ST22-A2,1990,UK,"East Birmingham, England",52.486243,-1.890401,IVh,t032,+,R,S,S,S,S,S,R,R,R,S,S
ERR044596,PRJEB2510,ERP000633,SAMEA1030141,ERS034661,1280,Staphylococcus aureus,ftp.sra.ebi.ac.uk/vol1/run/ERR044/ERR044596/6401_7#15.bam,Staphylococcus aureus; Staphylococcus aureus,6401_7_15,HO 5322 0548 09,H053220548,ST22-A2,2005|08,UK,"Bristol, England",51.454513,-2.58791,IVh,t032,-,R,S,S,S,S,S,R,R,R,S,S
ERR044597,PRJEB2510,ERP000633,SAMEA1030182,ERS034662,1280,Staphylococcus aureus,ftp.sra.ebi.ac.uk/vol1/run/ERR044/ERR044597/6401_7#16.bam,Staphylococcus aureus; Staphylococcus aureus,6401_7_16,HO 5378 0592 11,H053780592,ST22-A2,2005|09,UK,"Bristol, England",51.454513,-2.58791,IVh,t032,+,R,S,S,S,S,S,R,R,R,S,S
ERR044598,PRJEB2510,ERP000633,SAMEA1030169,ERS034663,1280,Staphylococcus aureus,ftp.sra.ebi.ac.uk/vol1/run/ERR044/ERR044598/6401_7#17.bam,Staphylococcus aureus; Staphylococcus aureus,6401_7_17,HO 7230 0407 05,H072300407,ST22-A2,2007|06,UK,"Yorkshire, England",53.960895,-1.086895,IVh,t032,+,R,S,S,S,S,S,R,R,R,S,S
ERR044599,PRJEB2510,ERP000633,SAMEA1030214,ERS034664,1280,Staphylococcus aureus,ftp.sra.ebi.ac.uk/vol1/run/ERR044/ERR044599/6401_7#18.bam,Staphylococcus aureus; Staphylococcus aureus,6401_7_18,HO 7258 0470 05,H072580470,ST22-A2,2007|06,UK,"Manchester, England",53.479251,-2.247926,IVh,t022,+,R,S,S,S,S,S,R,R,R,S,S
ERR044600,PRJEB2510,ERP000633,SAMEA1030198,ERS034665,1280,Staphylococcus aureus,ftp.sra.ebi.ac.uk/vol1/run/ERR044/ERR044600/6401_7#19.bam,Staphylococcus aureus; Staphylococcus aureus,6401_7_19,HO 7258 0475 05,H072580475,ST22-A2,2007|06,UK,"Manchester, England",53.479251,-2.247926,IVh,t032,+,R,S,R,S,S,S,R,R,R,S,S
ERR044601,PRJEB2510,ERP000633,SAMEA1030240,ERS034666,1280,Staphylococcus aureus,ftp.sra.ebi.ac.uk/vol1/run/ERR044/ERR044601/6401_7#20.bam,Staphylococcus aureus; Staphylococcus aureus,6401_7_20,HO 7286 0467 05,H072860467,ST22-A2,2007|07,UK,"Buckinghamshire, England",51.8072204,-0.8127664,IVh,t032,+,R,S,R,S,S,S,R,R,R,S,S
ERR044602,PRJEB2510,ERP000633,SAMEA1030237,ERS034667,1280,Staphylococcus aureus,ftp.sra.ebi.ac.uk/vol1/run/ERR044/ERR044602/6401_7#21.bam,Staphylococcus aureus; Staphylococcus aureus,6401_7_21,HO 7374 0468 05,H073740468,ST22-A2,2007|09,UK,"Lincolnshire, England",53.2178821,-0.1999702,IVh,t020,+,R,S,S,S,S,S,R,R,R,S,S
ERR045052,PRJEB2510,ERP000633,SAMEA1030316,ERS034603,1280,Staphylococcus aureus,ftp.sra.ebi.ac.uk/vol1/run/ERR045/ERR045052/6437_8#1.bam,Staphylococcus aureus; Staphylococcus aureus,6437_8_1,RH 0600 0061 09,RH06000061,ST22-A2,2005|06,UK,Scotland,51.924216,4.481776,IVh,t032,+,R,S,S,S,S,S,R,R,R,S,S
ERR045053,PRJEB2510,ERP000633,SAMEA1030332,ERS034604,1280,Staphylococcus aureus,ftp.sra.ebi.ac.uk/vol1/run/ERR045/ERR045053/6437_8#2.bam,Staphylococcus aureus; Staphylococcus aureus,6437_8_2,RH 0600 0064 09,RH06000064,ST22-A2,2005|05,UK,Scotland,51.924216,4.481776,IVh,t032,+,R,S,S,S,S,S,R,R,R,S,S
ERR045054,PRJEB2510,ERP000633,SAMEA1030156,ERS034605,1280,Staphylococcus aureus,ftp.sra.ebi.ac.uk/vol1/run/ERR045/ERR045054/6437_8#3.bam,Staphylococcus aureus; Staphylococcus aureus,6437_8_3,1998/B23,RH08000258,non-ST22-A,1998,UK,England,52.3555177,-1.1743197,IVd,t005,+,S,S,S,S,S,S,S,R,R,S,S
ERR045056,PRJEB2510,ERP000633,SAMEA1030150,ERS034607,1280,Staphylococcus aureus,ftp.sra.ebi.ac.uk/vol1/run/ERR045/ERR045056/6437_8#5.bam,Staphylococcus aureus; Staphylococcus aureus,6437_8_5,RH 0600 0125 09,RH10000141,ST22-A2,2006|05,UK,Scotland,51.924216,4.481776,IVh,t032,+,R,S,S,R,S,S,R,R,R,S,S
ERR045057,PRJEB2510,ERP000633,SAMEA1030186,ERS034608,1280,Staphylococcus aureus,ftp.sra.ebi.ac.uk/vol1/run/ERR045/ERR045057/6437_8#6.bam,Staphylococcus aureus; Staphylococcus aureus,6437_8_6,98.4823.X,RH10000146,ST22-A2,1998|09|10,UK,Scotland,51.924216,4.481776,IVh,t032,unknown,R,S,R,S,S,S,R,R,R,S,S
ERR045058,PRJEB2510,ERP000633,SAMEA1030170,ERS034609,1280,Staphylococcus aureus,ftp.sra.ebi.ac.uk/vol1/run/ERR045/ERR045058/6437_8#7.bam,Staphylococcus aureus,6437_8_7,99St18131,RH10000147,ST22-A2,1999,Australia,-,-29.5328037,145.491477,IVh,t032,+,R,S,S,S,S,S,R,R,R,S,S
ERR045059,PRJEB2510,ERP000633,SAMEA1030188,ERS034610,1280,Staphylococcus aureus,ftp.sra.ebi.ac.uk/vol1/run/ERR045/ERR045059/6437_8#8.bam,Staphylococcus aureus,6437_8_8,AR 0650 784,RH10000148,ST22-A1,1993,Ireland,Dublin,53.3528353,-6.3263057,IVh,t022,+,S,S,S,S,S,S,S,R,R,S,S
ERR045060,PRJEB2510,ERP000633,SAMEA1030209,ERS034611,1280,Staphylococcus aureus,ftp.sra.ebi.ac.uk/vol1/run/ERR045/ERR045060/6437_8#9.bam,Staphylococcus aureus; Staphylococcus aureus,6437_8_9,Btn 1626,RH10000149,ST22-A2,2002,UK,"Brighton, England",50.842941,-0.131312,IVh,t3185,+,R,S,R,S,S,S,R,R,R,S,S
ERR045061,PRJEB2510,ERP000633,SAMEA1030218,ERS034612,1280,Staphylococcus aureus,ftp.sra.ebi.ac.uk/vol1/run/ERR045/ERR045061/6437_8#10.bam,Staphylococcus aureus; Staphylococcus aureus,6437_8_10,C720 MRSA,RH10000150,ST22-A2,1998,UK,"Oxford, England",51.751724,-1.255285,IVh,t032,+,R,S,S,S,S,S,R,R,R,S,S
ERR045062,PRJEB2510,ERP000633,SAMEA1030269,ERS034613,1280,Staphylococcus aureus,ftp.sra.ebi.ac.uk/vol1/run/ERR045/ERR045062/6437_8#11.bam,Staphylococcus aureus; Staphylococcus aureus,6437_8_11,H182 MRSA,RH10000151,ST22-A2,1997,UK,"Oxford, England",51.751724,-1.255285,IVh,t032,+,R,S,S,S,S,S,R,R,R,S,S
ERR045063,PRJEB2510,ERP000633,SAMEA1030281,ERS034614,1280,Staphylococcus aureus,ftp.sra.ebi.ac.uk/vol1/run/ERR045/ERR045063/6437_8#12.bam,Staphylococcus aureus; Staphylococcus aureus,6437_8_12,H65,RH10000152,non-ST22-A,1997|07|24,UK,"Oxford, England",51.751724,-1.255285,MSSA,t7741,+,S,S,S,S,S,S,S,S,R,S,S
ERR045064,PRJEB2510,ERP000633,SAMEA1030251,ERS034615,1280,Staphylococcus aureus,ftp.sra.ebi.ac.uk/vol1/run/ERR045/ERR045064/6437_8#13.bam,Staphylococcus aureus,6437_8_13,NL 0113 99-5,RH10000153,non-ST22-A,1999|09|11,Netherlands,Rotterdam,51.924216,4.481776,MSSA,t005,+,S,S,S,S,S,S,S,S,S,S,S
ERR045065,PRJEB2510,ERP000633,SAMEA1030264,ERS034616,1280,Staphylococcus aureus,ftp.sra.ebi.ac.uk/vol1/run/ERR045/ERR045065/6437_8#14.bam,Staphylococcus aureus,6437_8_14,A09973/ 97,RH10000155,ST22-A2,1997,Sweden,Sweden,60.128161,18.643501,IVh,t032,unknown,R,R,R,S,S,S,R,R,R,S,S
ERR045066,PRJEB2510,ERP000633,SAMEA1030319,ERS034617,1280,Staphylococcus aureus,ftp.sra.ebi.ac.uk/vol1/run/ERR045/ERR045066/6437_8#15.bam,Staphylococcus aureus; Staphylococcus aureus,6437_8_15,ARI1,RH10000166,ST22-A2,2007|05|01,UK,"Aberdeen, Scotland",57.1549781,-2.1361221,IVh,t379,+,R,S,R,S,S,S,R,R,R,S,S
ERR045067,PRJEB2510,ERP000633,SAMEA1030317,ERS034618,1280,Staphylococcus aureus,ftp.sra.ebi.ac.uk/vol1/run/ERR045/ERR045067/6437_8#16.bam,Staphylococcus aureus; Staphylococcus aureus,6437_8_16,ARI4,RH10000167,ST22-A2,2007|09|04,UK,"Aberdeen, Scotland",57.1549781,-2.1361221,IVh,t032,+,R,S,S,S,S,S,R,R,R,S,S
ERR045068,PRJEB2510,ERP000633,SAMEA1030328,ERS034619,1280,Staphylococcus aureus,ftp.sra.ebi.ac.uk/vol1/run/ERR045/ERR045068/6437_8#17.bam,Staphylococcus aureus; Staphylococcus aureus,6437_8_17,ARI5,RH10000168,ST22-A2,2007|09|04,UK,"Aberdeen, Scotland",57.1549781,-2.1361221,IVh,t032,+,R,S,S,R,S,S,R,R,R,S,S
ERR045069,PRJEB2510,ERP000633,SAMEA1030202,ERS034620,1280,Staphylococcus aureus,ftp.sra.ebi.ac.uk/vol1/run/ERR045/ERR045069/6437_8#18.bam,Staphylococcus aureus; Staphylococcus aureus,6437_8_18,ARI10,RH10000169,ST22-A2,2007|08|03,UK,"Aberdeen, Scotland",57.1549781,-2.1361221,IVh,t032,+,R,S,S,R,S,S,R,R,R,S,S
ERR045070,PRJEB2510,ERP000633,SAMEA1030213,ERS034621,1280,Staphylococcus aureus,ftp.sra.ebi.ac.uk/vol1/run/ERR045/ERR045070/6437_8#19.bam,Staphylococcus aureus; Staphylococcus aureus,6437_8_19,ARI11,RH10000170,ST22-A2,2007|09|04,UK,"Aberdeen, Scotland",57.1549781,-2.1361221,IVh,t790,+,R,S,S,S,S,S,R,R,R,S,S
ERR045071,PRJEB2510,ERP000633,SAMEA1030228,ERS034622,1280,Staphylococcus aureus,ftp.sra.ebi.ac.uk/vol1/run/ERR045/ERR045071/6437_8#20.bam,Staphylococcus aureus; Staphylococcus aureus,6437_8_20,ARI12,RH10000171,ST22-A2,2007|10|01,UK,"Aberdeen, Scotland",57.1549781,-2.1361221,IVh,t022,+,R,S,R,S,S,S,R,R,R,S,S
ERR045072,PRJEB2510,ERP000633,SAMEA1030222,ERS034623,1280,Staphylococcus aureus,ftp.sra.ebi.ac.uk/vol1/run/ERR045/ERR045072/6437_8#21.bam,Staphylococcus aureus; Staphylococcus aureus,6437_8_21,ARI26,RH10000172,ST22-A2,2005|11|05,UK,"Aberdeen, Scotland",57.1549781,-2.1361221,IVh,t032,+,R,S,R,S,S,S,R,R,R,S,S
ERR045073,PRJEB2510,ERP000633,SAMEA1030234,ERS034624,1280,Staphylococcus aureus,ftp.sra.ebi.ac.uk/vol1/run/ERR045/ERR045073/6437_8#22.bam,Staphylococcus aureus; Staphylococcus aureus,6437_8_22,ARI29,RH10000173,ST22-A2,2006|09|06,UK,"Aberdeen, Scotland",57.1549781,-2.1361221,IVh,t032,unknown,R,S,S,S,S,S,R,R,R,S,S
