ID,DCM (2),Species(3),Source,Source grouped by anatomical site,Computerome QC_pipeline output Sample,Bases (MB),Qual Bases (MB),Qual bases %,Reads,Qual reads,Qual reads %,Most common adapter (count),2. Most common adapter (count),Other adapters (count),N50,No ctgs,longest,total bps,ENA accession number (ERS),ENA accession number (ERR),Species,MIC panel,ceftaroline,fusidic acid,trimethoprim,sulfamethoxazole,daptomycin,linezolid,clindamycin,tetracycline,levofloxacin,teicoplanin,norfloxacin,erythromycin,telavancin,tobramycin,gentamicin,vancomycin,rifampicin,mupirocin,moxifloxacin,cefoxitin
1D-266,F11,Staphylococcus aureus,Pus,Undetermined,DTU2018-998-PRJ1139-Staphylococcus-aureus-1D-266_R1_001,134,119,88.66%,921174,862674,93.65%,63,5,18,116189,51,232965,2809977,ERS4416050,ERR4013642,Staphylococcus aureus,EUSTAPF,"‚Č§0,5","‚Č§0,5",‚Č§1/19,NA,"‚Č§0,5",4,"‚Č§0,12","‚Č§0,5","‚Č§0,5",‚Č§1,‚Č§4,0.5,0.06,"‚Č§0,25","‚Č§0,25",1,"‚Č§0,03","‚Č§0,5","‚Č§0,25",4
1D-268,F10,Staphylococcus aureus,Swab trauma wound,Skin or soft tissue,DTU2018-1000-PRJ1139-Staphylococcus-aureus-1D-268_R1_001,560,500,89.35%,3935968,3690318,93.76%,616,203,219,125616,43,504236,2746951,ERS4416052,ERR4013644,Staphylococcus aureus,EUSTAPF,"‚Č§0,5","‚Č§0,5",‚Č§1/19,NA,"‚Č§0,5",‚Č§2,"‚Č§0,12","‚Č§0,5","‚Č§0,5",‚Č§1,‚Č§4,0.5,0.06,"‚Č§0,25","‚Č§0,25",1,"‚Č§0,03","‚Č§0,5","‚Č§0,25",4
1D-269,F10,Staphylococcus aureus,Swab insertion site,Skin or soft tissue,DTU2018-1001-PRJ1139-Staphylococcus-aureus-1D-269_R1_001,570,512,89.70%,4017586,3771538,93.88%,553,218,172,465815,20,611604,2751972,ERS4416053,ERR4013645,Staphylococcus aureus,EUSTAPF,"‚Č§0,5",>4,‚Č§1/19,NA,"‚Č§0,5",4,"‚Č§0,12","‚Č§0,5","‚Č§0,5",‚Č§1,‚Č§4,0.5,0.06,"‚Č§0,25",0.5,1,"‚Č§0,03","‚Č§0,5","‚Č§0,25",2
1D-270,F10,Staphylococcus aureus,Swab wound,Skin or soft tissue,DTU2018-1002-PRJ1139-Staphylococcus-aureus-1D-270_R1_001,208,182,87.46%,1431980,1324592,92.50%,167,9,19,237897,21,534254,2782320,ERS4416054,ERR4013646,Staphylococcus aureus,EUSTAPF,"‚Č§0,5","‚Č§0,5",‚Č§1/19,NA,"‚Č§0,5",‚Č§2,"‚Č§0,12","‚Č§0,5","‚Č§0,5",‚Č§1,‚Č§4,0.5,0.06,"‚Č§0,25","‚Č§0,25",1,"‚Č§0,03","‚Č§0,5","‚Č§0,25",2
1D-271,F10,Staphylococcus aureus,Swab wound,Skin or soft tissue,DTU2018-1003-PRJ1139-Staphylococcus-aureus-1D-271_R1_001,405,365,90.10%,2836886,2672550,94.21%,333,78,79,125600,49,394397,2851823,ERS4416055,ERR4013647,Staphylococcus aureus,EUSTAPF,"‚Č§0,5","‚Č§0,5",‚Č§1/19,NA,"‚Č§0,5",4,"‚Č§0,12","‚Č§0,5","‚Č§0,5",‚Č§1,‚Č§4,0.5,0.06,"‚Č§0,25","‚Č§0,25",1,"‚Č§0,03","‚Č§0,5","‚Č§0,25",2
1D-272,F1,Staphylococcus aureus,Swab wound,Skin or soft tissue,DTU2018-1004-PRJ1139-Staphylococcus-aureus-1D-272_R1_001,380,337,88.82%,2624980,2452876,93.44%,297,108,106,746707,20,945503,2754072,ERS4416056,ERR4013648,Staphylococcus aureus,EUSTAPF,"‚Č§0,5",4,‚Č§1/19,NA,"‚Č§0,5",4,"‚Č§0,12","‚Č§0,5","‚Č§0,5",‚Č§1,‚Č§4,0.5,0.06,"‚Č§0,25","‚Č§0,25",1,"‚Č§0,03","‚Č§0,5","‚Č§0,25",2
1D-273,F1,Staphylococcus aureus,Swab,Undetermined,DTU2018-1005-PRJ1139-Staphylococcus-aureus-1D-273_R1_001,870,777,89.32%,6118490,5721282,93.51%,1015,270,275,1046208,14,1093498,2742076,ERS4416057,ERR4013649,Staphylococcus aureus,EUSTAPF,"‚Č§0,5",>4,‚Č§1/19,NA,"‚Č§0,5",‚Č§2,"‚Č§0,12","‚Č§0,5","‚Č§0,5",‚Č§1,‚Č§4,0.5,0.06,"‚Č§0,25","‚Č§0,25",1,"‚Č§0,03","‚Č§0,5","‚Č§0,25",2
1D-274,F1,Staphylococcus aureus,Swab,Undetermined,DTU2018-1006-PRJ1139-Staphylococcus-aureus-1D-274_R1_001,446,400,89.75%,3124582,2933050,93.87%,431,76,83,539934,19,992722,2709295,ERS4416058,ERR4013650,Staphylococcus aureus,EUSTAPF,"‚Č§0,5",>4,‚Č§1/19,NA,"‚Č§0,5",‚Č§2,"‚Č§0,12","‚Č§0,5","‚Č§0,5",‚Č§1,‚Č§4,0.5,0.06,"‚Č§0,25",0.5,1,"‚Č§0,03","‚Č§0,5","‚Č§0,25",4
1D-275,F1,Staphylococcus aureus,Swab,Undetermined,DTU2018-1395-PRJ1139-Staphylococcus-aureus-1D-275-rerun2_R1_001,475,421,88.78%,2140740,2067000,96.56%,774,347,319,671954,14,1132628,2695805,ERS4416059,ERR4013651,Staphylococcus aureus,EUSTAPF,"‚Č§0,5","‚Č§0,5",‚Č§1/19,NA,"‚Č§0,5",‚Č§2,"‚Č§0,12","‚Č§0,5","‚Č§0,5",‚Č§1,‚Č§4,0.5,0.06,0.5,0.5,1,"‚Č§0,03","‚Č§0,5","‚Č§0,25",4
1D-276,F1,Staphylococcus aureus,Swab,Undetermined,DTU2018-1008-PRJ1139-Staphylococcus-aureus-1D-276_R1_001,453,405,89.54%,3157120,2967660,94.00%,359,132,126,249985,28,520249,2707650,ERS4416060,ERR4013652,Staphylococcus aureus,EUSTAPF,"‚Č§0,5","‚Č§0,5",‚Č§1/19,NA,"‚Č§0,5",‚Č§2,"‚Č§0,12","‚Č§0,5","‚Č§0,5",‚Č§1,‚Č§4,0.5,0.06,"‚Č§0,25","‚Č§0,25",1,"‚Č§0,03","‚Č§0,5","‚Č§0,25",2
1D-277,F1,Staphylococcus aureus,Swab,Undetermined,DTU2018-1009-PRJ1139-Staphylococcus-aureus-1D-277_R1_001,447,398,89.07%,3111672,2912670,93.60%,360,86,75,462903,15,582547,2722006,ERS4416061,ERR4013653,Staphylococcus aureus,EUSTAPF,"‚Č§0,5",>4,‚Č§1/19,NA,"‚Č§0,5",‚Č§2,"‚Č§0,12","‚Č§0,5","‚Č§0,5",‚Č§1,‚Č§4,0.5,0.06,"‚Č§0,25","‚Č§0,25",1,"‚Č§0,03","‚Č§0,5","‚Č§0,25",4
1D-278,F1,Staphylococcus aureus,Swab,Undetermined,DTU2018-1010-PRJ1139-Staphylococcus-aureus-1D-278_R1_001,293,233,79.45%,2014908,1832518,90.95%,169,18,23,164036,36,440654,2721504,ERS4416062,ERR4013654,Staphylococcus aureus,EUSTAPF,"‚Č§0,5","‚Č§0,5",‚Č§1/19,NA,"‚Č§0,5",‚Č§2,"‚Č§0,12","‚Č§0,5","‚Č§0,5",‚Č§1,‚Č§4,0.5,0.06,"‚Č§0,25","‚Č§0,25",1,"‚Č§0,03","‚Č§0,5","‚Č§0,25",4
1D-279,F1,Staphylococcus aureus,Swab,Undetermined,DTU2018-1011-PRJ1139-Staphylococcus-aureus-1D-279_R1_001,340,304,89.44%,2353858,2216536,94.17%,226,88,79,174359,31,305506,2767229,ERS4416063,ERR4013655,Staphylococcus aureus,EUSTAPF,"‚Č§0,5",2,‚Č§1/19,NA,"‚Č§0,5",‚Č§2,"‚Č§0,12","‚Č§0,5","‚Č§0,5",‚Č§1,‚Č§4,"‚Č§0,25",0.06,"‚Č§0,25","‚Č§0,25",1,"‚Č§0,03","‚Č§0,5","‚Č§0,25",4
1D-280,F1,Staphylococcus aureus,Swab impetigo,Skin or soft tissue,DTU2018-1012-PRJ1139-Staphylococcus-aureus-1D-280_R1_001,518,462,89.18%,3659546,3425520,93.61%,558,184,231,249838,25,471874,2759613,ERS4416064,ERR4013656,Staphylococcus aureus,EUSTAPF,"‚Č§0,5","‚Č§0,5",‚Č§1/19,NA,"‚Č§0,5",‚Č§2,"‚Č§0,12","‚Č§0,5","‚Č§0,5",‚Č§1,‚Č§4,0.5,0.06,"‚Č§0,25","‚Č§0,25",1,"‚Č§0,03","‚Č§0,5","‚Č§0,25",2
1D-281,F1,Staphylococcus aureus,Swab wound,Skin or soft tissue,DTU2018-1013-PRJ1139-Staphylococcus-aureus-1D-281_R1_001,565,503,89.15%,3909020,3668334,93.84%,405,162,126,1045504,13,1095608,2785468,ERS4416065,ERR4013657,Staphylococcus aureus,EUSTAPF,"‚Č§0,5",>4,‚Č§1/19,NA,"‚Č§0,5",‚Č§2,"‚Č§0,12","‚Č§0,5",1,‚Č§1,16,0.5,0.06,"‚Č§0,25","‚Č§0,25",1,"‚Č§0,03","‚Č§0,5","‚Č§0,25",2
1D-282,F1,Staphylococcus aureus,Swab,Undetermined,DTU2018-1014-PRJ1139-Staphylococcus-aureus-1D-282_R1_001,356,317,89.11%,2460748,2304482,93.65%,252,12,48,138324,47,433696,2848498,ERS4416066,ERR4013658,Staphylococcus aureus,EUSTAPF,"‚Č§0,5","‚Č§0,5",‚Č§1/19,NA,"‚Č§0,5",‚Č§2,"‚Č§0,12","‚Č§0,5","‚Č§0,5",‚Č§1,‚Č§4,"‚Č§0,25",0.06,"‚Č§0,25","‚Č§0,25",1,"‚Č§0,03","‚Č§0,5","‚Č§0,25",4
1D-283,F1,Staphylococcus aureus,Swab eczema,Skin or soft tissue,DTU2018-1015-PRJ1139-Staphylococcus-aureus-1D-283_R1_001,552,496,89.82%,3843682,3621434,94.22%,364,67,109,460116,32,729803,2749608,ERS4416067,ERR4013659,Staphylococcus aureus,EUSTAPF,"‚Č§0,5","‚Č§0,5",‚Č§1/19,NA,"‚Č§0,5",‚Č§2,"‚Č§0,12","‚Č§0,5","‚Č§0,5",‚Č§1,‚Č§4,0.5,0.06,"‚Č§0,25","‚Č§0,25",1,"‚Č§0,03","‚Č§0,5","‚Č§0,25",2
1D-284,F1,Staphylococcus aureus,Abscess,Undetermined,DTU2018-1016-PRJ1139-Staphylococcus-aureus-1D-284_R1_001,341,302,88.60%,2336012,2187770,93.65%,206,74,97,572304,17,997988,2784099,ERS4416068,ERR4013660,Staphylococcus aureus,EUSTAPF,"‚Č§0,5","‚Č§0,5",‚Č§1/19,NA,"‚Č§0,5",‚Č§2,"‚Č§0,12","‚Č§0,5","‚Č§0,5",‚Č§1,‚Č§4,0.5,0.06,"‚Č§0,25","‚Č§0,25",1,"‚Č§0,03","‚Č§0,5","‚Č§0,25",>8
1D-285,F1,Staphylococcus aureus,Swab,Undetermined,DTU2018-1017-PRJ1139-Staphylococcus-aureus-1D-285_R1_001,934,827,88.54%,6493148,6052836,93.22%,1393,206,268,557039,27,1327904,2751575,ERS4416069,ERR4013661,Staphylococcus aureus,EUSTAPF,"‚Č§0,5","‚Č§0,5",‚Č§1/19,NA,"‚Č§0,5",‚Č§2,"‚Č§0,12","‚Č§0,5","‚Č§0,5",‚Č§1,‚Č§4,0.5,0.06,"‚Č§0,25","‚Č§0,25",1,"‚Č§0,03","‚Č§0,5","‚Č§0,25",2
1D-286,F1,Staphylococcus aureus,Swab wound,Skin or soft tissue,DTU2018-1018-PRJ1139-Staphylococcus-aureus-1D-286_R1_001,275,243,88.37%,1878620,1755492,93.45%,142,21,49,148805,38,343778,2721633,ERS4416070,ERR4013662,Staphylococcus aureus,EUSTAPF,"‚Č§0,5","‚Č§0,5",‚Č§1/19,NA,"‚Č§0,5",‚Č§2,"‚Č§0,12","‚Č§0,5","‚Č§0,5",‚Č§1,‚Č§4,0.5,0.06,"‚Č§0,25","‚Č§0,25",1,"‚Č§0,03","‚Č§0,5","‚Č§0,25",2
1D-287,F1,Staphylococcus aureus,Swab wound,Skin or soft tissue,DTU2018-1019-PRJ1139-Staphylococcus-aureus-1D-287_R1_001,439,389,88.63%,3058042,2874666,94.00%,354,49,92,199280,28,420143,2766573,ERS4416071,ERR4013663,Staphylococcus aureus,EUSTAPF,"‚Č§0,5","‚Č§0,5",‚Č§1/19,NA,"‚Č§0,5",4,"‚Č§0,12","‚Č§0,5","‚Č§0,5",‚Č§1,‚Č§4,0.5,0.06,"‚Č§0,25","‚Č§0,25",1,"‚Č§0,03","‚Č§0,5","‚Č§0,25",4
1D-288,F1,Staphylococcus aureus,Swab wound,Skin or soft tissue,DTU2018-1020-PRJ1139-Staphylococcus-aureus-1D-288_R1_001,535,483,90.16%,4088922,3800134,92.94%,1389,609,434,448966,22,507778,2713059,ERS4416072,ERR4013664,Staphylococcus aureus,EUSTAPF,"‚Č§0,5","‚Č§0,5",‚Č§1/19,NA,"‚Č§0,5",4,"‚Č§0,12","‚Č§0,5","‚Č§0,5",‚Č§1,‚Č§4,0.5,0.06,"‚Č§0,25","‚Č§0,25",1,"‚Č§0,03","‚Č§0,5","‚Č§0,25",4
1D-289,F2,Staphylococcus aureus,Swab skin,Skin or soft tissue,DTU2018-1021-PRJ1139-Staphylococcus-aureus-1D-289_R1_001,291,260,89.43%,2050090,1923680,93.83%,288,66,84,481885,157,503230,2831763,ERS4416073,ERR4013665,Staphylococcus aureus,EUSTAPF,"‚Č§0,5","‚Č§0,5",‚Č§1/19,NA,"‚Č§0,5",4,"‚Č§0,12","‚Č§0,5","‚Č§0,5",‚Č§1,‚Č§4,0.5,0.06,"‚Č§0,25","‚Č§0,25",1,"‚Č§0,03","‚Č§0,5","‚Č§0,25",2
1D-290,F2,Staphylococcus aureus,Swab skin,Skin or soft tissue,DTU2018-1022-PRJ1139-Staphylococcus-aureus-1D-290_R1_001,325,289,89.18%,2235442,2103536,94.10%,180,12,34,199828,24,504779,2736123,ERS4416074,ERR4013666,Staphylococcus aureus,EUSTAPF,"‚Č§0,5","‚Č§0,5",‚Č§1/19,NA,"‚Č§0,5",4,"‚Č§0,12","‚Č§0,5","‚Č§0,5",‚Č§1,‚Č§4,0.5,0.06,"‚Č§0,25",0.5,1,"‚Č§0,03","‚Č§0,5","‚Č§0,25",4
1D-291,F2,Staphylococcus aureus,Swab wound,Skin or soft tissue,DTU2018-1023-PRJ1139-Staphylococcus-aureus-1D-291_R1_001,323,291,90.24%,2338762,2203364,94.21%,457,146,130,309560,20,394307,2746362,ERS4416075,ERR4013667,Staphylococcus aureus,EUSTAPF,"‚Č§0,5","‚Č§0,5",‚Č§1/19,NA,"‚Č§0,5",4,"‚Č§0,12","‚Č§0,5","‚Č§0,5",‚Č§1,‚Č§4,0.5,0.06,1,1,1,"‚Č§0,03","‚Č§0,5","‚Č§0,25",4
1D-292,F2,Staphylococcus aureus,Swab skin,Skin or soft tissue,DTU2018-1024-PRJ1139-Staphylococcus-aureus-1D-292_R1_001,533,476,89.33%,3754988,3526198,93.91%,509,209,207,389442,14,1054441,2739835,ERS4416076,ERR4013668,Staphylococcus aureus,EUSTAPF,"‚Č§0,5","‚Č§0,5",‚Č§1/19,NA,"‚Č§0,5",4,"‚Č§0,12","‚Č§0,5","‚Č§0,5",‚Č§1,‚Č§4,0.5,0.06,"‚Č§0,25","‚Č§0,25",1,"‚Č§0,03","‚Č§0,5","‚Č§0,25",4
1D-293,F2,Staphylococcus aureus,Swab wound,Skin or soft tissue,DTU2018-1025-PRJ1139-Staphylococcus-aureus-1D-293_R1_001,290,262,90.23%,2310010,2117040,91.65%,663,172,127,233881,26,707163,2741116,ERS4416077,ERR4013669,Staphylococcus aureus,EUSTAPF,"‚Č§0,5","‚Č§0,5",‚Č§1/19,NA,"‚Č§0,5",4,"‚Č§0,12","‚Č§0,5","‚Č§0,5",‚Č§1,‚Č§4,0.5,0.06,0.5,0.5,1,"‚Č§0,03","‚Č§0,5","‚Č§0,25",4
1D-294,F2,Staphylococcus aureus,Swab wound,Skin or soft tissue,DTU2018-1026-PRJ1139-Staphylococcus-aureus-1D-294_R1_001,199,181,90.75%,1450130,1360672,93.83%,205,108,79,167349,127,371119,2898273,ERS4416078,ERR4013670,Staphylococcus aureus,EUSTAPF,"‚Č§0,5",>4,‚Č§1/19,NA,"‚Č§0,5",‚Č§2,"‚Č§0,12","‚Č§0,5","‚Č§0,5",‚Č§1,‚Č§4,0.5,0.06,"‚Č§0,25","‚Č§0,25",1,"‚Č§0,03","‚Č§0,5","‚Č§0,25",2
1D-295,F2,Staphylococcus aureus,Swab wound,Skin or soft tissue,DTU2018-1027-PRJ1139-Staphylococcus-aureus-1D-295_R1_001,206,185,89.96%,1513816,1408936,93.07%,233,93,72,454542,18,998529,2696445,ERS4416079,ERR4013671,Staphylococcus aureus,EUSTAPF,"‚Č§0,5","‚Č§0,5",‚Č§1/19,NA,"‚Č§0,5",‚Č§2,"‚Č§0,12","‚Č§0,5","‚Č§0,5",‚Č§1,‚Č§4,0.5,0.06,"‚Č§0,25",0.5,1,"‚Č§0,03","‚Č§0,5","‚Č§0,25",4
1D-296,F2,Staphylococcus aureus,Swab skin,Skin or soft tissue,DTU2018-1028-PRJ1139-Staphylococcus-aureus-1D-296_R1_001,377,341,90.62%,2700388,2534202,93.85%,298,42,76,471511,24,528337,2718286,ERS4416080,ERR4013672,Staphylococcus aureus,EUSTAPF,"‚Č§0,5","‚Č§0,5",‚Č§1/19,NA,"‚Č§0,5",‚Č§2,"‚Č§0,12","‚Č§0,5","‚Č§0,5",‚Č§1,‚Č§4,0.5,0.06,"‚Č§0,25","‚Č§0,25",1,"‚Č§0,03","‚Č§0,5","‚Č§0,25",4
1D-297,F2,Staphylococcus aureus,Swab eczema,Skin or soft tissue,DTU2018-1029-PRJ1139-Staphylococcus-aureus-1D-297_R1_001,311,283,90.96%,2350338,2192090,93.27%,482,250,179,318554,22,865127,2777352,ERS4416081,ERR4013673,Staphylococcus aureus,EUSTAPF,"‚Č§0,5","‚Č§0,5",‚Č§1/19,NA,"‚Č§0,5",4,"‚Č§0,12","‚Č§0,5","‚Č§0,5",‚Č§1,‚Č§4,0.5,0.06,"‚Č§0,25","‚Č§0,25",1,"‚Č§0,03","‚Č§0,5","‚Č§0,25",4
1D-298,F2,Staphylococcus aureus,Swab wound,Skin or soft tissue,DTU2018-1030-PRJ1139-Staphylococcus-aureus-1D-298_R1_001,306,277,90.55%,2199122,2059874,93.67%,241,115,120,134900,40,303776,2740945,ERS4416082,ERR4013674,Staphylococcus aureus,EUSTAPF,"‚Č§0,5",>4,‚Č§1/19,NA,"‚Č§0,5",‚Č§2,"‚Č§0,12","‚Č§0,5","‚Č§0,5",‚Č§1,‚Č§4,"‚Č§0,25","‚Č§0,03",0.5,0.5,1,"‚Č§0,03","‚Č§0,5","‚Č§0,25",2
1D-299,F2,Staphylococcus aureus,Swab wound,Skin or soft tissue,DTU2019-2233-PRJ1139-Staphylococcus-aureus-1D-299_R1_001,415,352,84.97%,2801440,2546000,90.88%,135,21,37,271455,23,473057,2716463,ERS4416083,ERR4013675,Staphylococcus aureus,EUSTAPF,"‚Č§0,5","‚Č§0,5",‚Č§1/19,NA,"‚Č§0,5",‚Č§2,"‚Č§0,12","‚Č§0,5","‚Č§0,5",‚Č§1,‚Č§4,0.5,0.06,"‚Č§0,25","‚Č§0,25",1,"‚Č§0,03","‚Č§0,5","‚Č§0,25",2
1D-300,F2,Staphylococcus aureus,Swab skin,Skin or soft tissue,DTU2018-1032-PRJ1139-Staphylococcus-aureus-1D-300_R1_001,292,265,90.89%,2116748,1988866,93.96%,273,110,167,190942,41,251355,2799381,ERS4416084,ERR4013676,Staphylococcus aureus,EUSTAPF,"‚Č§0,5",>4,‚Č§1/19,NA,"‚Č§0,5",4,"‚Č§0,12",>4,"‚Č§0,5",‚Č§1,16,>4,0.06,4,0.5,1,"‚Č§0,03","‚Č§0,5","‚Č§0,25",4
1D-301,F2,Staphylococcus aureus,Swab wound,Skin or soft tissue,DTU2018-1033-PRJ1139-Staphylococcus-aureus-1D-301_R1_001,281,254,90.65%,2040036,1911144,93.68%,286,112,116,143198,45,327385,2829919,ERS4416085,ERR4013677,Staphylococcus aureus,EUSTAPF,"‚Č§0,5","‚Č§0,5",‚Č§1/19,NA,"‚Č§0,5",4,"‚Č§0,12","‚Č§0,5","‚Č§0,5",‚Č§1,‚Č§4,0.5,0.06,>8,"‚Č§0,25",1,"‚Č§0,03","‚Č§0,5","‚Č§0,25",4
1D-302,F2,Staphylococcus aureus,Swab perineum,Reproductive system,DTU2018-1034-PRJ1139-Staphylococcus-aureus-1D-302_R1_001,230,209,90.89%,1693458,1585464,93.62%,259,72,84,512595,24,1029688,2766104,ERS4416086,ERR4013678,Staphylococcus aureus,EUSTAPF,"‚Č§0,5",4,‚Č§1/19,NA,"‚Č§0,5",‚Č§2,0.25,"‚Č§0,5",4,‚Č§1,16,"‚Č§0,25",0.06,0.5,2,1,"‚Č§0,03","‚Č§0,5",0.5,4
1D-303,F2,Staphylococcus aureus,Urine,Urine,DTU2018-1035-PRJ1139-Staphylococcus-aureus-1D-303_R1_001,529,479,90.56%,4137662,3818964,92.30%,1132,263,179,534054,13,1052303,2679765,ERS4416087,ERR4013679,Staphylococcus aureus,EUSTAPF,"‚Č§0,5",4,‚Č§1/19,NA,"‚Č§0,5",‚Č§2,"‚Č§0,12","‚Č§0,5","‚Č§0,5",‚Č§1,‚Č§4,"‚Č§0,25",0.06,"‚Č§0,25","‚Č§0,25",1,"‚Č§0,03","‚Č§0,5","‚Č§0,25",2
1D-304,F2,Staphylococcus argenteus,Pus,Undetermined,DTU2018-1036-PRJ1139-Staphylococcus-aureus-1D-304_R1_001,333,302,90.58%,2549034,2365336,92.79%,565,159,114,478874,15,1085687,2724076,ERS4416088,ERR4013680,Staphylococcus argenteus,EUSTAPF,"‚Č§0,5","‚Č§0,5",‚Č§1/19,NA,"‚Č§0,5",‚Č§2,"‚Č§0,12","‚Č§0,5","‚Č§0,5",‚Č§1,‚Č§4,"‚Č§0,25",0.06,"‚Č§0,25","‚Č§0,25",1,"‚Č§0,03","‚Č§0,5","‚Č§0,25",2
1D-305,F2,Staphylococcus aureus,Abscess,Undetermined,DTU2018-1389-PRJ1139-Staphylococcus-aureus-1D-305-rerun_S47_L001_R1_001,193,167,0.8634,1050026,1001142,0.9534,578,266,168,137559,42,280477,2733238,ERS4416089,ERR4013681,Staphylococcus aureus,EUSTAPF,"<=0,5","<=0,5",2/38,NA,"<=0,5",<=2,"<=0,12","<=0,5",>4,<=1,>16,0.5,0.06,0.5,0.5,1,"<=0,03","<=0,5",2,2
1D-306,F2,Staphylococcus aureus,Swab wound,Skin or soft tissue,DTU2018-1038-PRJ1139-Staphylococcus-aureus-1D-306_R1_001,253,230,90.89%,1824450,1714876,93.99%,259,120,106,289864,127,370595,2870153,ERS4416090,ERR4013682,Staphylococcus aureus,EUSTAPF,"‚Č§0,5","‚Č§0,5",‚Č§1/19,NA,"‚Č§0,5",‚Č§2,"‚Č§0,12","‚Č§0,5","‚Č§0,5",‚Č§1,‚Č§4,0.5,0.06,"‚Č§0,25","‚Č§0,25",1,"‚Č§0,03","‚Č§0,5","‚Č§0,25",4
1D-307,F2,Staphylococcus aureus,Swab wound,Skin or soft tissue,DTU2018-1039-PRJ1139-Staphylococcus-aureus-1D-307_R1_001,274,248,90.50%,2018124,1886646,93.49%,350,98,93,404688,19,561521,2703035,ERS4416091,ERR4013683,Staphylococcus aureus,EUSTAPF,"‚Č§0,5","‚Č§0,5",‚Č§1/19,NA,"‚Č§0,5",‚Č§2,"‚Č§0,12","‚Č§0,5","‚Č§0,5",‚Č§1,‚Č§4,0.5,0.06,"‚Č§0,25","‚Č§0,25",1,"‚Č§0,03","‚Č§0,5","‚Č§0,25",2
1D-308,F2,Staphylococcus aureus,Swab eczema,Skin or soft tissue,DTU2018-1040-PRJ1139-Staphylococcus-aureus-1D-308_R1_001,270,244,90.27%,1889250,1776670,94.04%,147,18,33,460246,21,531687,2690143,ERS4416092,ERR4013684,Staphylococcus aureus,EUSTAPF,"‚Č§0,5","‚Č§0,5",‚Č§1/19,NA,"‚Č§0,5",‚Č§2,"‚Č§0,12","‚Č§0,5","‚Č§0,5",‚Č§1,‚Č§4,"‚Č§0,25","‚Č§0,03",0.5,0.5,1,"‚Č§0,03","‚Č§0,5","‚Č§0,25",4
1D-309,F2,Staphylococcus aureus,Swab wound,Skin or soft tissue,DTU2018-1041-PRJ1139-Staphylococcus-aureus-1D-309_R1_001,292,267,91.16%,2131788,2003900,94.00%,293,140,106,136519,40,299312,2751254,ERS4416093,ERR4013685,Staphylococcus aureus,EUSTAPF,"‚Č§0,5","‚Č§0,5",4/76,NA,"‚Č§0,5",4,"‚Č§0,12","‚Č§0,5",>4,‚Č§1,>16,0.5,0.06,"‚Č§0,25","‚Č§0,25",2,"‚Č§0,03","‚Č§0,5",>2,4
1D-310,F3,Staphylococcus aureus,Blood,Blood,DTU2018-1397-PRJ1139-Staphylococcus-aureus-1D-310-reextract_R1_001,417,345,82.79%,1788434,1679694,93.92%,288,148,137,169300,37,345728,2769543,ERS4416094,ERR4013686,Staphylococcus aureus,EUSTAPF,"<=0,5","<=0,5",<=1/19,NA,"<=0,5",<=2,"<=0,12","<=0,5","<=0,5",<=1,<=4,0.5,0.06,0.5,0.5,1,"<=0,03","<=0,5","<=0,25",4
1D-311,F3,Staphylococcus aureus,Swab,Undetermined,DTU2018-1043-PRJ1139-Staphylococcus-aureus-1D-311_R1_001,293,266,90.97%,2169876,2028440,93.48%,346,167,125,433421,211,567475,2845376,ERS4416095,ERR4013687,Staphylococcus aureus,EUSTAPF,"‚Č§0,5","‚Č§0,5",‚Č§1/19,NA,"‚Č§0,5",‚Č§2,"‚Č§0,12","‚Č§0,5","‚Č§0,5",‚Č§1,‚Č§4,0.5,0.06,0.5,0.5,1,"‚Č§0,03","‚Č§0,5","‚Č§0,25",2
1D-312,F3,Staphylococcus aureus,Swab,Undetermined,DTU2018-1044-PRJ1139-Staphylococcus-aureus-1D-312_R1_001,236,214,90.75%,1691752,1590790,94.03%,172,102,97,115162,57,255908,2826961,ERS4416096,ERR4013688,Staphylococcus aureus,EUSTAPF,"‚Č§0,5","‚Č§0,5",‚Č§1/19,NA,"‚Č§0,5",4,"‚Č§0,12","‚Č§0,5","‚Č§0,5",‚Č§1,‚Č§4,0.5,0.06,"‚Č§0,25","‚Č§0,25",1,"‚Č§0,03","‚Č§0,5","‚Č§0,25",2
1D-313,F3,Staphylococcus aureus,Swab,Undetermined,DTU2018-1045-PRJ1139-Staphylococcus-aureus-1D-313_R1_001,203,183,90.36%,1433270,1346494,93.95%,123,46,57,155094,42,489149,2750195,ERS4416097,ERR4013689,Staphylococcus aureus,EUSTAPF,"‚Č§0,5","‚Č§0,5",‚Č§1/19,NA,"‚Č§0,5",‚Č§2,"‚Č§0,12","‚Č§0,5","‚Č§0,5",‚Č§1,‚Č§4,"‚Č§0,25",0.06,"‚Č§0,25","‚Č§0,25","‚Č§0,5","‚Č§0,03","‚Č§0,5","‚Č§0,25",2
1D-314,F3,Staphylococcus aureus,Swab,Undetermined,DTU2018-1046-PRJ1139-Staphylococcus-aureus-1D-314_R1_001,359,326,90.67%,2592300,2432642,93.84%,326,105,93,369896,18,778233,2818248,ERS4416098,ERR4013690,Staphylococcus aureus,EUSTAPF,"‚Č§0,5","‚Č§0,5",‚Č§1/19,NA,"‚Č§0,5",‚Č§2,"‚Č§0,12","‚Č§0,5","‚Č§0,5",‚Č§1,‚Č§4,"‚Č§0,25",0.06,"‚Č§0,25","‚Č§0,25",1,"‚Č§0,03","‚Č§0,5","‚Č§0,25",4
1D-315,F3,Staphylococcus aureus,Unknown,Undetermined,DTU2018-1047-PRJ1139-Staphylococcus-aureus-1D-315_R1_001,188,171,90.86%,1380386,1294014,93.74%,171,40,46,555053,25,969280,2700029,ERS4416099,ERR4013691,Staphylococcus aureus,EUSTAPF,"‚Č§0,5","‚Č§0,5",‚Č§1/19,NA,"‚Č§0,5",4,"‚Č§0,12","‚Č§0,5","‚Č§0,5",‚Č§1,‚Č§4,0.5,0.06,"‚Č§0,25","‚Č§0,25",1,"‚Č§0,03","‚Č§0,5","‚Č§0,25",2
1D-316,F3,Streptococcus dysgalactiae,Swab,Undetermined,DTU2018-1565-PRJ1139-Staphylococcus-aureus-1D-316-reextract2_R1_001,1511,1230,81.37%,10295808,9106636,88.45%,796,76,362,74515,61,256593,2216419,ERS4416100,ERR4013692,Streptococcus dysgalactiae,STP6F,<=1,"<=0,03",1,"<=0,25","<=0,25",<1,"<=0,5","<=0,25","<=0,5",<=2/1,"<=0,5/9,5",NA,"<=0,12",2,"<=0,5","<=0,12","<=0,12",0.12,"<=0,5",4
1D-317,F4,Staphylococcus aureus,Swab skin crus,Skin or soft tissue,DTU2018-1049-PRJ1139-Staphylococcus-aureus-1D-317_R1_001,184,164,89.53%,1281544,1200350,93.66%,90,26,48,248395,32,393958,2781272,ERS4416101,ERR4013693,Staphylococcus aureus,EUSTAPF,"‚Č§0,5",>4,‚Č§1/19,NA,"‚Č§0,5",‚Č§2,"‚Č§0,12","‚Č§0,5","‚Č§0,5",‚Č§1,‚Č§4,0.5,0.06,"‚Č§0,25","‚Č§0,25",1,"‚Č§0,03","‚Č§0,5","‚Č§0,25",4
1D-318,F4,Staphylococcus aureus,Swab skin ear,Ear,DTU2018-1050-PRJ1139-Staphylococcus-aureus-1D-318_R1_001,402,363,90.30%,2888610,2707316,93.72%,298,200,258,81341,61,290660,2737779,ERS4416102,ERR4013694,Staphylococcus aureus,EUSTAPF,"‚Č§0,5",>4,‚Č§1/19,NA,"‚Č§0,5",‚Č§2,"‚Č§0,12","‚Č§0,5","‚Č§0,5",‚Č§1,‚Č§4,"‚Č§0,25",0.06,"‚Č§0,25","‚Č§0,25",1,"‚Č§0,03","‚Č§0,5","‚Č§0,25",2
1D-319,F4,Staphylococcus aureus,Blood,Blood,DTU2018-1051-PRJ1139-Staphylococcus-aureus-1D-319_R1_001,216,193,89.32%,1542776,1439104,93.28%,169,55,114,396291,21,563873,2741385,ERS4416103,ERR4013695,Staphylococcus aureus,EUSTAPF,"‚Č§0,5","‚Č§0,5",‚Č§1/19,NA,"‚Č§0,5",4,0.25,>4,"‚Č§0,5",‚Č§1,‚Č§4,0.5,0.06,>8,"‚Č§0,25",1,"‚Č§0,03","‚Č§0,5","‚Č§0,25",4
1D-320,F4,Staphylococcus aureus,Blood,Blood,DTU2018-1052-PRJ1139-Staphylococcus-aureus-1D-320_R1_001,204,183,89.92%,1448918,1359422,93.82%,146,30,50,535696,22,967964,2697820,ERS4416104,ERR4013696,Staphylococcus aureus,EUSTAPF,"‚Č§0,5","‚Č§0,5",‚Č§1/19,NA,"‚Č§0,5",‚Č§2,"‚Č§0,12","‚Č§0,5","‚Č§0,5",‚Č§1,‚Č§4,0.5,0.06,"‚Č§0,25","‚Č§0,25",1,"‚Č§0,03","‚Č§0,5","‚Č§0,25",2
1D-321,F4,Staphylococcus aureus,Urine,Urine,DTU2018-1053-PRJ1139-Staphylococcus-aureus-1D-321_R1_001,203,183,90.25%,1441688,1355742,94.04%,119,77,100,193825,34,396406,2748144,ERS4416105,ERR4013697,Staphylococcus aureus,EUSTAPF,"‚Č§0,5","‚Č§0,5",‚Č§1/19,NA,"‚Č§0,5",4,"‚Č§0,12","‚Č§0,5",1,‚Č§1,8,0.5,0.06,0.5,0.5,1,"‚Č§0,03","‚Č§0,5","‚Č§0,25",2
1D-322,F4,Staphylococcus aureus,Sputum,Respiratory system,DTU2018-1054-PRJ1139-Staphylococcus-aureus-1D-322_R1_001,480,431,89.83%,3392176,3177968,93.69%,264,130,261,246390,23,531399,2725945,ERS4416106,ERR4013698,Staphylococcus aureus,EUSTAPF,"‚Č§0,5","‚Č§0,5",‚Č§1/19,NA,1,‚Č§2,"‚Č§0,12","‚Č§0,5","‚Č§0,5",‚Č§1,‚Č§4,0.5,0.06,"‚Č§0,25","‚Č§0,25",1,"‚Č§0,03","‚Č§0,5","‚Č§0,25",2
1D-323,F4,Staphylococcus aureus,Urine,Urine,DTU2018-1055-PRJ1139-Staphylococcus-aureus-1D-323_R1_001,181,163,89.85%,1272068,1194366,93.89%,63,42,77,204434,20,554653,2715543,ERS4416107,ERR4013699,Staphylococcus aureus,EUSTAPF,"‚Č§0,5",1,‚Č§1/19,NA,"‚Č§0,5",4,"‚Č§0,12","‚Č§0,5","‚Č§0,5",‚Č§1,‚Č§4,0.5,0.12,"‚Č§0,25","‚Č§0,25",1,"‚Č§0,03","‚Č§0,5","‚Č§0,25",2
1D-324,F5,Staphylococcus aureus,Swab skin,Skin or soft tissue,DTU2018-1056-PRJ1139-Staphylococcus-aureus-1D-324_R1_001,223,200,89.76%,1569568,1471108,93.73%,118,61,103,132128,48,489060,2739904,ERS4416108,ERR4013700,Staphylococcus aureus,EUSTAPF,"‚Č§0,5","‚Č§0,5",‚Č§1/19,NA,"‚Č§0,5",4,"‚Č§0,12","‚Č§0,5","‚Č§0,5",‚Č§1,‚Č§4,0.5,0.06,"‚Č§0,25","‚Č§0,25",1,"‚Č§0,03","‚Č§0,5","‚Č§0,25",4
1D-325,F5,Staphylococcus aureus,Swab toe,Skin or soft tissue,DTU2018-1057-PRJ1139-Staphylococcus-aureus-1D-325_R1_001,207,186,89.80%,1467134,1374436,93.68%,130,72,101,128395,51,371659,2854999,ERS4416109,ERR4013701,Staphylococcus aureus,EUSTAPF,"‚Č§0,5","‚Č§0,5",‚Č§1/19,NA,"‚Č§0,5",‚Č§2,"‚Č§0,12","‚Č§0,5","‚Č§0,5",‚Č§1,‚Č§4,0.5,0.06,"‚Č§0,25","‚Č§0,25",1,"‚Č§0,03","‚Č§0,5","‚Č§0,25",2
1D-326,F5,Staphylococcus aureus,Swab eye,Eye,DTU2018-1058-PRJ1139-Staphylococcus-aureus-1D-326_R1_001,234,211,89.99%,1670544,1564356,93.64%,159,51,112,422998,26,986821,2679940,ERS4416110,ERR4013702,Staphylococcus aureus,EUSTAPF,"‚Č§0,5","‚Č§0,5",‚Č§1/19,NA,"‚Č§0,5",‚Č§2,"‚Č§0,12","‚Č§0,5","‚Č§0,5",‚Č§1,‚Č§4,0.5,0.06,"‚Č§0,25","‚Č§0,25",1,"‚Č§0,03","‚Č§0,5","‚Č§0,25",2
1D-327,F5,Staphylococcus aureus,Tissue,Undetermined,DTU2018-1059-PRJ1139-Staphylococcus-aureus-1D-327_R1_001,500,450,89.98%,3550570,3328340,93.74%,296,110,162,252358,26,588485,2756983,ERS4416111,ERR4013703,Staphylococcus aureus,EUSTAPF,"‚Č§0,5","‚Č§0,5",‚Č§1/19,NA,"‚Č§0,5",‚Č§2,"‚Č§0,12","‚Č§0,5","‚Č§0,5",‚Č§1,‚Č§4,0.5,0.06,0.5,"‚Č§0,25",1,"‚Č§0,03","‚Č§0,5","‚Č§0,25",2
1D-328,F5,Staphylococcus aureus,Swab leg,Skin or soft tissue,DTU2018-1060-PRJ1139-Staphylococcus-aureus-1D-328_R1_001,349,315,90.27%,2505308,2348994,93.76%,233,85,158,182169,37,353509,2719321,ERS4416112,ERR4013704,Staphylococcus aureus,EUSTAPF,"‚Č§0,5","‚Č§0,5",‚Č§1/19,NA,"‚Č§0,5",4,"‚Č§0,12",4,"‚Č§0,5",‚Č§1,‚Č§4,0.5,0.06,"‚Č§0,25","‚Č§0,25",1,"‚Č§0,03","‚Č§0,5","‚Č§0,25",2
1D-329,F5,Staphylococcus aureus,Swab ear,Ear,DTU2018-1061-PRJ1139-Staphylococcus-aureus-1D-329_R1_001,244,219,89.73%,1757712,1639936,93.30%,239,48,69,255036,24,608664,2730172,ERS4416113,ERR4013705,Staphylococcus aureus,EUSTAPF,"‚Č§0,5","‚Č§0,5",‚Č§1/19,NA,"‚Č§0,5",‚Č§2,"‚Č§0,12","‚Č§0,5","‚Č§0,5",‚Č§1,‚Č§4,"‚Č§0,25","‚Č§0,03","‚Č§0,25","‚Č§0,25",1,"‚Č§0,03","‚Č§0,5","‚Č§0,25",2
1D-330,F5,Staphylococcus aureus,Swab ear,Ear,DTU2018-1062-PRJ1139-Staphylococcus-aureus-1D-330_R1_001,223,202,90.36%,1604632,1502986,93.67%,193,93,109,198208,27,510429,2730054,ERS4416114,ERR4013706,Staphylococcus aureus,EUSTAPF,"‚Č§0,5","‚Č§0,5",‚Č§1/19,NA,"‚Č§0,5",4,"‚Č§0,12","‚Č§0,5","‚Č§0,5",‚Č§1,‚Č§4,0.5,0.06,"‚Č§0,25","‚Č§0,25",1,"‚Č§0,03","‚Č§0,5","‚Č§0,25",2
1D-331,F5,Staphylococcus aureus,Swab eye,Eye,DTU2018-1063-PRJ1139-Staphylococcus-aureus-1D-331_R1_001,208,186,89.45%,1500664,1396854,93.08%,194,61,59,121669,54,259443,2752848,ERS4416115,ERR4013707,Staphylococcus aureus,EUSTAPF,"‚Č§0,5","‚Č§0,5",2/38,NA,"‚Č§0,5",‚Č§2,"‚Č§0,12","‚Č§0,5","‚Č§0,5",‚Č§1,‚Č§4,"‚Č§0,25",0.06,"‚Č§0,25","‚Č§0,25",1,"‚Č§0,03","‚Č§0,5","‚Č§0,25",>8
1D-332,F5,Staphylococcus aureus,Drain pleural,Respiratory system,DTU2018-1064-PRJ1139-Staphylococcus-aureus-1D-332_R1_001,285,256,89.80%,2004598,1875350,93.55%,174,19,38,398647,30,611539,2711826,ERS4416116,ERR4013708,Staphylococcus aureus,EUSTAPF,"‚Č§0,5","‚Č§0,5",‚Č§1/19,NA,"‚Č§0,5",‚Č§2,"‚Č§0,12","‚Č§0,5",2,‚Č§1,16,0.5,0.06,"‚Č§0,25","‚Č§0,25",1,"‚Č§0,03","‚Č§0,5",0.5,2
1D-333,F5,Staphylococcus aureus,Swab toe,Skin or soft tissue,DTU2018-1065-PRJ1139-Staphylococcus-aureus-1D-333_R1_001,225,203,90.45%,1643832,1537914,93.56%,260,115,84,170942,31,255925,2728028,ERS4416117,ERR4013709,Staphylococcus aureus,EUSTAPF,"‚Č§0,5","‚Č§0,5",‚Č§1/19,NA,"‚Č§0,5",‚Č§2,"‚Č§0,12","‚Č§0,5","‚Č§0,5",‚Č§1,‚Č§4,0.5,0.06,"‚Č§0,25","‚Č§0,25",1,"‚Č§0,03","‚Č§0,5","‚Č§0,25",2
1D-334,F5,Staphylococcus aureus,Pleural fluid,Respiratory system,DTU2018-1066-PRJ1139-Staphylococcus-aureus-1D-334_R1_001,348,312,89.57%,2445170,2288558,93.60%,213,68,106,318594,22,611620,2727712,ERS4416118,ERR4013710,Staphylococcus aureus,EUSTAPF,"‚Č§0,5","‚Č§0,5",‚Č§1/19,NA,"‚Č§0,5",‚Č§2,"‚Č§0,12","‚Č§0,5","‚Č§0,5",‚Č§1,‚Č§4,0.5,0.06,"‚Č§0,25",0.5,1,"‚Č§0,03","‚Č§0,5","‚Č§0,25",2
1D-335,F5,Staphylococcus aureus,Swab ear,Ear,DTU2018-1067-PRJ1139-Staphylococcus-aureus-1D-335_R1_001,548,492,89.69%,3830962,3590812,93.73%,283,132,139,351588,23,643315,2743641,ERS4416119,ERR4013711,Staphylococcus aureus,EUSTAPF,"‚Č§0,5","‚Č§0,5",‚Č§1/19,NA,"‚Č§0,5",‚Č§2,"‚Č§0,12",>4,"‚Č§0,5",‚Č§1,‚Č§4,0.5,0.06,"‚Č§0,25","‚Č§0,25",1,"‚Č§0,03","‚Č§0,5","‚Č§0,25",2
1D-336,F6,Staphylococcus aureus,Urine,Urine,DTU2018-1068-PRJ1139-Staphylococcus-aureus-1D-336_R1_001,245,220,89.91%,1741138,1630190,93.63%,192,66,93,246956,36,453534,2723113,ERS4416120,ERR4013712,Staphylococcus aureus,EUSTAPF,"‚Č§0,5","‚Č§0,5",‚Č§1/19,NA,"‚Č§0,5",‚Č§2,"‚Č§0,12","‚Č§0,5","‚Č§0,5",‚Č§1,‚Č§4,0.5,0.06,"‚Č§0,25","‚Č§0,25",1,"‚Č§0,03","‚Č§0,5","‚Č§0,25",4
1D-337,F6,Staphylococcus aureus,Swab wound,Skin or soft tissue,DTU2018-1069-PRJ1139-Staphylococcus-aureus-1D-337_R1_001,226,203,89.82%,1597106,1494514,93.58%,127,66,59,150369,46,533123,2809585,ERS4416121,ERR4013713,Staphylococcus aureus,EUSTAPF,"‚Č§0,5","‚Č§0,5",‚Č§1/19,NA,"‚Č§0,5",4,"‚Č§0,12","‚Č§0,5","‚Č§0,5",‚Č§1,‚Č§4,0.5,0.06,"‚Č§0,25","‚Č§0,25",1,"‚Č§0,03","‚Č§0,5","‚Č§0,25",4
1D-338,F6,Staphylococcus aureus,Swab foot,Skin or soft tissue,DTU2018-1070-PRJ1139-Staphylococcus-aureus-1D-338_R1_001,294,264,89.89%,2091378,1956634,93.56%,208,60,61,239107,28,1407597,2825359,ERS4416122,ERR4013714,Staphylococcus aureus,EUSTAPF,"‚Č§0,5","‚Č§0,5",‚Č§1/19,NA,"‚Č§0,5",‚Č§2,"‚Č§0,12","‚Č§0,5","‚Č§0,5",‚Č§1,‚Č§4,0.5,0.06,"‚Č§0,25",0.5,1,"‚Č§0,03","‚Č§0,5","‚Č§0,25",2
1D-339,F6,Staphylococcus aureus,Swab crus,Skin or soft tissue,DTU2018-1071-PRJ1139-Staphylococcus-aureus-1D-339_R1_001,303,273,90.42%,2230738,2084080,93.43%,343,70,100,460004,24,527949,2746795,ERS4416123,ERR4013715,Staphylococcus aureus,EUSTAPF,"‚Č§0,5","‚Č§0,5",‚Č§1/19,NA,"‚Č§0,5",4,"‚Č§0,12","‚Č§0,5","‚Č§0,5",‚Č§1,‚Č§4,0.5,0.06,"‚Č§0,25","‚Č§0,25",1,"‚Č§0,03","‚Č§0,5","‚Č§0,25",4
1D-340,F6,Staphylococcus aureus,Swab wound,Skin or soft tissue,DTU2018-1072-PRJ1139-Staphylococcus-aureus-1D-340_R1_001,231,209,90.22%,1673844,1564842,93.49%,246,84,62,113012,58,317495,2753602,ERS4416124,ERR4013716,Staphylococcus aureus,EUSTAPF,"‚Č§0,5","‚Č§0,5",‚Č§1/19,NA,"‚Č§0,5",‚Č§2,"‚Č§0,12","‚Č§0,5","‚Č§0,5",‚Č§1,‚Č§4,0.5,0.06,"‚Č§0,25","‚Č§0,25",1,"‚Č§0,03","‚Č§0,5","‚Č§0,25",2
1D-341,F6,Staphylococcus aureus,Swab wound,Skin or soft tissue,DTU2018-1073-PRJ1139-Staphylococcus-aureus-1D-341_R1_001,218,197,90.15%,1590206,1483704,93.30%,191,57,50,274559,25,702536,2713986,ERS4416125,ERR4013717,Staphylococcus aureus,EUSTAPF,"‚Č§0,5","‚Č§0,5",‚Č§1/19,NA,"‚Č§0,5",4,"‚Č§0,12",1,"‚Č§0,5",‚Č§1,‚Č§4,0.5,0.06,"‚Č§0,25","‚Č§0,25",1,"‚Č§0,03","‚Č§0,5","‚Č§0,25",2
1D-342,F6,Staphylococcus aureus,Swab nose,Respiratory system,DTU2018-1074-PRJ1139-Staphylococcus-aureus-1D-342_R1_001,349,317,90.73%,2559460,2395888,93.61%,381,192,173,698361,21,714335,2707948,ERS4416126,ERR4013718,Staphylococcus aureus,EUSTAPF,"‚Č§0,5","‚Č§0,5",‚Č§1/19,NA,"‚Č§0,5",4,"‚Č§0,12","‚Č§0,5","‚Č§0,5",‚Č§1,‚Č§4,0.5,0.06,"‚Č§0,25","‚Č§0,25",1,"‚Č§0,03","‚Č§0,5","‚Č§0,25",2
1D-343,F6,Staphylococcus aureus,Swab wound,Skin or soft tissue,DTU2018-1075-PRJ1139-Staphylococcus-aureus-1D-343_R1_001,264,237,89.80%,1911468,1780954,93.17%,246,77,96,127528,47,278424,2790936,ERS4416127,ERR4013719,Staphylococcus aureus,EUSTAPF,"‚Č§0,5","‚Č§0,5",‚Č§1/19,NA,"‚Č§0,5",4,"‚Č§0,12","‚Č§0,5","‚Č§0,5",‚Č§1,‚Č§4,0.5,0.06,"‚Č§0,25","‚Č§0,25",1,"‚Č§0,03","‚Č§0,5","‚Č§0,25",4
1D-344,F6,Staphylococcus aureus,Swab wound,Skin or soft tissue,DTU2018-1076-PRJ1139-Staphylococcus-aureus-1D-344_R1_001,140,117,83.75%,995250,911724,91.61%,121,16,31,210258,35,969978,2784654,ERS4416128,ERR4013720,Staphylococcus aureus,EUSTAPF,"‚Č§0,5","‚Č§0,5",‚Č§1/19,NA,"‚Č§0,5",‚Č§2,"‚Č§0,12","‚Č§0,5","‚Č§0,5",‚Č§1,‚Č§4,0.5,0.06,"‚Č§0,25",1,1,"‚Č§0,03","‚Č§0,5","‚Č§0,25",4
1D-345,F6,Staphylococcus aureus,Swab crus,Skin or soft tissue,DTU2018-1077-PRJ1139-Staphylococcus-aureus-1D-345_R1_001,242,218,90.13%,1703368,1600332,93.95%,133,59,85,266646,21,795479,2714777,ERS4416129,ERR4013721,Staphylococcus aureus,EUSTAPF,"‚Č§0,5","‚Č§0,5",‚Č§1/19,NA,"‚Č§0,5",4,"‚Č§0,12","‚Č§0,5","‚Č§0,5",‚Č§1,‚Č§4,0.5,0.06,"‚Č§0,25",0.5,1,"‚Č§0,03","‚Č§0,5","‚Č§0,25",2
1D-346,F6,Staphylococcus aureus,Swab mouth corner,Skin or soft tissue,DTU2018-1078-PRJ1139-Staphylococcus-aureus-1D-346_R1_001,337,302,89.63%,2369702,2217230,93.57%,231,76,101,435985,22,482678,2713724,ERS4416130,ERR4013722,Staphylococcus aureus,EUSTAPF,"‚Č§0,5","‚Č§0,5",‚Č§1/19,NA,"‚Č§0,5",‚Č§2,"‚Č§0,12","‚Č§0,5","‚Č§0,5",‚Č§1,‚Č§4,0.5,0.06,"‚Č§0,25","‚Č§0,25",1,"‚Č§0,03","‚Č§0,5","‚Č§0,25",4
1D-347,F6,Staphylococcus aureus,Swab wound,Skin or soft tissue,DTU2018-1079-PRJ1139-Staphylococcus-aureus-1D-347_R1_001,237,215,90.46%,1683902,1582232,93.96%,162,70,73,226196,25,567333,2778659,ERS4416131,ERR4013723,Staphylococcus aureus,EUSTAPF,"‚Č§0,5","‚Č§0,5",‚Č§1/19,NA,"‚Č§0,5",‚Č§2,"‚Č§0,12","‚Č§0,5","‚Č§0,5",‚Č§1,‚Č§4,0.5,0.06,"‚Č§0,25","‚Č§0,25",1,"‚Č§0,03","‚Č§0,5","‚Č§0,25",4
1D-348,F6,Staphylococcus aureus,Swab inguina,Abdomen,DTU2018-1080-PRJ1139-Staphylococcus-aureus-1D-348_R1_001,263,236,89.81%,1850860,1735408,93.76%,156,65,83,258724,23,529509,2711763,ERS4416132,ERR4013724,Staphylococcus aureus,EUSTAPF,"‚Č§0,5","‚Č§0,5",‚Č§1/19,NA,"‚Č§0,5",4,"‚Č§0,12","‚Č§0,5","‚Č§0,5",‚Č§1,‚Č§4,0.5,0.06,"‚Č§0,25",0.5,1,"‚Č§0,03","‚Č§0,5","‚Č§0,25",4
1D-349,F7,Staphylococcus aureus,Swab throat,Respiratory system,DTU2018-1566-PRJ1139-Staphylococcus-aureus-1D-349-reextract_R1_001,1700,1458,85.76%,11894322,10866774,91.36%,1740,116,340,174182,34,557292,2721605,ERS4416133,ERR4013725,Staphylococcus aureus,EUSTAPF,"<=0,5","<=0,5",<=1/19,NA,"<=0,5",<=2,"<=0,12","<=0,5","<=0,5",<=1,<=4,0.5,0.06,0.5,0.5,1,"<=0,03","<=0,5","<=0,25",4
1D-350,F7,Staphylococcus aureus,Swab burn wound,Skin or soft tissue,DTU2018-1082-PRJ1139-Staphylococcus-aureus-1D-350_R1_001,183,165,89.93%,1297098,1214976,93.67%,113,33,47,236108,34,428318,2770448,ERS4416134,ERR4013726,Staphylococcus aureus,EUSTAPF,"‚Č§0,5","‚Č§0,5",‚Č§1/19,NA,"‚Č§0,5",4,"‚Č§0,12","‚Č§0,5","‚Č§0,5",‚Č§1,‚Č§4,0.5,0.06,"‚Č§0,25","‚Č§0,25",1,"‚Č§0,03","‚Č§0,5","‚Č§0,25",4
1D-351,F7,Staphylococcus aureus,Swab nose,Respiratory system,DTU2018-1083-PRJ1139-Staphylococcus-aureus-1D-351_R1_001,303,274,90.25%,2180286,2042810,93.69%,275,51,69,284029,43,458638,2756359,ERS4416135,ERR4013727,Staphylococcus aureus,EUSTAPF,"‚Č§0,5","‚Č§0,5",‚Č§1/19,NA,"‚Č§0,5",4,"‚Č§0,12","‚Č§0,5","‚Č§0,5",‚Č§1,‚Č§4,0.5,0.06,"‚Č§0,25","‚Č§0,25",1,"‚Č§0,03","‚Č§0,5","‚Č§0,25",4
1D-352,F8,Staphylococcus aureus,Swab,Undetermined,DTU2018-1084-PRJ1139-Staphylococcus-aureus-1D-352_R1_001,254,229,90.44%,1805074,1695240,93.92%,188,49,64,458024,18,1247492,2723526,ERS4416136,ERR4013728,Staphylococcus aureus,EUSTAPF,"‚Č§0,5","‚Č§0,5",‚Č§1/19,NA,"‚Č§0,5",‚Č§2,"‚Č§0,12","‚Č§0,5","‚Č§0,5",‚Č§1,‚Č§4,>4,0.06,"‚Č§0,25","‚Č§0,25",1,"‚Č§0,03","‚Č§0,5","‚Č§0,25",2
1D-353,F9,Staphylococcus aureus,Swab,Undetermined,DTU2018-1085-PRJ1139-Staphylococcus-aureus-1D-353_R1_001,307,277,90.49%,2179006,2051294,94.14%,229,59,60,421348,29,606966,2764134,ERS4416137,ERR4013729,Staphylococcus aureus,EUSTAPF,"‚Č§0,5","‚Č§0,5",‚Č§1/19,NA,"‚Č§0,5",‚Č§2,"‚Č§0,12","‚Č§0,5","‚Č§0,5",‚Č§1,‚Č§4,0.5,0.06,0.5,0.5,1,"‚Č§0,03","‚Č§0,5","‚Č§0,25",4
1D-354,F9,Staphylococcus aureus,Swab,Undetermined,DTU2018-1086-PRJ1139-Staphylococcus-aureus-1D-354_R1_001,210,191,91.10%,1547242,1451932,93.84%,228,109,121,477612,32,987041,2741200,ERS4416138,ERR4013730,Staphylococcus aureus,EUSTAPF,"‚Č§0,5","‚Č§0,5",‚Č§1/19,NA,"‚Č§0,5",‚Č§2,"‚Č§0,12","‚Č§0,5","‚Č§0,5",‚Č§1,‚Č§4,0.5,0.06,"‚Č§0,25","‚Č§0,25",1,"‚Č§0,03","‚Č§0,5","‚Č§0,25",2
1D-355,F1,Staphylococcus epidermidis,Urine,Urine,DTU2018-1087-PRJ1139-Staphylococcus-epidermidis-1D-355_R1_001,156,141,90.18%,1114132,1045300,93.82%,112,35,35,98968,55,221101,2508460,ERS4416139,ERR4013731,Staphylococcus epidermidis,EUSTAPF,"‚Č§0,5",>4,>8/152,NA,"‚Č§0,5",‚Č§2,0.5,"‚Č§0,5",4,2,>16,"‚Č§0,25",0.06,8,>8,2,"‚Č§0,03","‚Č§0,5",1,4
1D-356,F1,Staphylococcus epidermidis,Tissue,Undetermined,DTU2018-1088-PRJ1139-Staphylococcus-epidermidis-1D-356_R1_001,261,236,90.37%,1817502,1712332,94.21%,110,7,43,160720,36,400160,2489579,ERS4416140,ERR4013732,Staphylococcus epidermidis,EUSTAPF,"‚Č§0,5",>4,‚Č§1/19,NA,"‚Č§0,5",‚Č§2,"‚Č§0,12",4,"‚Č§0,5",4,‚Č§4,"‚Č§0,25",0.06,"‚Č§0,25","‚Č§0,25",2,"‚Č§0,03","‚Č§0,5","‚Č§0,25",1
1D-358,F2,Staphylococcus epidermidis,Blood,Blood,DTU2018-1090-PRJ1139-Staphylococcus-epidermidis-1D-358_R1_001,287,261,90.99%,2035634,1924050,94.52%,198,86,88,363791,27,972337,2442172,ERS4416142,ERR4013734,Staphylococcus epidermidis,EUSTAPF,"‚Č§0,5","‚Č§0,5",‚Č§1/19,NA,1,‚Č§2,"‚Č§0,12","‚Č§0,5","‚Č§0,5",4,‚Č§4,"‚Č§0,25",0.06,"‚Č§0,25","‚Č§0,25",2,"‚Č§0,03","‚Č§0,5","‚Č§0,25",1
1D-359,F4,Staphylococcus epidermidis,Blood,Blood,DTU2018-1091-PRJ1139-Staphylococcus-epidermidis-1D-359_R1_001,239,218,91.02%,1709268,1611112,94.26%,178,105,71,172298,34,433855,2503639,ERS4416143,ERR4013735,Staphylococcus epidermidis,EUSTAPF,"‚Č§0,5",>4,‚Č§1/19,NA,"‚Č§0,5",‚Č§2,"‚Č§0,12",2,"‚Č§0,5",‚Č§1,‚Č§4,>4,0.06,"‚Č§0,25","‚Č§0,25",2,"‚Č§0,03","‚Č§0,5","‚Č§0,25",2
1D-360,F5,Staphylococcus epidermidis,Swab abdomen,Skin or soft tissue,DTU2018-1092-PRJ1139-Staphylococcus-epidermidis-1D-360_R1_001,145,131,90.36%,1035002,972892,94.00%,138,50,67,137221,45,304273,2548054,ERS4416144,ERR4013736,Staphylococcus epidermidis,EUSTAPF,"‚Č§0,5",>4,8/152,NA,"‚Č§0,5",‚Č§2,"‚Č§0,12",2,>4,4,>16,>4,0.06,>8,>8,2,"‚Č§0,03","‚Č§0,5",>2,>8
1D-361,F5,Staphylococcus epidermidis,Pleural fluid,Respiratory system,DTU2018-1093-PRJ1139-Staphylococcus-epidermidis-1D-361_R1_001,231,209,90.37%,1633346,1536096,94.05%,177,62,71,138448,50,401821,2694580,ERS4416145,ERR4013737,Staphylococcus epidermidis,EUSTAPF,>4,>4,‚Č§1/19,NA,>4,>16,>1,2,1,>16,‚Č§4,>4,>1,0.5,1,2,>1,>8,1,>8
1D-362,F7,Staphylococcus epidermidis,Tissue,Undetermined,DTU2018-1094-PRJ1139-Staphylococcus-epidermidis-1D-362_R1_001,154,139,90.44%,1083542,1020000,94.14%,96,23,40,98967,61,189893,2500992,ERS4416146,ERR4013738,Staphylococcus epidermidis,EUSTAPF,"‚Č§0,5",>4,8/152,NA,"‚Č§0,5",‚Č§2,0.25,"‚Č§0,5",4,2,16,"‚Č§0,25",0.06,8,>8,2,"‚Č§0,03","‚Č§0,5",1,8
1D-363,F7,Staphylococcus epidermidis,Blood,Blood,DTU2018-1095-PRJ1139-Staphylococcus-epidermidis-1D-363_R1_001,342,311,90.85%,2418184,2280270,94.30%,225,73,66,147472,35,311711,2387644,ERS4416147,ERR4013739,Staphylococcus epidermidis,EUSTAPF,"‚Č§0,5",>4,‚Č§1/19,NA,"‚Č§0,5",‚Č§2,>1,4,>4,2,>16,>4,0.06,8,>8,2,>1,>8,>2,>8
1D-364,F1,Staphylococcus hominis,Blood,Blood,DTU2018-1096-PRJ1139-Staphylococcus-hominis-1D-364_R1_001,257,233,90.50%,1846846,1733024,93.84%,289,66,75,145611,38,593096,2251053,ERS4416148,ERR4013740,Staphylococcus hominis,EUSTAPF,"‚Č§0,5",>4,‚Č§1/19,NA,"‚Č§0,5",‚Č§2,"‚Č§0,12",>4,"‚Č§0,5",‚Č§1,‚Č§4,"‚Č§0,25","‚Č§0,03","‚Č§0,25","‚Č§0,25",1,"‚Č§0,03","‚Č§0,5","‚Č§0,25",4
1D-365,F2,Staphylococcus saprophyticus,Blood,Blood,DTU2018-1097-PRJ1139-Staphylococcus-hominis-1D-365_R1_001,133,120,90.15%,951448,891680,93.72%,113,20,28,311405,22,914476,2541435,ERS4416149,ERR4013741,Staphylococcus saprophyticus,EUSTAPF,"‚Č§0,5",>4,‚Č§1/19,NA,"‚Č§0,5",‚Č§2,"‚Č§0,12","‚Č§0,5","‚Č§0,5",‚Č§1,‚Č§4,"‚Č§0,25",0.06,"‚Č§0,25","‚Č§0,25",1,"‚Č§0,03","‚Č§0,5","‚Č§0,25",2
1D-366,F3,Staphylococcus lugdunensis,Swab,Undetermined,DTU2018-1098-PRJ1139-Staphylococcus-lugdunensis-1D-366_R1_001,267,243,90.93%,1991136,1863056,93.57%,366,182,149,243620,23,559688,2531529,ERS4416150,ERR4013742,Staphylococcus lugdunensis,EUSTAPF,"‚Č§0,5","‚Č§0,5",‚Č§1/19,NA,"‚Č§0,5",‚Č§2,"‚Č§0,12","‚Č§0,5","‚Č§0,5",‚Č§1,‚Č§4,"‚Č§0,25","‚Č§0,03","‚Č§0,25","‚Č§0,25",1,"‚Č§0,03","‚Č§0,5","‚Č§0,25",2
1D-367,F4,Staphylococcus lugdunensis,Swab skin ear,Ear,DTU2018-1099-PRJ1139-Staphylococcus-lugdunensis-1D-367_R1_001,152,136,89.48%,1080526,1008890,93.37%,119,29,39,627688,14,1051403,2535024,ERS4416151,ERR4013743,Staphylococcus lugdunensis,EUSTAPF,"‚Č§0,5","‚Č§0,5",‚Č§1/19,NA,"‚Č§0,5",‚Č§2,"‚Č§0,12","‚Č§0,5","‚Č§0,5",‚Č§1,‚Č§4,"‚Č§0,25","‚Č§0,03","‚Č§0,25","‚Č§0,25",1,"‚Č§0,03","‚Č§0,5","‚Č§0,25",2
1D-368,F5,Staphylococcus lugdunensis,Swab skin,Skin or soft tissue,DTU2018-1100-PRJ1139-Staphylococcus-lugdunensis-1D-368_R1_001,188,170,90.20%,1343230,1260086,93.81%,124,21,47,285250,48,790357,2576205,ERS4416152,ERR4013744,Staphylococcus lugdunensis,EUSTAPF,"‚Č§0,5","‚Č§0,5",‚Č§1/19,NA,"‚Č§0,5",‚Č§2,"‚Č§0,12","‚Č§0,5","‚Č§0,5",‚Č§1,‚Č§4,"‚Č§0,25","‚Č§0,03","‚Č§0,25","‚Č§0,25",1,"‚Č§0,03","‚Č§0,5","‚Č§0,25",2
1D-370,F11,Streptococcus agalactiae,Swab wound,Skin or soft tissue,DTU2018-1102-PRJ1139-Streptococcus-agalactiae-1D-370_R1_001,363,325,89.53%,2594538,2422974,93.39%,306,120,175,179035,22,498684,1961899,ERS4416154,ERR4013746,Streptococcus agalactiae,STP6F,‚Č§1,0.06,1,"‚Č§0,25","‚Č§0,25",>8,"‚Č§0,5","‚Č§0,25","‚Č§0,5",‚Č§2/1,"‚Č§0,5/9,5",NA,"‚Č§0,12",1,"‚Č§0,5","‚Č§0,12","‚Č§0,12",0.5,"‚Č§0,5",4
1D-371,F1,Streptococcus agalactiae,Swab,Undetermined,DTU2018-1103-PRJ1139-Streptococcus-agalactiae-1D-371_R1_001,174,156,89.37%,1220154,1142008,93.60%,89,32,60,225623,17,680399,2045644,ERS4416155,ERR4013747,Streptococcus agalactiae,STP6F,‚Č§1,0.06,1,"‚Č§0,25","‚Č§0,25",‚Č§1,"‚Č§0,5","‚Č§0,25","‚Č§0,5",‚Č§2/1,"‚Č§0,5/9,5",NA,"‚Č§0,12",1,"‚Č§0,5","‚Č§0,12","‚Č§0,12",0.25,"‚Č§0,5",2
1D-372,F1,Streptococcus agalactiae,Tissue,Undetermined,DTU2018-1104-PRJ1139-Streptococcus-agalactiae-1D-372_R1_001,241,215,89.50%,1713350,1601536,93.47%,152,73,99,89623,57,257391,2104434,ERS4416156,ERR4013748,Streptococcus agalactiae,STP6F,‚Č§1,0.06,1,"‚Č§0,25","‚Č§0,25",‚Č§1,"‚Č§0,5","‚Č§0,25","‚Č§0,5",‚Č§2/1,"‚Č§0,5/9,5",NA,"‚Č§0,12",1,"‚Č§0,5","‚Č§0,12","‚Č§0,12",0.25,"‚Č§0,5",2
1D-373,F1,Staphylococcus aureus,Swab wound,Skin or soft tissue,DTU2018-1105-PRJ1139-Streptococcus-agalactiae-1D-373_R1_001,249,225,90.23%,1793512,1677856,93.55%,205,97,94,356023,21,1045007,2737316,ERS4416157,ERR4013749,Staphylococcus aureus,EUSTAPF,"‚Č§0,5","‚Č§0,5",‚Č§1/19,NA,"‚Č§0,5",‚Č§2,"‚Č§0,12","‚Č§0,5","‚Č§0,5",‚Č§1,‚Č§4,0.5,0.06,"‚Č§0,25","‚Č§0,25",1,"‚Č§0,03","‚Č§0,5","‚Č§0,25",4
1D-374,F2,Streptococcus agalactiae,Swab outter genitalia,Reproductive system,DTU2018-1106-PRJ1139-Streptococcus-agalactiae-1D-374_R1_001,227,204,89.95%,1620194,1517678,93.67%,184,45,61,262361,24,368987,2140759,ERS4416158,ERR4013750,Streptococcus agalactiae,STP6F,‚Č§1,0.06,1,"‚Č§0,25",>2,>8,"‚Č§0,5",>2,"‚Č§0,5",‚Č§2/1,"‚Č§0,5/9,5",NA,"‚Č§0,12",1,"‚Č§0,5","‚Č§0,12",>1,0.25,"‚Č§0,5",8
1D-375,F2,Streptococcus agalactiae,Swab wound,Skin or soft tissue,DTU2018-1107-PRJ1139-Streptococcus-agalactiae-1D-375_R1_001,498,446,89.74%,3549592,3321712,93.58%,417,61,129,138780,25,445049,2130061,ERS4416159,ERR4013751,Streptococcus agalactiae,STP6F,2,0.06,>4,"‚Č§0,25","‚Č§0,25",‚Č§1,"‚Č§0,5","‚Č§0,25","‚Č§0,5",‚Č§2/1,"‚Č§0,5/9,5",NA,"‚Č§0,12",1,"‚Č§0,5","‚Č§0,12","‚Č§0,12",0.5,"‚Č§0,5",4
1D-376,F2,Streptococcus agalactiae,Urine,Urine,DTU2018-1108-PRJ1139-Streptococcus-agalactiae-1D-376_R1_001,201,180,89.76%,1420630,1330612,93.66%,132,29,45,117487,28,305121,2138810,ERS4416160,ERR4013752,Streptococcus agalactiae,STP6F,‚Č§1,0.06,1,"‚Č§0,25",>2,>8,"‚Č§0,5",>2,"‚Č§0,5",‚Č§2/1,"‚Č§0,5/9,5",NA,"‚Č§0,12",1,"‚Č§0,5","‚Č§0,12","‚Č§0,12",0.5,"‚Č§0,5",2
1D-377,F2,Streptococcus agalactiae,Urine,Urine,DTU2018-1567-PRJ1139-Streptococcus-agalactiae-1D-377-reextract_R1_001,1624,1360,83.78%,11065030,10022702,90.58%,1003,215,383,138863,25,445668,2059904,ERS4416161,ERR4013753,Streptococcus agalactiae,STP6F,<=1,0.06,1,"<=0,25",>2,>8,"<=0,5",>2,"<=0,5",<=2/1,"<=0,5/9,5",NA,"<=0,12",1,"<=0,5","<=0,12",>1,0.5,"<=0,5",4
1D-378_B,F2,Streptococcus agalactiae,Urine,Urine,DTU2019-2575-PRJ1139-Streptococcus-agalactiae-1D-378-B_R1_001,780,711,91.21%,5344070,5027256,94.07%,474,237,214,321364,26,732620,2079864,ERS4416162,ERR4013754,Streptococcus agalactiae,STP6F,<=1,"<=0,03",1,"<=0,25","<=0,25",>8,"<=0,5","<=0,25","<=0,5",<=2/1,"<=0,5/9,5",NA,"<=0,12",2,"<=0,5","<=0,12","<=0,12",0.25,"<=0,5",4
1D-379,F2,Streptococcus agalactiae,Swab vagina,Reproductive system,DTU2018-1111-PRJ1139-Streptococcus-agalactiae-1D-379_R1_001,141,125,88.68%,999150,929656,93.04%,148,25,46,177565,27,346994,2076187,ERS4416163,ERR4013755,Streptococcus agalactiae,STP6F,‚Č§1,0.06,"‚Č§0,5","‚Č§0,25","‚Č§0,25",>8,"‚Č§0,5","‚Č§0,25","‚Č§0,5",‚Č§2/1,"‚Č§0,5/9,5",NA,"‚Č§0,12",1,"‚Č§0,5","‚Č§0,12","‚Č§0,12",0.5,"‚Č§0,5",2
1D-380,F2,Streptococcus agalactiae,Swab vagina,Reproductive system,DTU2018-1112-PRJ1139-Streptococcus-agalactiae-1D-380_R1_001,183,164,89.31%,1305886,1219398,93.38%,179,13,31,171307,30,360695,1989606,ERS4416164,ERR4013756,Streptococcus agalactiae,STP6F,‚Č§1,0.06,1,"‚Č§0,25","‚Č§0,25",‚Č§1,"‚Č§0,5","‚Č§0,25","‚Č§0,5",‚Č§2/1,"‚Č§0,5/9,5",NA,"‚Č§0,12",1,"‚Č§0,5","‚Č§0,12","‚Č§0,12",0.25,"‚Č§0,5",2
1D-381,F2,Streptococcus agalactiae,Swab vagina,Reproductive system,DTU2018-1113-PRJ1139-Streptococcus-agalactiae-1D-381_R1_001,216,193,89.55%,1531394,1435736,93.75%,208,46,74,103367,51,227909,2111320,ERS4416165,ERR4013757,Streptococcus agalactiae,STP6F,‚Č§1,0.06,1,"‚Č§0,25","‚Č§0,25",‚Č§1,"‚Č§0,5","‚Č§0,25","‚Č§0,5",‚Č§2/1,"‚Č§0,5/9,5",NA,"‚Č§0,12",1,"‚Č§0,5","‚Č§0,12","‚Č§0,12",0.25,"‚Č§0,5",4
1D-382,F2,Streptococcus agalactiae,Swab vagina,Reproductive system,DTU2018-1114-PRJ1139-Streptococcus-agalactiae-1D-382_R1_001,279,248,88.90%,1978058,1843324,93.19%,275,89,122,291978,47,538265,2182833,ERS4416166,ERR4013758,Streptococcus agalactiae,STP6F,‚Č§1,0.06,1,"‚Č§0,25","‚Č§0,25",>8,"‚Č§0,5","‚Č§0,25","‚Č§0,5",‚Č§2/1,"‚Č§0,5/9,5",NA,"‚Č§0,12",1,"‚Č§0,5","‚Č§0,12","‚Č§0,12",0.25,"‚Č§0,5",4
1D-383,F2,Streptococcus agalactiae,Swab skin,Skin or soft tissue,DTU2018-1115-PRJ1139-Streptococcus-agalactiae-1D-383_R1_001,171,153,89.11%,1201834,1124538,93.57%,162,59,51,117883,38,280308,1987789,ERS4416167,ERR4013759,Streptococcus agalactiae,STP6F,‚Č§1,0.06,1,"‚Č§0,25","‚Č§0,25",>8,"‚Č§0,5","‚Č§0,25","‚Č§0,5",‚Č§2/1,"‚Č§0,5/9,5",NA,"‚Č§0,12",1,"‚Č§0,5","‚Č§0,12","‚Č§0,12",0.25,"‚Č§0,5",4
1D-384,F3,Streptococcus agalactiae,Swab,Undetermined,DTU2018-1569-PRJ1139-Streptococcus-agalactiae-1D-384-reextract_R1_001,2661,2183,82.05%,18100664,16128594,89.10%,1664,84,478,341490,18,842011,2080522,ERS4416168,ERR4013760,Streptococcus agalactiae,STP6F,<=1,0.06,1,"<=0,25",>2,<=1,"<=0,5",>2,"<=0,5",<=2/1,"<=0,5/9,5",NA,"<=0,12",1,"<=0,5","<=0,12",>1,0.25,"<=0,5",4
1D-385,F3,Streptococcus agalactiae,Urine,Urine,DTU2018-1117-PRJ1139-Streptococcus-agalactiae-1D-385_R1_001,336,299,89.06%,2415006,2246472,93.02%,431,126,143,82803,183,266044,2195909,ERS4416169,ERR4013761,Streptococcus agalactiae,STP6F,‚Č§1,"‚Č§0,03",1,"‚Č§0,25",>2,>8,"‚Č§0,5",>2,"‚Č§0,5",‚Č§2/1,"‚Č§0,5/9,5",NA,"‚Č§0,12",1,"‚Č§0,5","‚Č§0,12",>1,0.25,"‚Č§0,5",4
1D-386,F3,Streptococcus agalactiae,Swab,Undetermined,DTU2018-1118-PRJ1139-Streptococcus-agalactiae-1D-386_R1_001,208,185,89.25%,1480520,1385258,93.57%,236,45,59,187464,23,627386,2069396,ERS4416170,ERR4013762,Streptococcus agalactiae,STP6F,‚Č§1,0.06,1,"‚Č§0,25",>2,>8,"‚Č§0,5",2,"‚Č§0,5",‚Č§2/1,"‚Č§0,5/9,5",NA,"‚Č§0,12",1,"‚Č§0,5","‚Č§0,12","‚Č§0,12",0.25,"‚Č§0,5",4
1D-387,F5,Streptococcus agalactiae,Urine,Urine,DTU2018-1119-PRJ1139-Streptococcus-agalactiae-1D-387_R1_001,297,265,89.25%,2107620,1967270,93.34%,371,40,75,767426,20,778992,2187925,ERS4416171,ERR4013763,Streptococcus agalactiae,STP6F,‚Č§1,0.06,1,"‚Č§0,25","‚Č§0,25",>8,"‚Č§0,5","‚Č§0,25","‚Č§0,5",‚Č§2/1,"‚Č§0,5/9,5",NA,"‚Č§0,12",1,"‚Č§0,5","‚Č§0,12","‚Č§0,12",0.5,"‚Č§0,5",4
1D-388,F5,Streptococcus agalactiae,Urine,Urine,DTU2018-1120-PRJ1139-Streptococcus-agalactiae-1D-388_R1_001,157,140,89.49%,1123302,1049128,93.40%,169,31,49,97711,42,170361,2152190,ERS4416172,ERR4013764,Streptococcus agalactiae,STP6F,‚Č§1,0.06,1,"‚Č§0,25","‚Č§0,25",>8,"‚Č§0,5","‚Č§0,25","‚Č§0,5",‚Č§2/1,"‚Č§0,5/9,5",NA,"‚Č§0,12",1,"‚Č§0,5","‚Č§0,12","‚Č§0,12",0.25,"‚Č§0,5",4
1D-389,F5,Streptococcus agalactiae,Urine,Urine,DTU2018-1121-PRJ1139-Streptococcus-agalactiae-1D-389_R1_001,229,207,90.20%,1670016,1561186,93.48%,212,94,86,98349,40,230939,2177475,ERS4416173,ERR4013765,Streptococcus agalactiae,STP6F,‚Č§1,0.06,"‚Č§0,5","‚Č§0,25",>2,‚Č§1,"‚Č§0,5",2,"‚Č§0,5",‚Č§2/1,"‚Č§0,5/9,5",NA,"‚Č§0,12",1,"‚Č§0,5","‚Č§0,12","‚Č§0,12",0.5,"‚Č§0,5",2
1D-390,F6,Streptococcus agalactiae,Urine,Urine,DTU2018-1122-PRJ1139-Streptococcus-agalactiae-1D-390_R1_001,250,225,89.95%,1817662,1695850,93.30%,261,122,103,195144,27,484236,2067171,ERS4416174,ERR4013766,Streptococcus agalactiae,STP6F,‚Č§1,0.06,1,"‚Č§0,25","‚Č§0,25",<=1,"‚Č§0,5","‚Č§0,25","‚Č§0,5",‚Č§2/1,"‚Č§0,5/9,5",NA,"‚Č§0,12",1,"‚Č§0,5","‚Č§0,12","‚Č§0,12",0.25,"‚Č§0,5",4
1D-391,F7,Streptococcus agalactiae,Urine,Urine,DTU2018-1123-PRJ1139-Streptococcus-agalactiae-1D-391_R1_001,268,241,89.86%,2016502,1869434,92.71%,373,155,179,177386,35,534909,2085434,ERS4416175,ERR4013767,Streptococcus agalactiae,STP6F,‚Č§1,0.06,1,"‚Č§0,25",>2,>8,"‚Č§0,5",>2,"‚Č§0,5",‚Č§2/1,"‚Č§0,5/9,5",NA,"‚Č§0,12",1,"‚Č§0,5","‚Č§0,12","‚Č§0,12",0.25,"‚Č§0,5",4
1D-392,F8,Streptococcus agalactiae,Urine,Urine,DTU2018-1124-PRJ1139-Streptococcus-agalactiae-1D-392_R1_001,214,191,89.48%,1556116,1450002,93.18%,166,71,114,156618,37,442933,2099448,ERS4416176,ERR4013768,Streptococcus agalactiae,STP6F,‚Č§1,0.06,1,"‚Č§0,25","‚Č§0,25",‚Č§1,"‚Č§0,5","‚Č§0,25","‚Č§0,5",‚Č§2/1,"‚Č§0,5/9,5",NA,"‚Č§0,12",1,"‚Č§0,5","‚Č§0,12","‚Č§0,12",0.25,"‚Č§0,5",2
1D-393,F8,Streptococcus agalactiae,Urine,Urine,DTU2018-1125-PRJ1139-Streptococcus-agalactiae-1D-393_R1_001,236,211,89.31%,1701240,1585542,93.20%,189,19,49,149658,26,306706,2070512,ERS4416177,ERR4013769,Streptococcus agalactiae,STP6F,‚Č§1,0.06,1,"‚Č§0,25","‚Č§0,25",>8,"‚Č§0,5","‚Č§0,25","‚Č§0,5",‚Č§2/1,"‚Č§0,5/9,5",NA,"‚Č§0,12",2,"‚Č§0,5","‚Č§0,12","‚Č§0,12",0.25,"‚Č§0,5",4
1D-394,F3,Streptococcus sp,Swab,Undetermined,DTU2018-1126-PRJ1139-Streptococcus-anginosus-1D-394_R1_001,93,82,88.84%,668278,621940,93.07%,106,39,56,124831,27,306033,2077787,ERS4533759,ERR4076736,Streptococcus sp,STP6F,‚Č§1,0.06,"‚Č§0,5","‚Č§0,25","‚Č§0,25",‚Č§1,"‚Č§0,5","‚Č§0,25","‚Č§0,5",‚Č§2/1,"‚Č§0,5/9,5",NA,0.5,0.5,1,0.25,0.5,0.5,"‚Č§0,5",2
1D-395,F1,Streptococcus dysgalactiae,Swab,Undetermined,DTU2018-1390-PRJ1139-Streptococcus-dysgalactiae-1D-395-rerun_S48_L001_R1_001,205,175,0.8543,1130978,1071466,0.9474,670,423,202,77634,69,228194,2216177,ERS4416178,ERR4013770,Streptococcus dysgalactiae,STP6F,<=1,"<=0,03","<=0,5","<=0,25",>2,>8,"<=0,5",>2,"<=0,5",<=2/1,"<=0,5/9,5",NA,"<=0,12",1,"<=0,5","<=0,12",>1,"<=0,06","<=0,5",4
1D-396,F5,Streptococcus dysgalactiae,Urine,Urine,DTU2018-1128-PRJ1139-Streptococcus-dysgalactiae-1D-396_R1_001,216,192,88.66%,1570338,1458446,92.87%,178,32,103,74038,67,212063,2090728,ERS4416179,ERR4013771,Streptococcus dysgalactiae,STP6F,‚Č§1,"‚Č§0,03",1,"‚Č§0,25","‚Č§0,25",‚Č§1,"‚Č§0,5","‚Č§0,25","‚Č§0,5",‚Č§2/1,"‚Č§0,5/9,5",NA,"‚Č§0,12",1,"‚Č§0,5","‚Č§0,12","‚Č§0,12","‚Č§0,06","‚Č§0,5",4
1D-397,F2,Streptococcus dysgalactiae,Swab throat,Respiratory system,DTU2018-1129-PRJ1139-Streptococcus-dysgalactiae-1D-397_R1_001,157,137,87.66%,1123314,1038478,92.45%,109,21,49,67807,74,150697,2107311,ERS4416180,ERR4013772,Streptococcus dysgalactiae,STP6F,<=1,"<=0,03","<=0,5","<=0,25","<=0,25",<=1,"<=0,5","<=0,25","<=0,5",<=2/1,"<=0,5/9,5",NA,"<=0,12",2,"<=0,5","<=0,12","<=0,12",0.12,"<=0,5",4
1D-398,F2,Streptococcus dysgalactiae,Swab throat,Respiratory system,DTU2018-1130-PRJ1139-Streptococcus-dysgalactiae-1D-398_R1_001,140,123,88.24%,1008628,935604,92.76%,98,14,33,57765,79,107135,1988395,ERS4416181,ERR4013773,Streptococcus dysgalactiae,STP6F,‚Č§1,"‚Č§0,03","‚Č§0,5","‚Č§0,25","‚Č§0,25",4,"‚Č§0,5","‚Č§0,25","‚Č§0,5",‚Č§2/1,"‚Č§0,5/9,5",NA,"‚Č§0,12",1,"‚Č§0,5","‚Č§0,12","‚Č§0,12",0.12,"‚Č§0,5",4
1D-400,F10,Streptococcus dysgalactiae,Swab mucosa,Undetermined,DTU2018-1132-PRJ1139-Streptococcus-dysgalactiae-1D-400_R1_001,409,364,88.89%,2992530,2782400,92.98%,390,104,169,76315,58,151791,2151136,ERS4416183,ERR4013775,Streptococcus dysgalactiae,STP6F,‚Č§1,"‚Č§0,03","‚Č§0,5","‚Č§0,25","‚Č§0,25",‚Č§1,"‚Č§0,5","‚Č§0,25","‚Č§0,5",‚Č§2/1,"‚Č§0,5/9,5",NA,"‚Č§0,12",1,"‚Č§0,5","‚Č§0,12","‚Č§0,12","‚Č§0,06","‚Č§0,5",4
1D-401,F2,Streptococcus dysgalactiae,Swab vagina,Reproductive system,DTU2018-1133-PRJ1139-Streptococcus-dysgalactiae-1D-401_R1_001,181,162,89.28%,1322162,1231344,93.13%,169,67,76,74262,83,216030,2159907,ERS4416184,ERR4013776,Streptococcus dysgalactiae,STP6F,‚Č§1,"‚Č§0,03","‚Č§0,5","‚Č§0,25","‚Č§0,25",‚Č§1,"‚Č§0,5","‚Č§0,25","‚Č§0,5",‚Č§2/1,"‚Č§0,5/9,5",NA,"‚Č§0,12",1,"‚Č§0,5","‚Č§0,12","‚Č§0,12",0.12,"‚Č§0,5",4
1D-402,F3,Streptococcus dysgalactiae,Swab,Undetermined,DTU2018-1403-PRJ1139-Streptococcus-sp-1D-402-reextract_R1_001,466,403,86.48%,2021964,1934884,95.69%,495,234,330,77416,82,182863,2109323,ERS4416185,ERR4013777,Streptococcus dysgalactiae,STP6F,<=1,"<=0,03",1,"<=0,25","<=0,25",<=1,"<=0,5","<=0,25","<=0,5",<=2/1,"<=0,5/9,5",NA,"<=0,12",1,"<=0,5","<=0,12","<=0,12","<=0,06","<=0,5",2
1D-403,F6,Streptococcus dysgalactiae,Swab mouth corner,Skin or soft tissue,DTU2018-1135-PRJ1139-Streptococcus-sp-1D-403_R1_001,311,279,89.44%,2292512,2133318,93.06%,355,144,150,73298,58,182696,2093457,ERS4416186,ERR4013778,Streptococcus dysgalactiae,STP6F,‚Č§1,"‚Č§0,03",1,"‚Č§0,25","‚Č§0,25",‚Č§1,"‚Č§0,5","‚Č§0,25","‚Č§0,5",‚Č§2/1,"‚Č§0,5/9,5",NA,"‚Č§0,12",1,"‚Č§0,5","‚Č§0,12","‚Č§0,12",0.12,"‚Č§0,5",4
1D-404,F3,Streptococcus dysgalactiae,Swab,Undetermined,DTU2018-1136-PRJ1139-Streptococcus-sp-1D-404_R1_001,250,222,88.67%,1806766,1679056,92.93%,233,86,123,106585,51,274683,2210663,ERS4416187,ERR4013779,Streptococcus dysgalactiae,STP6F,‚Č§1,"‚Č§0,03","‚Č§0,5","‚Č§0,25","‚Č§0,25",‚Č§1,"‚Č§0,5","‚Č§0,25","‚Č§0,5",‚Č§2/1,"‚Č§0,5/9,5",NA,"‚Č§0,12",1,"‚Č§0,5","‚Č§0,12","‚Č§0,12",0.12,"‚Č§0,5",4
1D-405,F3,Streptococcus dysgalactiae,Swab,Undetermined,DTU2018-1570-PRJ1139-Streptococcus-sp-1D-405-reextract2_R1_001,1580,1300,82.29%,11033322,9772956,88.58%,1369,651,435,46815,83,114715,2204515,ERS4416188,ERR4013780,Streptococcus dysgalactiae,STP6F,<=1,"<=0,03","<=0,5","<=0,25","<=0,25",<=1,"<=0,5","<=0,25","<=0,5",<=2/1,"<=0,5/9,5",NA,"<=0,12",1,"<=0,5","<=0,12","<=0,12","<=0,06","<=0,5",4
1D-406,F8,Streptococcus dysgalactiae,Swab,Undetermined,DTU2018-1138-PRJ1139-Streptococcus-sp-1D-406_R1_001,199,178,89.29%,1488932,1379502,92.65%,269,114,145,59183,72,246095,2077444,ERS4416189,ERR4013781,Streptococcus dysgalactiae,STP6F,‚Č§1,"‚Č§0,03",1,"‚Č§0,25","‚Č§0,25",4,"‚Č§0,5","‚Č§0,25","‚Č§0,5",‚Č§2/1,"‚Č§0,5/9,5",NA,"‚Č§0,12",1,"‚Č§0,5","‚Č§0,12","‚Č§0,12","‚Č§0,06","‚Č§0,5",4
1D-407,F5,Streptococcus oralis,Vascular prothesis,Blood,DTU2018-1139-PRJ1139-Streptococcus-oralis-1D-407_R1_001,355,314,88.58%,2657776,2453866,92.33%,513,135,267,298504,20,529335,2119560,ERS4416190,ERR4013782,Streptococcus oralis,STP6F,‚Č§1,0.25,2,"‚Č§0,25",1,‚Č§1,"‚Č§0,5",2,"‚Č§0,5",‚Č§2/1,"‚Č§0,5/9,5",NA,"‚Č§0,12",1,1,"‚Č§0,12","‚Č§0,12",1,"‚Č§0,5",4
1D-408,F11,Streptococcus pneumoniae,Blood,Blood,DTU2018-1140-PRJ1139-Streptococcus-pneumoniae-1D-408_R1_001,226,201,88.86%,1659094,1538702,92.74%,253,52,116,85555,29,394226,1976448,ERS4416191,ERR4013783,Streptococcus pneumoniae,STP6F,‚Č§1,"‚Č§0,03",1,"‚Č§0,25",1,‚Č§1,"‚Č§0,5",1,"‚Č§0,5",‚Č§2/1,"‚Č§0,5/9,5",NA,"‚Č§0,12",1,"‚Č§0,5","‚Č§0,12",0.5,"‚Č§0,06","‚Č§0,5",8
1D-409,F1,Streptococcus pneumoniae,Sputum,Respiratory system,DTU2018-1141-PRJ1139-Streptococcus-pneumoniae-1D-409_R1_001,148,131,88.08%,1077466,997098,92.54%,133,31,67,112540,115,254626,2132520,ERS4416192,ERR4013784,Streptococcus pneumoniae,STP6F,‚Č§1,0.06,2,"‚Č§0,25",1,>8,"‚Č§0,5",2,"‚Č§0,5",‚Č§2/1,"‚Č§0,5/9,5",NA,"‚Č§0,12",0.5,"‚Č§0,5","‚Č§0,12","‚Č§0,12",0.5,"‚Č§0,5",2
1D-410,F2,Streptococcus pneumoniae,Blood,Blood,DTU2018-1142-PRJ1139-Streptococcus-pneumoniae-1D-410_R1_001,312,278,89.23%,2456384,2247856,91.51%,673,87,117,96235,34,408937,2017281,ERS4416193,ERR4013785,Streptococcus pneumoniae,STP6F,‚Č§1,"‚Č§0,03",1,"‚Č§0,25","‚Č§0,25",‚Č§1,"‚Č§0,5","‚Č§0,25","‚Č§0,5",‚Č§2/1,"‚Č§0,5/9,5",NA,"‚Č§0,12",1,"‚Č§0,5","‚Č§0,12","‚Č§0,12",0.12,"‚Č§0,5",2
1D-411,F5,Streptococcus pneumoniae,Sputum,Respiratory system,DTU2018-1571-PRJ1139-Streptococcus-pneumoniae-1D-411-reextract2_R1_001,666,497,74.69%,4634992,3843928,82.93%,979,541,135,105698,46,165746,2163603,ERS4416194,ERR4013786,Streptococcus pneumoniae,STP6F,<=1,0.06,"<=0,5","<=0,25","<=0,25",<=1,"<=0,5","<=0,25","<=0,5",<=2/1,"<=0,5/9,5",NA,"<=0,12",0.5,"<=0,5","<=0,12","<=0,12",0.12,"<=0,5",2
1D-412,F7,Streptococcus pneumoniae,Blood,Blood,DTU2018-1144-PRJ1139-Streptococcus-pneumoniae-1D-412_R1_001,184,163,88.69%,1326814,1232206,92.87%,133,33,65,118238,39,387502,2115814,ERS4416195,ERR4013787,Streptococcus pneumoniae,STP6F,‚Č§1,0.25,1,"‚Č§0,25",0.5,‚Č§1,"‚Č§0,5","‚Č§0,25","‚Č§0,5",‚Č§2/1,2/38,NA,"‚Č§0,12",2,"‚Č§0,5","‚Č§0,12","‚Č§0,12",0.12,"‚Č§0,5",4
1D-413,F8,Streptococcus pneumoniae,Sputum,Respiratory system,DTU2018-1145-PRJ1139-Streptococcus-pneumoniae-1D-413_R1_001,138,121,88.01%,999286,924778,92.54%,112,37,93,79768,49,217555,2000524,ERS4416196,ERR4013788,Streptococcus pneumoniae,STP6F,‚Č§1,"‚Č§0,03",1,"‚Č§0,25","‚Č§0,25",‚Č§1,"‚Č§0,5",0.5,"‚Č§0,5",‚Č§2/1,"‚Č§0,5/9,5",NA,"‚Č§0,12",1,"‚Č§0,5","‚Č§0,12","‚Č§0,12",0.12,"‚Č§0,5",2
1D-414,F9,Streptococcus pneumoniae,Blood,Blood,DTU2018-1146-PRJ1139-Streptococcus-pneumoniae-1D-414_R1_001,244,215,87.89%,1757592,1626902,92.56%,188,102,154,115608,35,263434,1987388,ERS4416197,ERR4013789,Streptococcus pneumoniae,STP6F,‚Č§1,"‚Č§0,03",1,"‚Č§0,25","‚Č§0,25",‚Č§1,"‚Č§0,5","‚Č§0,25","‚Č§0,5",‚Č§2/1,"‚Č§0,5/9,5",NA,"‚Č§0,12",0.5,"‚Č§0,5","‚Č§0,12","‚Č§0,12",0.12,"‚Č§0,5",<=1
1D-415,F1,Streptococcus pyogenes,Swab,Undetermined,DTU2018-1147-PRJ1139-Streptococcus-pyogenes-1D-415_R1_001,114,100,87.98%,824948,763222,92.52%,104,42,68,109367,34,294467,1822999,ERS4416198,ERR4013790,Streptococcus pyogenes,STP6F,<=1,"<=0,03","<=0,5","<=0,25","<=0,25",<=1,"<=0,5","<=0,25","<=0,5",<=2/1,"<=0,5/9,5",NA,"<=0,12",1,"<=0,5","<=0,12","<=0,12","<=0,06","<=0,5",4
1D-416,F1,Streptococcus pyogenes,Swab,Undetermined,DTU2018-1148-PRJ1139-Streptococcus-pyogenes-1D-416_R1_001,183,162,88.36%,1333470,1235554,92.66%,168,62,160,163049,17,674351,1731793,ERS4416199,ERR4013791,Streptococcus pyogenes,STP6F,‚Č§1,"‚Č§0,03",1,"‚Č§0,25","‚Č§0,25",‚Č§1,"‚Č§0,5","‚Č§0,25","‚Č§0,5",‚Č§2/1,"‚Č§0,5/9,5",NA,"‚Č§0,12",0.5,"‚Č§0,5","‚Č§0,12","‚Č§0,12","‚Č§0,06","‚Č§0,5",2
1D-417,F1,Streptococcus pyogenes,Swab,Undetermined,DTU2018-1149-PRJ1139-Streptococcus-pyogenes-1D-417_R1_001,120,104,87.16%,852192,786744,92.32%,72,24,23,148482,22,405495,1750730,ERS4416200,ERR4013792,Streptococcus pyogenes,STP6F,‚Č§1,"‚Č§0,03",1,"‚Č§0,25","‚Č§0,25",‚Č§1,"‚Č§0,5","‚Č§0,25","‚Č§0,5",‚Č§2/1,"‚Č§0,5/9,5",NA,"‚Č§0,12",1,"‚Č§0,5","‚Č§0,12",0.25,"‚Č§0,06","‚Č§0,5",8
1D-418,F1,Streptococcus pyogenes,Swab,Undetermined,DTU2018-1150-PRJ1139-Streptococcus-pyogenes-1D-418_R1_001,158,140,88.44%,1138036,1056348,92.82%,147,64,140,163049,20,660981,1758882,ERS4416201,ERR4013793,Streptococcus pyogenes,STP6F,‚Č§1,"‚Č§0,03","‚Č§0,5","‚Č§0,25","‚Č§0,25",‚Č§1,"‚Č§0,5","‚Č§0,25","‚Č§0,5",‚Č§2/1,"‚Č§0,5/9,5",NA,"‚Č§0,12",1,"‚Č§0,5","‚Č§0,12","‚Č§0,12","‚Č§0,06","‚Č§0,5",4
1D-420,F2,Streptococcus pyogenes,Swab impetigo,Skin or soft tissue,DTU2018-1152-PRJ1139-Streptococcus-pyogenes-1D-420_R1_001,219,193,88.30%,1577614,1464526,92.83%,151,53,103,162917,29,309261,1856994,ERS4416203,ERR4013795,Streptococcus pyogenes,STP6F,‚Č§1,"‚Č§0,03",1,"‚Č§0,25","‚Č§0,25",‚Č§1,"‚Č§0,5",1,"‚Č§0,5",‚Č§2/1,"‚Č§0,5/9,5",NA,"‚Č§0,12",1,"‚Č§0,5","‚Č§0,12","‚Č§0,12","‚Č§0,06","‚Č§0,5",16
1D-421,F2,Streptococcus pyogenes,Swab skin,Skin or soft tissue,DTU2018-1153-PRJ1139-Streptococcus-pyogenes-1D-421_R1_001,230,203,88.34%,1654878,1533844,92.69%,157,51,102,109303,92,282024,1993125,ERS4416204,ERR4013796,Streptococcus pyogenes,STP6F,‚Č§1,"‚Č§0,03",1,"‚Č§0,25","<=0,25",<=1,"‚Č§0,5","<=0,25","‚Č§0,5",‚Č§2/1,"‚Č§0,5/9,5",NA,"‚Č§0,12",1,"‚Č§0,5","‚Č§0,12","<=0,12","‚Č§0,06","‚Č§0,5",4
1D-422,F2,Streptococcus pyogenes,Swab throat,Respiratory system,DTU2018-1154-PRJ1139-Streptococcus-pyogenes-1D-422_R1_001,297,263,88.65%,2146446,1994324,92.91%,205,64,126,205017,36,265869,1850474,ERS4416205,ERR4013797,Streptococcus pyogenes,STP6F,‚Č§1,"‚Č§0,03",1,"‚Č§0,25","‚Č§0,25",>8,"‚Č§0,5","‚Č§0,25","‚Č§0,5",‚Č§2/1,"‚Č§0,5/9,5",NA,"‚Č§0,12",2,"‚Č§0,5","‚Č§0,12","‚Č§0,12",0.12,"‚Č§0,5",4
1D-423_B,F3,Streptococcus pyogenes,Swab,Undetermined,DTU2019-2576-PRJ1139-Streptococcus-pyogenes-1D-423-B_R1_001,795,727,91.51%,5431552,5133666,94.52%,314,25,143,163028,17,671323,1730012,ERS4416206,ERR4013798,Streptococcus pyogenes,STP6F,<=1,"<=0,03",1,"<=0,25","<=0,25",<=1,"<=0,5","<=0,25","<=0,5",<=2/1,"<=0,5/9,5",NA,"<=0,12",1,"<=0,5","<=0,12","<=0,12","<=0,06","<=0,5",2
1D-424,F5,Staphylococcus aureus,Swab leg,Skin or soft tissue,DTU2018-1156-PRJ1139-Streptococcus-pyogenes-1D-424_R1_001,231,209,90.35%,1656412,1554298,93.84%,150,42,106,486139,28,537204,2823980,ERS4416207,ERR4013799,Staphylococcus aureus,EUSTAPF,"‚Č§0,5","‚Č§0,5",‚Č§1/19,NA,"‚Č§0,5",‚Č§2,"‚Č§0,12","‚Č§0,5","‚Č§0,5",‚Č§1,‚Č§4,0.5,0.06,"‚Č§0,25","‚Č§0,25",1,"‚Č§0,03","‚Č§0,5","‚Č§0,25",4
1D-425,F5,Staphylococcus aureus,Swab toe,Skin or soft tissue,DTU2018-1157-PRJ1139-Streptococcus-pyogenes-1D-425_R1_001,264,239,90.56%,1932874,1807326,93.50%,232,112,121,150246,35,410746,2767711,ERS4416208,ERR4013800,Staphylococcus aureus,EUSTAPF,"‚Č§0,5","‚Č§0,5",‚Č§1/19,NA,"‚Č§0,5",‚Č§2,"‚Č§0,12","‚Č§0,5","‚Č§0,5",‚Č§1,‚Č§4,0.5,0.06,"‚Č§0,25","‚Č§0,25",1,"‚Č§0,03","‚Č§0,5","‚Č§0,25",2
1D-426,F7,Streptococcus pyogenes,Swab throat,Respiratory system,DTU2018-1407-PRJ1139-Streptococcus-pyogenes-1D-426-reextract_R1_001,466,409,87.69%,1963264,1892722,96.41%,288,100,220,277555,108,395803,1914543,ERS4416209,ERR4013801,Streptococcus pyogenes,STP6F,<=1,"<=0,03","<=0,5","<=0,25","<=0,25",<=1,"<=0,5","<=0,25","<=0,5",<=2/1,"<=0,5/9,5",NA,"<=0,12",1,"<=0,5","<=0,12","<=0,12","<=0,06","<=0,5",4
1D-427,F1,Streptococcus gordonii,Peritoneal dialysis fluid,Abdomen,DTU2018-1159-PRJ1139-Streptococcus-sanguinis-1D-427_R1_001,270,232,85.97%,1963646,1789662,91.14%,425,96,164,537513,97,625655,2259533,ERS4416210,ERR4013802,Streptococcus gordonii,STP6F,<=1,"<=0,03","<=0,5","<=0,25","<=0,25",<=1,"<=0,5","<=0,25","<=0,5",‚Č§2/1,2/38,NA,"‚Č§0,12",1,1,"‚Č§0,12","<=0,12",1,"‚Č§0,5",2
1D-428,F7,Streptococcus mitis,Pus glans,Reproductive system,DTU2018-1160-PRJ1139-Streptococcus-sp-1D-428_R1_001,174,151,86.86%,1244562,1142642,91.81%,263,57,68,100561,65,272202,2116102,ERS4416211,ERR4013803,Streptococcus mitis,STP6F,‚Č§1,"<=0,03",1,"‚Č§0,25",>2,‚Č§1,"‚Č§0,5",>2,"‚Č§0,5",‚Č§2/1,"‚Č§0,5/9,5",NA,"‚Č§0,12",1,"‚Č§0,5","‚Č§0,12","<=0,12",0.5,"‚Č§0,5",2
