Run,Assay Type,AvgSpotLen,Bases,BioProject,BioSample,Bytes,Center Name,Consent,DATASTORE filetype,DATASTORE provider,DATASTORE region,Experiment,Instrument,Isolate,LibraryLayout,LibrarySelection,LibrarySource,Organism,Platform,ReleaseDate,Sample Name,SRA Study,STRAIN,specific_host,body_site,geo_loc_name_country,geo_loc_name_country_continent,geo_loc_name,Isolation_source,Label,Host,Cystic_fibrosis,Infection_site,MEM,MIC_MEM,CAZ,MIC_CAZ,TOB,MIC_TOB,CIP,MIC_CIP
SRR1056046,RNA-Seq,214,611459418,PRJNA231236,SAMN02470300,407270368,HELMHOLTZ CENTER FOR INFECTION RESEARCH,public,"fastq,sra",s3,s3.us-east-1,SRX396860,Illumina Genome Analyzer IIx,PSAE1715,PAIRED,cDNA,TRANSCRIPTOMIC,Pseudomonas aeruginosa,ILLUMINA,2015-06-17T00:00:00Z,clinical_pool_10_bc10,SRP034661,clinical isolate,Homo sapiens,respiratory tract,Germany,Europe,Germany: Freiburg,"Strain collection University of Freiburg\, Germany",NA,NA,nd,respiratory_tract,I,8,S,4,S,0.5,S,1
SRR1056047,RNA-Seq,214,561809064,PRJNA231236,SAMN02470301,376354699,HELMHOLTZ CENTER FOR INFECTION RESEARCH,public,"fastq,sra",s3,s3.us-east-1,SRX396861,Illumina Genome Analyzer IIx,PSAE1775,PAIRED,cDNA,TRANSCRIPTOMIC,Pseudomonas aeruginosa,ILLUMINA,2015-06-17T00:00:00Z,clinical_pool_10_bc11,SRP034661,clinical isolate,Homo sapiens,respiratory tract,Germany,Europe,Germany: Ruedesheim,"Strain collection University of Freiburg\, Germany",NA,NA,nd,respiratory_tract,I,8,S,4,S,1,S,0.5
SRR1056048,RNA-Seq,214,488891988,PRJNA231236,SAMN02470302,328134478,HELMHOLTZ CENTER FOR INFECTION RESEARCH,public,"sra,fastq",s3,s3.us-east-1,SRX396862,Illumina Genome Analyzer IIx,PSAE1807,PAIRED,cDNA,TRANSCRIPTOMIC,Pseudomonas aeruginosa,ILLUMINA,2015-06-17T00:00:00Z,clinical_pool_10_bc12,SRP034661,clinical isolate,Homo sapiens,respiratory tract,Germany,Europe,Germany: Berlin,"Strain collection University of Freiburg\, Germany",NA,NA,nd,respiratory_tract,I,8,R,64,S,0.5,S,0.25
SRR1056049,RNA-Seq,214,500735818,PRJNA231236,SAMN02470303,333008519,HELMHOLTZ CENTER FOR INFECTION RESEARCH,public,"sra,fastq",s3,s3.us-east-1,SRX396863,Illumina Genome Analyzer IIx,PSAE1829,PAIRED,cDNA,TRANSCRIPTOMIC,Pseudomonas aeruginosa,ILLUMINA,2015-06-17T00:00:00Z,clinical_pool_10_bc13,SRP034661,clinical isolate,Homo sapiens,respiratory tract,Germany,Europe,Germany: Regensburg,"Strain collection University of Freiburg\, Germany",NA,NA,nd,respiratory_tract,I,8,S,4,S,0.5,I,2
SRR1056050,RNA-Seq,214,637791262,PRJNA231236,SAMN02470304,421066299,HELMHOLTZ CENTER FOR INFECTION RESEARCH,public,"fastq,sra",s3,s3.us-east-1,SRX396864,Illumina Genome Analyzer IIx,PSAE1695,PAIRED,cDNA,TRANSCRIPTOMIC,Pseudomonas aeruginosa,ILLUMINA,2015-06-17T00:00:00Z,clinical_pool_10_bc15,SRP034661,clinical isolate,Homo sapiens,repiratory tract,Germany,Europe,Germany: Bremen,"Strain collection University of Freiburg\, Germany",NA,NA,nd,respiratory_tract,S,1,S,4,S,4,R,64
SRR1056051,RNA-Seq,214,819015878,PRJNA231236,SAMN02470305,534733927,HELMHOLTZ CENTER FOR INFECTION RESEARCH,public,"sra,fastq",s3,s3.us-east-1,SRX396865,Illumina Genome Analyzer IIx,PSAE1655,PAIRED,cDNA,TRANSCRIPTOMIC,Pseudomonas aeruginosa,ILLUMINA,2015-06-17T00:00:00Z,clinical_pool_10_bc2,SRP034661,clinical isolate,Homo sapiens,repiratory tract,Germany,Europe,Germany: Munich,"Strain collection University of Freiburg\, Germany",NA,NA,nd,respiratory_tract,I,8,S,4,S,1,I,2
SRR1056052,RNA-Seq,214,650242852,PRJNA231236,SAMN02470306,429239068,HELMHOLTZ CENTER FOR INFECTION RESEARCH,public,"sra,fastq",s3,s3.us-east-1,SRX396866,Illumina Genome Analyzer IIx,PSAE1793,PAIRED,cDNA,TRANSCRIPTOMIC,Pseudomonas aeruginosa,ILLUMINA,2015-06-17T00:00:00Z,clinical_pool_10_bc4,SRP034661,clinical isolate,Homo sapiens,respiratory tract,uncalculated,uncalculated,nd,"Strain collection University of Freiburg\, Germany",NA,NA,nd,respiratory_tract,R,>32,S,8,R,8,R,8
SRR1056053,RNA-Seq,214,481702016,PRJNA231236,SAMN02470307,316042352,HELMHOLTZ CENTER FOR INFECTION RESEARCH,public,"fastq,sra",s3,s3.us-east-1,SRX396867,Illumina Genome Analyzer IIx,PSAE1646,PAIRED,cDNA,TRANSCRIPTOMIC,Pseudomonas aeruginosa,ILLUMINA,2015-06-17T00:00:00Z,clinical_pool_10_bc5,SRP034661,clinical isolate,Homo sapiens,urine,Germany,Europe,Germany: Munich,"Strain collection University of Freiburg\, Germany",NA,NA,nd,urine,R,16,S,4,S,2,I,2
SRR1056054,RNA-Seq,214,590866412,PRJNA231236,SAMN02470308,385496721,HELMHOLTZ CENTER FOR INFECTION RESEARCH,public,"fastq,sra",s3,s3.us-east-1,SRX396868,Illumina Genome Analyzer IIx,PSAE1660,PAIRED,cDNA,TRANSCRIPTOMIC,Pseudomonas aeruginosa,ILLUMINA,2015-06-17T00:00:00Z,clinical_pool_10_bc6,SRP034661,clinical isolate,Homo sapiens,repiratory tract,Germany,Europe,Germany: Munich,"Strain collection University of Freiburg\, Germany",NA,NA,nd,respiratory_tract,R,16,S,8,S,1,I,2
SRR1056055,RNA-Seq,214,435707638,PRJNA231236,SAMN02470309,290852123,HELMHOLTZ CENTER FOR INFECTION RESEARCH,public,"fastq,sra",s3,s3.us-east-1,SRX396869,Illumina Genome Analyzer IIx,PSAE1657,PAIRED,cDNA,TRANSCRIPTOMIC,Pseudomonas aeruginosa,ILLUMINA,2015-06-17T00:00:00Z,clinical_pool_10_bc7,SRP034661,clinical isolate,Homo sapiens,repiratory tract,Germany,Europe,Germany: Munich,"Strain collection University of Freiburg\, Germany",NA,NA,nd,respiratory_tract,R,16,S,8,S,0.5,I,2
SRR1056056,RNA-Seq,214,379527288,PRJNA231236,SAMN02470310,254104265,HELMHOLTZ CENTER FOR INFECTION RESEARCH,public,"fastq,sra",s3,s3.us-east-1,SRX396870,Illumina Genome Analyzer IIx,PSAE1659,PAIRED,cDNA,TRANSCRIPTOMIC,Pseudomonas aeruginosa,ILLUMINA,2015-06-17T00:00:00Z,clinical_pool_10_bc8,SRP034661,clinical isolate,Homo sapiens,repiratory tract,Germany,Europe,Germany: Munich,"Strain collection University of Freiburg\, Germany",NA,NA,nd,respiratory_tract,I,8,I,16,S,4,I,2
SRR1056057,RNA-Seq,214,461827622,PRJNA231236,SAMN02470311,307210525,HELMHOLTZ CENTER FOR INFECTION RESEARCH,public,"sra,fastq",s3,s3.us-east-1,SRX396871,Illumina Genome Analyzer IIx,PSAE1688,PAIRED,cDNA,TRANSCRIPTOMIC,Pseudomonas aeruginosa,ILLUMINA,2015-06-17T00:00:00Z,clinical_pool_10_bc9,SRP034661,clinical isolate,Homo sapiens,urine,Germany,Europe,Germany: Limburg,"Strain collection University of Freiburg\, Germany",NA,NA,nd,urine,I,8,S,4,S,0.5,S,0.5
SRR1056058,RNA-Seq,214,635620018,PRJNA231236,SAMN02470312,407094982,HELMHOLTZ CENTER FOR INFECTION RESEARCH,public,"fastq,sra",s3,s3.us-east-1,SRX396872,Illumina Genome Analyzer IIx,B34,PAIRED,cDNA,TRANSCRIPTOMIC,Pseudomonas aeruginosa,ILLUMINA,2015-06-17T00:00:00Z,clinical_pool_11_bc1,SRP034661,clinical isolate,Homo sapiens,nd,uncalculated,uncalculated,nd,"Strain collection NRZ\, Bochum\, Germany",NA,NA,nd,nd,S,<=0.25,R,>265,R,64,I,0.5
SRR1056059,RNA-Seq,214,529725756,PRJNA231236,SAMN02470313,339461481,HELMHOLTZ CENTER FOR INFECTION RESEARCH,public,"sra,fastq",s3,s3.us-east-1,SRX396873,Illumina Genome Analyzer IIx,B445,PAIRED,cDNA,TRANSCRIPTOMIC,Pseudomonas aeruginosa,ILLUMINA,2015-06-17T00:00:00Z,clinical_pool_11_bc10,SRP034661,clinical isolate,Homo sapiens,nd,uncalculated,uncalculated,nd,"Strain collection NRZ\, Bochum\, Germany",NA,NA,nd,nd,R,32,S,<=1,S,0.5,S,<=0.25
SRR1056060,RNA-Seq,214,638405870,PRJNA231236,SAMN02470314,410935114,HELMHOLTZ CENTER FOR INFECTION RESEARCH,public,"fastq,sra",s3,s3.us-east-1,SRX396874,Illumina Genome Analyzer IIx,RKI_12_11,PAIRED,cDNA,TRANSCRIPTOMIC,Pseudomonas aeruginosa,ILLUMINA,2015-06-17T00:00:00Z,clinical_pool_11_bc12,SRP034661,clinical isolate,Homo sapiens,nd,uncalculated,uncalculated,nd,"Strain collection Robert Koch Institute\, Wernigerode\, Germany",NA,NA,nd,nd,R,>32,S,8,S,2,R,16
SRR1056061,RNA-Seq,214,547770664,PRJNA231236,SAMN02470315,352768191,HELMHOLTZ CENTER FOR INFECTION RESEARCH,public,"fastq,sra",s3,s3.us-east-1,SRX396875,Illumina Genome Analyzer IIx,RKI_96_12,PAIRED,cDNA,TRANSCRIPTOMIC,Pseudomonas aeruginosa,ILLUMINA,2015-06-17T00:00:00Z,clinical_pool_11_bc14,SRP034661,clinical isolate,Homo sapiens,nd,uncalculated,uncalculated,nd,"Strain collection Robert Koch Institute\, Wernigerode\, Germany",NA,NA,nd,nd,I,8,R,>32,R,512,S,0.5
SRR1056062,RNA-Seq,214,615127378,PRJNA231236,SAMN02470316,393795049,HELMHOLTZ CENTER FOR INFECTION RESEARCH,public,"sra,fastq",s3,s3.us-east-1,SRX396876,Illumina Genome Analyzer IIx,B197,PAIRED,cDNA,TRANSCRIPTOMIC,Pseudomonas aeruginosa,ILLUMINA,2015-06-17T00:00:00Z,clinical_pool_11_bc3,SRP034661,clinical isolate,Homo sapiens,nd,uncalculated,uncalculated,nd,"Strain collection NRZ\, Bochum\, Germany",NA,NA,nd,nd,R,>=16,S,8,S,1,S,<=0.125
SRR1056063,RNA-Seq,214,443709526,PRJNA231236,SAMN02470317,284141183,HELMHOLTZ CENTER FOR INFECTION RESEARCH,public,"sra,fastq",s3,s3.us-east-1,SRX396877,Illumina Genome Analyzer IIx,B214,PAIRED,cDNA,TRANSCRIPTOMIC,Pseudomonas aeruginosa,ILLUMINA,2015-06-17T00:00:00Z,clinical_pool_11_bc4,SRP034661,clinical isolate,Homo sapiens,nd,uncalculated,uncalculated,nd,"Strain collection NRZ\, Bochum\, Germany",NA,NA,nd,nd,I,8,S,8,S,2,S,0.5
SRR1056064,RNA-Seq,214,290495156,PRJNA231236,SAMN02470318,186083884,HELMHOLTZ CENTER FOR INFECTION RESEARCH,public,"sra,fastq",s3,s3.us-east-1,SRX396878,Illumina Genome Analyzer IIx,B271,PAIRED,cDNA,TRANSCRIPTOMIC,Pseudomonas aeruginosa,ILLUMINA,2015-06-17T00:00:00Z,clinical_pool_11_bc5,SRP034661,clinical isolate,Homo sapiens,nd,uncalculated,uncalculated,nd,"Strain collection NRZ\, Bochum\, Germany",NA,NA,nd,nd,S,0.5,S,<=1,S,0.5,S,<=0.125
SRR1056065,RNA-Seq,214,390649724,PRJNA231236,SAMN02470319,251078501,HELMHOLTZ CENTER FOR INFECTION RESEARCH,public,"fastq,sra",s3,s3.us-east-1,SRX396879,Illumina Genome Analyzer IIx,B266,PAIRED,cDNA,TRANSCRIPTOMIC,Pseudomonas aeruginosa,ILLUMINA,2015-06-17T00:00:00Z,clinical_pool_11_bc6,SRP034661,clinical isolate,Homo sapiens,nd,uncalculated,uncalculated,nd,"Strain collection NRZ\, Bochum\, Germany",NA,NA,nd,nd,R,>=16,I,16,S,1,I,1
SRR1056066,RNA-Seq,214,295142166,PRJNA231236,SAMN02470320,190712477,HELMHOLTZ CENTER FOR INFECTION RESEARCH,public,"sra,fastq",s3,s3.us-east-1,SRX396880,Illumina Genome Analyzer IIx,B337,PAIRED,cDNA,TRANSCRIPTOMIC,Pseudomonas aeruginosa,ILLUMINA,2015-06-17T00:00:00Z,clinical_pool_11_bc8,SRP034661,clinical isolate,Homo sapiens,nd,uncalculated,uncalculated,nd,"Strain collection NRZ\, Bochum\, Germany",NA,NA,nd,nd,I,8,S,<=1,S,0.5,S,<=0.125
SRR1056067,RNA-Seq,214,499066832,PRJNA231236,SAMN02470321,320883492,HELMHOLTZ CENTER FOR INFECTION RESEARCH,public,"sra,fastq",s3,s3.us-east-1,SRX396881,Illumina Genome Analyzer IIx,B428,PAIRED,cDNA,TRANSCRIPTOMIC,Pseudomonas aeruginosa,ILLUMINA,2015-06-17T00:00:00Z,clinical_pool_11_bc9,SRP034661,clinical isolate,Homo sapiens,nd,uncalculated,uncalculated,nd,"Strain collection NRZ\, Bochum\, Germany",NA,NA,nd,nd,R,>32,S,8,S,1,S,0.5
SRR1056068,RNA-Seq,214,1501285756,PRJNA231236,SAMN02470322,957136726,HELMHOLTZ CENTER FOR INFECTION RESEARCH,public,"fastq,sra",s3,s3.us-east-1,SRX396882,Illumina Genome Analyzer IIx,RKI_392_11,PAIRED,cDNA,TRANSCRIPTOMIC,Pseudomonas aeruginosa,ILLUMINA,2015-06-17T00:00:00Z,clinical_pool_12_bc10,SRP034661,clinical isolate,Homo sapiens,nd,uncalculated,uncalculated,nd,"Strain collection Robert Koch Institute\, Wernigerode\, Germany",NA,NA,nd,nd,S,0.25,S,8,S,0.125,S,0.063
SRR1056069,RNA-Seq,214,576901628,PRJNA231236,SAMN02470323,368571700,HELMHOLTZ CENTER FOR INFECTION RESEARCH,public,"fastq,sra",s3,s3.us-east-1,SRX396883,Illumina Genome Analyzer IIx,RKI_98_12,PAIRED,cDNA,TRANSCRIPTOMIC,Pseudomonas aeruginosa,ILLUMINA,2015-06-17T00:00:00Z,clinical_pool_12_bc11,SRP034661,clinical isolate,Homo sapiens,nd,uncalculated,uncalculated,nd,"Strain collection Robert Koch Institute\, Wernigerode\, Germany",NA,NA,nd,nd,R,16,S,4,S,0.5,R,8
SRR1056070,RNA-Seq,214,463846926,PRJNA231236,SAMN02470324,298554353,HELMHOLTZ CENTER FOR INFECTION RESEARCH,public,"sra,fastq",s3,s3.us-east-1,SRX396884,Illumina Genome Analyzer IIx,RKI_24_11,PAIRED,cDNA,TRANSCRIPTOMIC,Pseudomonas aeruginosa,ILLUMINA,2015-06-17T00:00:00Z,clinical_pool_12_bc13,SRP034661,clinical isolate,Homo sapiens,nd,uncalculated,uncalculated,nd,"Strain collection Robert Koch Institute\, Wernigerode\, Germany",NA,NA,nd,nd,R,>32,R,>32,R,8,R,16
SRR1056071,RNA-Seq,214,429391856,PRJNA231236,SAMN02470325,273555653,HELMHOLTZ CENTER FOR INFECTION RESEARCH,public,"fastq,sra",s3,s3.us-east-1,SRX396885,Illumina Genome Analyzer IIx,RKI_395_11,PAIRED,cDNA,TRANSCRIPTOMIC,Pseudomonas aeruginosa,ILLUMINA,2015-06-17T00:00:00Z,clinical_pool_12_bc15,SRP034661,clinical isolate,Homo sapiens,nd,uncalculated,uncalculated,nd,"Strain collection Robert Koch Institute\, Wernigerode\, Germany",NA,NA,nd,nd,I,8,R,32,S,0.25,S,1
SRR1056072,RNA-Seq,214,346403084,PRJNA231236,SAMN02470326,223671253,HELMHOLTZ CENTER FOR INFECTION RESEARCH,public,"sra,fastq",s3,s3.us-east-1,SRX396886,Illumina Genome Analyzer IIx,RKI_37_11,PAIRED,cDNA,TRANSCRIPTOMIC,Pseudomonas aeruginosa,ILLUMINA,2015-06-17T00:00:00Z,clinical_pool_12_bc16,SRP034661,clinical isolate,Homo sapiens,nd,uncalculated,uncalculated,nd,"Strain collection Robert Koch Institute\, Wernigerode\, Germany",NA,NA,nd,nd,R,>32,I,16,S,2,S,2
SRR1056073,RNA-Seq,214,736135604,PRJNA231236,SAMN02470327,470649600,HELMHOLTZ CENTER FOR INFECTION RESEARCH,public,"sra,fastq",s3,s3.us-east-1,SRX396887,Illumina Genome Analyzer IIx,RKI_99_12,PAIRED,cDNA,TRANSCRIPTOMIC,Pseudomonas aeruginosa,ILLUMINA,2015-06-17T00:00:00Z,clinical_pool_12_bc17,SRP034661,clinical isolate,Homo sapiens,nd,uncalculated,uncalculated,nd,"Strain collection Robert Koch Institute\, Wernigerode\, Germany",NA,NA,nd,nd,R,16,R,32,S,1,R,8
SRR1056074,RNA-Seq,214,401097418,PRJNA231236,SAMN02470328,257462884,HELMHOLTZ CENTER FOR INFECTION RESEARCH,public,"sra,fastq",s3,s3.us-east-1,SRX396888,Illumina Genome Analyzer IIx,RKI_53_11,PAIRED,cDNA,TRANSCRIPTOMIC,Pseudomonas aeruginosa,ILLUMINA,2015-06-17T00:00:00Z,clinical_pool_12_bc18,SRP034661,clinical isolate,Homo sapiens,nd,uncalculated,uncalculated,nd,"Strain collection Robert Koch Institute\, Wernigerode\, Germany",NA,NA,nd,nd,S,4,R,>32,R,8,R,>64
SRR1056075,RNA-Seq,214,215967516,PRJNA231236,SAMN02470329,139394854,HELMHOLTZ CENTER FOR INFECTION RESEARCH,public,"fastq,sra",s3,s3.us-east-1,SRX396889,Illumina Genome Analyzer IIx,RKI_339_12,PAIRED,cDNA,TRANSCRIPTOMIC,Pseudomonas aeruginosa,ILLUMINA,2015-06-17T00:00:00Z,clinical_pool_12_bc20,SRP034661,clinical isolate,Homo sapiens,nd,uncalculated,uncalculated,nd,"Strain collection Robert Koch Institute\, Wernigerode\, Germany",NA,NA,nd,nd,R,>32,R,>256,S,1.5,S,0.25
SRR1056076,RNA-Seq,214,213937726,PRJNA231236,SAMN02470330,137898598,HELMHOLTZ CENTER FOR INFECTION RESEARCH,public,"sra,fastq",s3,s3.us-east-1,SRX396890,Illumina Genome Analyzer IIx,RKI_82_10,PAIRED,cDNA,TRANSCRIPTOMIC,Pseudomonas aeruginosa,ILLUMINA,2015-06-17T00:00:00Z,clinical_pool_12_bc22,SRP034661,clinical isolate,Homo sapiens,nd,uncalculated,uncalculated,nd,"Strain collection Robert Koch Institute\, Wernigerode\, Germany",NA,NA,nd,nd,R,>32,R,>32,R,64,R,32
SRR1056077,RNA-Seq,214,240705916,PRJNA231236,SAMN02470331,155480632,HELMHOLTZ CENTER FOR INFECTION RESEARCH,public,"sra,fastq",s3,s3.us-east-1,SRX396891,Illumina Genome Analyzer IIx,RKI_359_11,PAIRED,cDNA,TRANSCRIPTOMIC,Pseudomonas aeruginosa,ILLUMINA,2015-06-17T00:00:00Z,clinical_pool_12_bc24,SRP034661,clinical isolate,Homo sapiens,nd,uncalculated,uncalculated,nd,"Strain collection Robert Koch Institute\, Wernigerode\, Germany",NA,NA,nd,nd,R,>32,R,32,R,96,R,64
SRR1056078,RNA-Seq,214,369116188,PRJNA231236,SAMN02470332,238281652,HELMHOLTZ CENTER FOR INFECTION RESEARCH,public,"fastq,sra",s3,s3.us-east-1,SRX396892,Illumina Genome Analyzer IIx,RKI_360_11,PAIRED,cDNA,TRANSCRIPTOMIC,Pseudomonas aeruginosa,ILLUMINA,2015-06-17T00:00:00Z,clinical_pool_12_bc7,SRP034661,clinical isolate,Homo sapiens,nd,uncalculated,uncalculated,nd,"Strain collection Robert Koch Institute\, Wernigerode\, Germany",NA,NA,nd,nd,R,>32,I,16,R,64,R,64
SRR1056079,RNA-Seq,214,722506372,PRJNA231236,SAMN02470333,459947599,HELMHOLTZ CENTER FOR INFECTION RESEARCH,public,"fastq,sra",s3,s3.us-east-1,SRX396893,Illumina Genome Analyzer IIx,RKI_100_12,PAIRED,cDNA,TRANSCRIPTOMIC,Pseudomonas aeruginosa,ILLUMINA,2015-06-17T00:00:00Z,clinical_pool_12_bc9,SRP034661,clinical isolate,Homo sapiens,nd,uncalculated,uncalculated,nd,"Strain collection Robert Koch Institute\, Wernigerode\, Germany",NA,NA,nd,nd,R,>32,R,32,S,0.5,S,0.25
SRR1056080,RNA-Seq,290,1490082060,PRJNA231236,SAMN02470334,871701183,HELMHOLTZ CENTER FOR INFECTION RESEARCH,public,"sra,fastq",s3,s3.us-east-1,SRX396894,Illumina Genome Analyzer IIx,MHH6887,PAIRED,cDNA,TRANSCRIPTOMIC,Pseudomonas aeruginosa,ILLUMINA,2015-06-17T00:00:00Z,clinical_pool_6_bc10,SRP034661,clinical isolate,Homo sapiens,tracheal secrete,Germany,Europe,Germany: Hannover,"Hannover\, Medical School\, Germany",NA,NA,no,tracheal_secrete,S,0.125,R,32,S,0.5,I,2
SRR1056081,RNA-Seq,290,1356263880,PRJNA231236,SAMN02470335,795862794,HELMHOLTZ CENTER FOR INFECTION RESEARCH,public,"fastq,sra",s3,s3.us-east-1,SRX396895,Illumina Genome Analyzer IIx,MHH8607,PAIRED,cDNA,TRANSCRIPTOMIC,Pseudomonas aeruginosa,ILLUMINA,2015-06-17T00:00:00Z,clinical_pool_6_bc13,SRP034661,clinical isolate,Homo sapiens,sputum,Germany,Europe,Germany: Hannover,"Hannover\, Medical School\, Germany",NA,NA,no,sputum,R,16,R,>32,R,16,I,2
SRR1056082,RNA-Seq,290,909104760,PRJNA231236,SAMN02470336,550227950,HELMHOLTZ CENTER FOR INFECTION RESEARCH,public,"sra,fastq",s3,s3.us-east-1,SRX396896,Illumina Genome Analyzer IIx,MHH9652,PAIRED,cDNA,TRANSCRIPTOMIC,Pseudomonas aeruginosa,ILLUMINA,2015-06-17T00:00:00Z,clinical_pool_6_bc14,SRP034661,clinical isolate,Homo sapiens,drainage liquid,Germany,Europe,Germany: Hannover,"Hannover\, Medical School\, Germany",NA,NA,no,drainage_liquid,I,8,R,32,R,16,R,>8
SRR1056083,RNA-Seq,290,1025645320,PRJNA231236,SAMN02470337,614698366,HELMHOLTZ CENTER FOR INFECTION RESEARCH,public,"fastq,sra",s3,s3.us-east-1,SRX396897,Illumina Genome Analyzer IIx,MHH9674,PAIRED,cDNA,TRANSCRIPTOMIC,Pseudomonas aeruginosa,ILLUMINA,2015-06-17T00:00:00Z,clinical_pool_6_bc15,SRP034661,clinical isolate,Homo sapiens,bronchoalveolar lavage,Germany,Europe,Germany: Hannover,"Hannover\, Medical School\, Germany",NA,NA,no,bronchoalveolar_lavage,S,0.125,S,2,S,0.5,R,8
SRR1056084,RNA-Seq,290,1007214080,PRJNA231236,SAMN02470338,606475971,HELMHOLTZ CENTER FOR INFECTION RESEARCH,public,"sra,fastq",s3,s3.us-east-1,SRX396898,Illumina Genome Analyzer IIx,MHH9854,PAIRED,cDNA,TRANSCRIPTOMIC,Pseudomonas aeruginosa,ILLUMINA,2015-06-17T00:00:00Z,clinical_pool_6_bc17,SRP034661,clinical isolate,Homo sapiens,nasal swab,Germany,Europe,Germany: Hannover,"Hannover\, Medical School\, Germany",NA,NA,yes,nasal_swab,I,8,R,>256,S,2,S,1
SRR1056085,RNA-Seq,290,754521710,PRJNA231236,SAMN02470339,451936618,HELMHOLTZ CENTER FOR INFECTION RESEARCH,public,"sra,fastq",s3,s3.us-east-1,SRX396899,Illumina Genome Analyzer IIx,MHH10047,PAIRED,cDNA,TRANSCRIPTOMIC,Pseudomonas aeruginosa,ILLUMINA,2015-06-17T00:00:00Z,clinical_pool_6_bc18,SRP034661,clinical isolate,Homo sapiens,tonsil swab,Germany,Europe,Germany: Hannover,"Hannover\, Medical School\, Germany",NA,NA,no,tonsil_swab,S,1,S,8,S,0.5,S,1
SRR1056086,RNA-Seq,290,745804310,PRJNA231236,SAMN02470340,446266333,HELMHOLTZ CENTER FOR INFECTION RESEARCH,public,"sra,fastq",s3,s3.us-east-1,SRX396900,Illumina Genome Analyzer IIx,MHH10049,PAIRED,cDNA,TRANSCRIPTOMIC,Pseudomonas aeruginosa,ILLUMINA,2015-06-17T00:00:00Z,clinical_pool_6_bc19,SRP034661,clinical isolate,Homo sapiens,nasal swab,Germany,Europe,Germany: Hannover,"Hannover\, Medical School\, Germany",NA,NA,yes,nasal_swab,S,2,S,8,S,2,S,0.5
SRR1056087,RNA-Seq,290,882354870,PRJNA231236,SAMN02470341,524629554,HELMHOLTZ CENTER FOR INFECTION RESEARCH,public,"fastq,sra",s3,s3.us-east-1,SRX396901,Illumina Genome Analyzer IIx,MHH13682,PAIRED,cDNA,TRANSCRIPTOMIC,Pseudomonas aeruginosa,ILLUMINA,2015-06-17T00:00:00Z,clinical_pool_6_bc8,SRP034661,clinical isolate,Homo sapiens,lung transplant donor,Germany,Europe,Germany: Hannover,"Hannover\, Medical School\, Germany",NA,NA,yes,lung_transplant_donor,I,8,R,>256,S,2,R,>8
SRR1056088,RNA-Seq,290,1087810010,PRJNA231236,SAMN02470342,639608736,HELMHOLTZ CENTER FOR INFECTION RESEARCH,public,"sra,fastq",s3,s3.us-east-1,SRX396902,Illumina Genome Analyzer IIx,MHH12178,PAIRED,cDNA,TRANSCRIPTOMIC,Pseudomonas aeruginosa,ILLUMINA,2015-06-17T00:00:00Z,clinical_pool_6_bc9,SRP034661,clinical isolate,Homo sapiens,catheter swab abdomen,Germany,Europe,Germany: Hannover,"Hannover\, Medical School\, Germany",NA,NA,no,catheter_swab_abdomen,R,16,I,16,S,0.5,S,0.5
SRR1056089,RNA-Seq,290,1038221460,PRJNA231236,SAMN02470343,601929183,HELMHOLTZ CENTER FOR INFECTION RESEARCH,public,"fastq,sra",s3,s3.us-east-1,SRX396903,Illumina Genome Analyzer IIx,MHH13714,PAIRED,cDNA,TRANSCRIPTOMIC,Pseudomonas aeruginosa,ILLUMINA,2015-06-17T00:00:00Z,clinical_pool_7_bc1,SRP034661,clinical isolate,Homo sapiens,permanent catheter urine,Germany,Europe,Germany: Hannover,"Hannover\, Medical School\, Germany",NA,NA,no,permanent_catheter_urine,S,0.25,S,8,S,1,R,4
SRR1056090,RNA-Seq,290,754668450,PRJNA231236,SAMN02470344,448075099,HELMHOLTZ CENTER FOR INFECTION RESEARCH,public,"fastq,sra",s3,s3.us-east-1,SRX396904,Illumina Genome Analyzer IIx,MHH11148,PAIRED,cDNA,TRANSCRIPTOMIC,Pseudomonas aeruginosa,ILLUMINA,2015-06-17T00:00:00Z,clinical_pool_7_bc10,SRP034661,clinical isolate,Homo sapiens,tonsil swab,Germany,Europe,Germany: Hannover,"Hannover\, Medical School\, Germany",NA,NA,no,tonsil_swab,S,1,I,16,S,1,R,4
SRR1056091,RNA-Seq,290,956599510,PRJNA231236,SAMN02470345,559620103,HELMHOLTZ CENTER FOR INFECTION RESEARCH,public,"fastq,sra",s3,s3.us-east-1,SRX396905,Illumina Genome Analyzer IIx,MHH13305,PAIRED,cDNA,TRANSCRIPTOMIC,Pseudomonas aeruginosa,ILLUMINA,2015-06-17T00:00:00Z,clinical_pool_7_bc11,SRP034661,clinical isolate,Homo sapiens,bronchial secrete,Germany,Europe,Germany: Hannover,"Hannover\, Medical School\, Germany",NA,NA,yes,bronchial_secrete,R,>16,R,>32,R,16,R,4
SRR1056092,RNA-Seq,290,926577550,PRJNA231236,SAMN02470346,526548642,HELMHOLTZ CENTER FOR INFECTION RESEARCH,public,"sra,fastq",s3,s3.us-east-1,SRX396906,Illumina Genome Analyzer IIx,MHH14088,PAIRED,cDNA,TRANSCRIPTOMIC,Pseudomonas aeruginosa,ILLUMINA,2015-06-17T00:00:00Z,clinical_pool_7_bc2,SRP034661,clinical isolate,Homo sapiens,perfusate,Germany,Europe,Germany: Hannover,"Hannover\, Medical School\, Germany",NA,NA,no,perfusate,S,2,S,8,S,4,I,2
SRR1056093,RNA-Seq,290,657212790,PRJNA231236,SAMN02470347,364932038,HELMHOLTZ CENTER FOR INFECTION RESEARCH,public,"fastq,sra",s3,s3.us-east-1,SRX396907,Illumina Genome Analyzer IIx,MHH14322,PAIRED,cDNA,TRANSCRIPTOMIC,Pseudomonas aeruginosa,ILLUMINA,2015-06-17T00:00:00Z,clinical_pool_7_bc3,SRP034661,clinical isolate,Homo sapiens,bronchial rinsing,Germany,Europe,Germany: Hannover,"Hannover\, Medical School\, Germany",NA,NA,no,bronchial_rinsing,S,0.5,S,8,S,1,R,8
SRR1056094,RNA-Seq,290,931498560,PRJNA231236,SAMN02470348,533053687,HELMHOLTZ CENTER FOR INFECTION RESEARCH,public,"sra,fastq",s3,s3.us-east-1,SRX396908,Illumina Genome Analyzer IIx,MHH14449,PAIRED,cDNA,TRANSCRIPTOMIC,Pseudomonas aeruginosa,ILLUMINA,2015-06-17T00:00:00Z,clinical_pool_7_bc4,SRP034661,clinical isolate,Homo sapiens,bronchial secrete,Germany,Europe,Germany: Hannover,"Hannover\, Medical School\, Germany",NA,NA,no,bronchial_secrete,R,>16,I,16,S,<=1,S,0.5
SRR1056095,RNA-Seq,290,815947770,PRJNA231236,SAMN02470349,479615450,HELMHOLTZ CENTER FOR INFECTION RESEARCH,public,"sra,fastq",s3,s3.us-east-1,SRX396909,Illumina Genome Analyzer IIx,MHH14103,PAIRED,cDNA,TRANSCRIPTOMIC,Pseudomonas aeruginosa,ILLUMINA,2015-06-17T00:00:00Z,clinical_pool_7_bc5,SRP034661,clinical isolate,Homo sapiens,swab heel,Germany,Europe,Germany: Hannover,"Hannover\, Medical School\, Germany",NA,NA,no,swab_heel,I,8,R,>32,R,32,R,>8
SRR1056096,RNA-Seq,290,931714320,PRJNA231236,SAMN02470350,543109945,HELMHOLTZ CENTER FOR INFECTION RESEARCH,public,"fastq,sra",s3,s3.us-east-1,SRX396910,Illumina Genome Analyzer IIx,MHH14387,PAIRED,cDNA,TRANSCRIPTOMIC,Pseudomonas aeruginosa,ILLUMINA,2015-06-17T00:00:00Z,clinical_pool_7_bc6,SRP034661,clinical isolate,Homo sapiens,lung transplant recipient,Germany,Europe,Germany: Hannover,"Hannover\, Medical School\, Germany",NA,NA,yes,lung_transplant_recipient,I,4,S,4,S,4,I,2
SRR1056097,RNA-Seq,290,813374020,PRJNA231236,SAMN02470351,474528254,HELMHOLTZ CENTER FOR INFECTION RESEARCH,public,"sra,fastq",s3,s3.us-east-1,SRX396911,Illumina Genome Analyzer IIx,MHH10978,PAIRED,cDNA,TRANSCRIPTOMIC,Pseudomonas aeruginosa,ILLUMINA,2015-06-17T00:00:00Z,clinical_pool_7_bc7,SRP034661,clinical isolate,Homo sapiens,tonsil swab,Germany,Europe,Germany: Hannover,"Hannover\, Medical School\, Germany",NA,NA,yes,tonsil_swab,I,4,R,>32,S,4,R,8
SRR1056098,RNA-Seq,290,648655180,PRJNA231236,SAMN02470352,381352289,HELMHOLTZ CENTER FOR INFECTION RESEARCH,public,"sra,fastq",s3,s3.us-east-1,SRX396912,Illumina Genome Analyzer IIx,MHH11989,PAIRED,cDNA,TRANSCRIPTOMIC,Pseudomonas aeruginosa,ILLUMINA,2015-06-17T00:00:00Z,clinical_pool_7_bc8,SRP034661,clinical isolate,Homo sapiens,tonsil swab,Germany,Europe,Germany: Hannover,"Hannover\, Medical School\, Germany",NA,NA,yes,tonsil_swab,I,8,S,8,S,4,R,4
SRR1056099,RNA-Seq,290,1216430230,PRJNA231236,SAMN02470353,723865980,HELMHOLTZ CENTER FOR INFECTION RESEARCH,public,"sra,fastq",s3,s3.us-east-1,SRX396913,Illumina Genome Analyzer IIx,MHH12274,PAIRED,cDNA,TRANSCRIPTOMIC,Pseudomonas aeruginosa,ILLUMINA,2015-06-17T00:00:00Z,clinical_pool_7_bc9,SRP034661,clinical isolate,Homo sapiens,bronchoalveolar lavage,Germany,Europe,Germany: Hannover,"Hannover\, Medical School\, Germany",NA,NA,no,bronchoalveolar_lavage,S,0.5,I,16,S,0.5,R,4
SRR1056100,RNA-Seq,290,941732370,PRJNA231236,SAMN02470354,547426152,HELMHOLTZ CENTER FOR INFECTION RESEARCH,public,"fastq,sra",s3,s3.us-east-1,SRX396914,Illumina Genome Analyzer IIx,MHH11935,PAIRED,cDNA,TRANSCRIPTOMIC,Pseudomonas aeruginosa,ILLUMINA,2015-06-17T00:00:00Z,clinical_pool_8_bc1,SRP034661,clinical isolate,Homo sapiens,bronchoalveolar lavage,Germany,Europe,Germany: Hannover,"Hannover\, Medical School\, Germany",NA,NA,no,bronchoalveolar_lavage,I,8,S,8,S,1,S,1
SRR1056101,RNA-Seq,290,1210405190,PRJNA231236,SAMN02470355,703838282,HELMHOLTZ CENTER FOR INFECTION RESEARCH,public,"fastq,sra",s3,s3.us-east-1,SRX396915,Illumina Genome Analyzer IIx,MHH9481,PAIRED,cDNA,TRANSCRIPTOMIC,Pseudomonas aeruginosa,ILLUMINA,2015-06-17T00:00:00Z,clinical_pool_8_bc13,SRP034661,clinical isolate,Homo sapiens,bronchial rinsing,Germany,Europe,Germany: Hannover,"Hannover\, Medical School\, Germany",NA,NA,no,bronchial_rinsing,I,4,R,32,S,1,R,4
SRR1056102,RNA-Seq,290,1014510770,PRJNA231236,SAMN02470356,581220902,HELMHOLTZ CENTER FOR INFECTION RESEARCH,public,"fastq,sra",s3,s3.us-east-1,SRX396916,Illumina Genome Analyzer IIx,PSAE2326,PAIRED,cDNA,TRANSCRIPTOMIC,Pseudomonas aeruginosa,ILLUMINA,2015-06-17T00:00:00Z,clinical_pool_8_bc14,SRP034661,clinical isolate,Homo sapiens,urine,Germany,Europe,Germany: Neubrandenburg,"Strain collection University of Freiburg\, Germany",NA,NA,nd,urine,R,16,R,32,S,2,R,16
SRR1056103,RNA-Seq,290,947389400,PRJNA231236,SAMN02470357,530227854,HELMHOLTZ CENTER FOR INFECTION RESEARCH,public,"sra,fastq",s3,s3.us-east-1,SRX396917,Illumina Genome Analyzer IIx,PSAE2302,PAIRED,cDNA,TRANSCRIPTOMIC,Pseudomonas aeruginosa,ILLUMINA,2015-06-17T00:00:00Z,clinical_pool_8_bc15,SRP034661,clinical isolate,Homo sapiens,respiratory tract,Italy,Europe,Italy: Rozzano,"Strain collection University of Freiburg\, Germany",NA,NA,nd,respiratory_tract,I,8,R,64,S,2,R,4
SRR1056104,RNA-Seq,290,877808250,PRJNA231236,SAMN02470358,497556918,HELMHOLTZ CENTER FOR INFECTION RESEARCH,public,"fastq,sra",s3,s3.us-east-1,SRX396918,Illumina Genome Analyzer IIx,PSAE1716,PAIRED,cDNA,TRANSCRIPTOMIC,Pseudomonas aeruginosa,ILLUMINA,2015-06-17T00:00:00Z,clinical_pool_8_bc16,SRP034661,clinical isolate,Homo sapiens,blood,Germany,Europe,Germany: Freiburg,"Strain collection University of Freiburg\, Germany",NA,NA,nd,blood,I,8,R,32,R,>1024,R,32
SRR1056105,RNA-Seq,290,626436830,PRJNA231236,SAMN02470359,361355803,HELMHOLTZ CENTER FOR INFECTION RESEARCH,public,"fastq,sra",s3,s3.us-east-1,SRX396919,Illumina Genome Analyzer IIx,PSAE1661,PAIRED,cDNA,TRANSCRIPTOMIC,Pseudomonas aeruginosa,ILLUMINA,2015-06-17T00:00:00Z,clinical_pool_8_bc17,SRP034661,clinical isolate,Homo sapiens,repiratory tract,Germany,Europe,Germany: Freiburg,"Strain collection University of Freiburg\, Germany",NA,NA,nd,respiratory_tract,R,128,R,64,R,128,R,32
SRR1056106,RNA-Seq,290,727524740,PRJNA231236,SAMN02470360,418474028,HELMHOLTZ CENTER FOR INFECTION RESEARCH,public,"fastq,sra",s3,s3.us-east-1,SRX396920,Illumina Genome Analyzer IIx,PSAE2180,PAIRED,cDNA,TRANSCRIPTOMIC,Pseudomonas aeruginosa,ILLUMINA,2015-06-17T00:00:00Z,clinical_pool_8_bc18,SRP034661,clinical isolate,Homo sapiens,urine,uncalculated,uncalculated,nd,"Strain collection University of Freiburg\, Germany",NA,NA,nd,urine,R,64,R,128,R,32,R,8
SRR1056107,RNA-Seq,290,722428860,PRJNA231236,SAMN02470361,417444844,HELMHOLTZ CENTER FOR INFECTION RESEARCH,public,"sra,fastq",s3,s3.us-east-1,SRX396921,Illumina Genome Analyzer IIx,PSAE2307,PAIRED,cDNA,TRANSCRIPTOMIC,Pseudomonas aeruginosa,ILLUMINA,2015-06-17T00:00:00Z,clinical_pool_8_bc19,SRP034661,clinical isolate,Homo sapiens,respiratory tract,Italy,Europe,Italy: Sassari,"Strain collection University of Freiburg\, Germany",NA,NA,nd,respiratory_tract,R,32,R,128,S,0.5,R,64
SRR1056108,RNA-Seq,290,1059608670,PRJNA231236,SAMN02470362,614978422,HELMHOLTZ CENTER FOR INFECTION RESEARCH,public,"fastq,sra",s3,s3.us-east-1,SRX396922,Illumina Genome Analyzer IIx,PSAE2335,PAIRED,cDNA,TRANSCRIPTOMIC,Pseudomonas aeruginosa,ILLUMINA,2015-06-17T00:00:00Z,clinical_pool_8_bc20,SRP034661,clinical isolate,Homo sapiens,urine,Hungary,Europe,Hungary: Trencin,"Strain collection University of Freiburg\, Germany",NA,NA,nd,urine,R,128,R,>256,R,32,R,16
SRR1056109,RNA-Seq,290,757393580,PRJNA231236,SAMN02470363,438956016,HELMHOLTZ CENTER FOR INFECTION RESEARCH,public,"sra,fastq",s3,s3.us-east-1,SRX396923,Illumina Genome Analyzer IIx,PSAE2338,PAIRED,cDNA,TRANSCRIPTOMIC,Pseudomonas aeruginosa,ILLUMINA,2015-06-17T00:00:00Z,clinical_pool_8_bc21,SRP034661,clinical isolate,Homo sapiens,respiratory tract,Italy,Europe,Italy: Bari,"Strain collection University of Freiburg\, Germany",NA,NA,nd,respiratory_tract,R,64,R,128,R,>1024,R,64
SRR1056110,RNA-Seq,290,1490717160,PRJNA231236,SAMN02470364,866232258,HELMHOLTZ CENTER FOR INFECTION RESEARCH,public,"sra,fastq",s3,s3.us-east-1,SRX396924,Illumina Genome Analyzer IIx,PSAE2319,PAIRED,cDNA,TRANSCRIPTOMIC,Pseudomonas aeruginosa,ILLUMINA,2015-06-17T00:00:00Z,clinical_pool_8_bc22,SRP034661,clinical isolate,Homo sapiens,nd,Italy,Europe,Italy: Palermo,"Strain collection University of Freiburg\, Germany",NA,NA,nd,nd,R,64,R,128,R,32,R,128
SRR1056111,RNA-Seq,290,1465635640,PRJNA231236,SAMN02470365,835178046,HELMHOLTZ CENTER FOR INFECTION RESEARCH,public,"fastq,sra",s3,s3.us-east-1,SRX396925,Illumina Genome Analyzer IIx,MHH11572,PAIRED,cDNA,TRANSCRIPTOMIC,Pseudomonas aeruginosa,ILLUMINA,2015-06-17T00:00:00Z,clinical_pool_8_bc23,SRP034661,clinical isolate,Homo sapiens,midstream urine,Germany,Europe,Germany: Hannover,"Hannover\, Medical School\, Germany",NA,NA,no,midstream_urine,R,16,R,>256,R,16,R,>8
SRR1056112,RNA-Seq,214,400538664,PRJNA231236,SAMN02470366,258816945,HELMHOLTZ CENTER FOR INFECTION RESEARCH,public,"sra,fastq",s3,s3.us-east-1,SRX396926,Illumina Genome Analyzer IIx,PSAE2305,PAIRED,cDNA,TRANSCRIPTOMIC,Pseudomonas aeruginosa,ILLUMINA,2015-06-17T00:00:00Z,clinical_pool_9_bc10,SRP034661,clinical isolate,Homo sapiens,respiratory tract,Italy,Europe,Italy: Sassari,"Strain collection University of Freiburg\, Germany",NA,NA,nd,respiratory_tract,S,0.25,S,4,S,0.25,R,4
SRR1056113,RNA-Seq,214,429999402,PRJNA231236,SAMN02470367,277852556,HELMHOLTZ CENTER FOR INFECTION RESEARCH,public,"fastq,sra",s3,s3.us-east-1,SRX396927,Illumina Genome Analyzer IIx,PSAE1892,PAIRED,cDNA,TRANSCRIPTOMIC,Pseudomonas aeruginosa,ILLUMINA,2015-06-17T00:00:00Z,clinical_pool_9_bc11,SRP034661,clinical isolate,Homo sapiens,respiratory tract,Germany,Europe,Germany: Gera,"Strain collection University of Freiburg\, Germany",NA,NA,nd,respiratory_tract,S,2,S,4,S,0.25,R,32
SRR1056114,RNA-Seq,214,362600958,PRJNA231236,SAMN02470368,234187886,HELMHOLTZ CENTER FOR INFECTION RESEARCH,public,"sra,fastq",s3,s3.us-east-1,SRX396928,Illumina Genome Analyzer IIx,PSAE1640,PAIRED,cDNA,TRANSCRIPTOMIC,Pseudomonas aeruginosa,ILLUMINA,2015-06-17T00:00:00Z,clinical_pool_9_bc12,SRP034661,clinical isolate,Homo sapiens,urine,Germany,Europe,Germany: Munich,"Strain collection University of Freiburg\, Germany",NA,NA,nd,urine,S,2,S,8,S,4,R,64
SRR1056115,RNA-Seq,214,474592508,PRJNA231236,SAMN02470369,304092717,HELMHOLTZ CENTER FOR INFECTION RESEARCH,public,"fastq,sra",s3,s3.us-east-1,SRX396929,Illumina Genome Analyzer IIx,PSAE1910,PAIRED,cDNA,TRANSCRIPTOMIC,Pseudomonas aeruginosa,ILLUMINA,2015-06-17T00:00:00Z,clinical_pool_9_bc13,SRP034661,clinical isolate,Homo sapiens,respiratory tract,Germany,Europe,Germany: Regensburg,"Strain collection University of Freiburg\, Germany",NA,NA,nd,respiratory_tract,S,0.25,S,1,S,2,R,4
SRR1056116,RNA-Seq,214,416705936,PRJNA231236,SAMN02470370,273130307,HELMHOLTZ CENTER FOR INFECTION RESEARCH,public,"fastq,sra",s3,s3.us-east-1,SRX396930,Illumina Genome Analyzer IIx,PSAE1928,PAIRED,cDNA,TRANSCRIPTOMIC,Pseudomonas aeruginosa,ILLUMINA,2015-06-17T00:00:00Z,clinical_pool_9_bc14,SRP034661,clinical isolate,Homo sapiens,respiratory tract,Germany,Europe,Germany: Bremen,"Strain collection University of Freiburg\, Germany",NA,NA,nd,respiratory_tract,S,2,R,32,S,0.125,R,32
SRR1056117,RNA-Seq,214,456331032,PRJNA231236,SAMN02470371,301019443,HELMHOLTZ CENTER FOR INFECTION RESEARCH,public,"sra,fastq",s3,s3.us-east-1,SRX396931,Illumina Genome Analyzer IIx,MHH13224,PAIRED,cDNA,TRANSCRIPTOMIC,Pseudomonas aeruginosa,ILLUMINA,2015-06-17T00:00:00Z,clinical_pool_9_bc2,SRP034661,clinical isolate,Homo sapiens,bronchial rinsing,Germany,Europe,Germany: Hannover,"Hannover\, Medical School\, Germany",NA,NA,no,bronchial_rinsing,I,8,S,8,S,2,I,2
SRR1056118,RNA-Seq,214,709511008,PRJNA231236,SAMN02470372,468840951,HELMHOLTZ CENTER FOR INFECTION RESEARCH,public,"sra,fastq",s3,s3.us-east-1,SRX396932,Illumina Genome Analyzer IIx,MHH13428,PAIRED,cDNA,TRANSCRIPTOMIC,Pseudomonas aeruginosa,ILLUMINA,2015-06-17T00:00:00Z,clinical_pool_9_bc4,SRP034661,clinical isolate,Homo sapiens,swab intraop abdomen,Germany,Europe,Germany: Hannover,"Hannover\, Medical School\, Germany",NA,NA,no,swab_intraop_abdomen,S,2,R,32,S,4,I,2
SRR1056119,RNA-Seq,214,328709136,PRJNA231236,SAMN02470373,218057046,HELMHOLTZ CENTER FOR INFECTION RESEARCH,public,"fastq,sra",s3,s3.us-east-1,SRX396933,Illumina Genome Analyzer IIx,MHH13684,PAIRED,cDNA,TRANSCRIPTOMIC,Pseudomonas aeruginosa,ILLUMINA,2015-06-17T00:00:00Z,clinical_pool_9_bc5,SRP034661,clinical isolate,Homo sapiens,lung transplant recipient,Germany,Europe,Germany: Hannover,"Hannover\, Medical School\, Germany",NA,NA,yes,lung_transplant_recipient,I,4,R,>256,S,2,R,8
SRR1056120,RNA-Seq,214,537146848,PRJNA231236,SAMN02470374,354183453,HELMHOLTZ CENTER FOR INFECTION RESEARCH,public,"fastq,sra",s3,s3.us-east-1,SRX396934,Illumina Genome Analyzer IIx,MHH11540,PAIRED,cDNA,TRANSCRIPTOMIC,Pseudomonas aeruginosa,ILLUMINA,2015-06-17T00:00:00Z,clinical_pool_9_bc6,SRP034661,clinical isolate,Homo sapiens,midstream urine,Germany,Europe,Germany: Hannover,"Hannover\, Medical School\, Germany",NA,NA,no,midstream_urine,I,8,R,32,R,16,R,>8
SRR1056121,RNA-Seq,214,424955850,PRJNA231236,SAMN02470375,280907177,HELMHOLTZ CENTER FOR INFECTION RESEARCH,public,"fastq,sra",s3,s3.us-east-1,SRX396935,Illumina Genome Analyzer IIx,MHH13062,PAIRED,cDNA,TRANSCRIPTOMIC,Pseudomonas aeruginosa,ILLUMINA,2015-06-17T00:00:00Z,clinical_pool_9_bc7,SRP034661,clinical isolate,Homo sapiens,permanent catheter urine,Germany,Europe,Germany: Hannover,"Hannover\, Medical School\, Germany",NA,NA,no,permanent_catheter_urine,I,4,S,8,R,16,R,8
SRR1056122,RNA-Seq,214,281959980,PRJNA231236,SAMN02470376,179010397,HELMHOLTZ CENTER FOR INFECTION RESEARCH,public,"fastq,sra",s3,s3.us-east-1,SRX396936,Illumina Genome Analyzer IIx,PSAE1950,PAIRED,cDNA,TRANSCRIPTOMIC,Pseudomonas aeruginosa,ILLUMINA,2015-06-17T00:00:00Z,clinical_pool_9_bc8,SRP034661,clinical isolate,Homo sapiens,respiratory tract,Germany,Europe,Germany: Bremen,"Strain collection University of Freiburg\, Germany",NA,NA,nd,respiratory_tract,S,1,S,0.5,S,1,R,8
SRR1056123,RNA-Seq,214,445956954,PRJNA231236,SAMN02470377,286375561,HELMHOLTZ CENTER FOR INFECTION RESEARCH,public,"sra,fastq",s3,s3.us-east-1,SRX396937,Illumina Genome Analyzer IIx,PSAE2134,PAIRED,cDNA,TRANSCRIPTOMIC,Pseudomonas aeruginosa,ILLUMINA,2015-06-17T00:00:00Z,clinical_pool_9_bc9,SRP034661,clinical isolate,Homo sapiens,respiratory tract,uncalculated,uncalculated,"Timisoara\, Rumania","Strain collection University of Freiburg\, Germany",NA,NA,nd,respiratory_tract,R,32,I,16,R,256,R,16
SRR1056124,RNA-Seq,290,1211475290,PRJNA231236,SAMN02470378,709808652,HELMHOLTZ CENTER FOR INFECTION RESEARCH,public,"fastq,sra",s3,s3.us-east-1,SRX396938,Illumina Genome Analyzer IIx,MHH8349,PAIRED,cDNA,TRANSCRIPTOMIC,Pseudomonas aeruginosa,ILLUMINA,2015-06-17T00:00:00Z,MHH-pool-01_bc1,SRP034661,clinical isolate,Homo sapiens,midstream urine,Germany,Europe,Germany: Hannover,"Hannover\, Medical School\, Germany",NA,NA,no,midstream_urine,I,8,R,>32,R,>32,R,>8
SRR1056125,RNA-Seq,290,1496333590,PRJNA231236,SAMN02470379,867681103,HELMHOLTZ CENTER FOR INFECTION RESEARCH,public,"sra,fastq",s3,s3.us-east-1,SRX396939,Illumina Genome Analyzer IIx,MHH9229,PAIRED,cDNA,TRANSCRIPTOMIC,Pseudomonas aeruginosa,ILLUMINA,2015-06-17T00:00:00Z,MHH-pool-01_bc10,SRP034661,clinical isolate,Homo sapiens,tonsil swab,Germany,Europe,Germany: Hannover,"Hannover\, Medical School\, Germany",NA,NA,no,tonsil_swab,I,4,I,16,S,1,S,1
SRR1056126,RNA-Seq,290,1282800500,PRJNA231236,SAMN02470380,744504886,HELMHOLTZ CENTER FOR INFECTION RESEARCH,public,"fastq,sra",s3,s3.us-east-1,SRX396940,Illumina Genome Analyzer IIx,MHH8478,PAIRED,cDNA,TRANSCRIPTOMIC,Pseudomonas aeruginosa,ILLUMINA,2015-06-17T00:00:00Z,MHH-pool-01_bc2,SRP034661,clinical isolate,Homo sapiens,midstream urine,Germany,Europe,Germany: Hannover,"Hannover\, Medical School\, Germany",NA,NA,no,midstream_urine,S,1,R,32,R,32,R,>8
SRR1056127,RNA-Seq,290,1249666840,PRJNA231236,SAMN02470381,732689239,HELMHOLTZ CENTER FOR INFECTION RESEARCH,public,"sra,fastq",s3,s3.us-east-1,SRX396941,Illumina Genome Analyzer IIx,MHH8614,PAIRED,cDNA,TRANSCRIPTOMIC,Pseudomonas aeruginosa,ILLUMINA,2015-06-17T00:00:00Z,MHH-pool-01_bc3,SRP034661,clinical isolate,Homo sapiens,midstream urine,Germany,Europe,Germany: Hannover,"Hannover\, Medical School\, Germany",NA,NA,no,midstream_urine,S,1,R,32,R,32,R,>8
SRR1056128,RNA-Seq,290,1390388760,PRJNA231236,SAMN02470382,804336517,HELMHOLTZ CENTER FOR INFECTION RESEARCH,public,"fastq,sra",s3,s3.us-east-1,SRX396942,Illumina Genome Analyzer IIx,MHH8627,PAIRED,cDNA,TRANSCRIPTOMIC,Pseudomonas aeruginosa,ILLUMINA,2015-06-17T00:00:00Z,MHH-pool-01_bc4,SRP034661,clinical isolate,Homo sapiens,drainage bile duct,Germany,Europe,Germany: Hannover,"Hannover\, Medical School\, Germany",NA,NA,no,drainage_bile_duct,R,>32,I,16,S,0.5,S,0.25
SRR1056129,RNA-Seq,290,693220350,PRJNA231236,SAMN02470383,409982982,HELMHOLTZ CENTER FOR INFECTION RESEARCH,public,"fastq,sra",s3,s3.us-east-1,SRX396943,Illumina Genome Analyzer IIx,MHH9157,PAIRED,cDNA,TRANSCRIPTOMIC,Pseudomonas aeruginosa,ILLUMINA,2015-06-17T00:00:00Z,MHH-pool-01_bc5,SRP034661,clinical isolate,Homo sapiens,wound swab abdomen,Germany,Europe,Germany: Hannover,"Hannover\, Medical School\, Germany",NA,NA,no,wound_swab_abdomen,S,1,R,>32,S,1,S,0.5
SRR1056130,RNA-Seq,290,1253174680,PRJNA231236,SAMN02470384,723514361,HELMHOLTZ CENTER FOR INFECTION RESEARCH,public,"sra,fastq",s3,s3.us-east-1,SRX396944,Illumina Genome Analyzer IIx,MHH7313,PAIRED,cDNA,TRANSCRIPTOMIC,Pseudomonas aeruginosa,ILLUMINA,2015-06-17T00:00:00Z,MHH-pool-01_bc6,SRP034661,clinical isolate,Homo sapiens,tracheal secrete,Germany,Europe,Germany: Hannover,"Hannover\, Medical School\, Germany",NA,NA,no,tracheal_secrete,I,8,S,4,S,0.5,R,4
SRR1056131,RNA-Seq,290,1420922860,PRJNA231236,SAMN02470385,814710780,HELMHOLTZ CENTER FOR INFECTION RESEARCH,public,"fastq,sra",s3,s3.us-east-1,SRX396945,Illumina Genome Analyzer IIx,MHH9484,PAIRED,cDNA,TRANSCRIPTOMIC,Pseudomonas aeruginosa,ILLUMINA,2015-06-17T00:00:00Z,MHH-pool-01_bc8,SRP034661,clinical isolate,Homo sapiens,tonsil swab,Germany,Europe,Germany: Hannover,"Hannover\, Medical School\, Germany",NA,NA,no,tonsil_swab,I,8,S,8,S,2,S,1
SRR1056132,RNA-Seq,290,1322823400,PRJNA231236,SAMN02470386,756455552,HELMHOLTZ CENTER FOR INFECTION RESEARCH,public,"sra,fastq",s3,s3.us-east-1,SRX396946,Illumina Genome Analyzer IIx,MHH8482,PAIRED,cDNA,TRANSCRIPTOMIC,Pseudomonas aeruginosa,ILLUMINA,2015-06-17T00:00:00Z,MHH-pool-01_bc9,SRP034661,clinical isolate,Homo sapiens,bronchial secrete,Germany,Europe,Germany: Hannover,"Hannover\, Medical School\, Germany",NA,NA,yes,bronchial_secrete,I,8,R,>32,R,8,I,2
SRR1056133,RNA-Seq,290,1401395710,PRJNA231236,SAMN02470387,797850544,HELMHOLTZ CENTER FOR INFECTION RESEARCH,public,"sra,fastq",s3,s3.us-east-1,SRX396947,Illumina Genome Analyzer IIx,MHH6829,PAIRED,cDNA,TRANSCRIPTOMIC,Pseudomonas aeruginosa,ILLUMINA,2015-06-17T00:00:00Z,MHH-pool-02_bc1,SRP034661,clinical isolate,Homo sapiens,midstream urine,Germany,Europe,Germany: Hannover,"Hannover\, Medical School\, Germany",NA,NA,no,midstream_urine,R,16,I,16,S,1,R,>8
SRR1056134,RNA-Seq,290,443227300,PRJNA231236,SAMN02470388,270553380,HELMHOLTZ CENTER FOR INFECTION RESEARCH,public,"fastq,sra",s3,s3.us-east-1,SRX396948,Illumina Genome Analyzer IIx,MHH7261,PAIRED,cDNA,TRANSCRIPTOMIC,Pseudomonas aeruginosa,ILLUMINA,2015-06-17T00:00:00Z,MHH-pool-02_bc10,SRP034661,clinical isolate,Homo sapiens,permanent catheter urine,Germany,Europe,Germany: Hannover,"Hannover\, Medical School\, Germany",NA,NA,no,permanent_catheter_urine,I,8,R,32,R,16,R,>8
SRR1056135,RNA-Seq,290,674619750,PRJNA231236,SAMN02470389,405207435,HELMHOLTZ CENTER FOR INFECTION RESEARCH,public,"fastq,sra",s3,s3.us-east-1,SRX396949,Illumina Genome Analyzer IIx,MHH7368,PAIRED,cDNA,TRANSCRIPTOMIC,Pseudomonas aeruginosa,ILLUMINA,2015-06-17T00:00:00Z,MHH-pool-02_bc11,SRP034661,clinical isolate,Homo sapiens,nasal swab,Germany,Europe,Germany: Hannover,"Hannover\, Medical School\, Germany",NA,NA,no,nasal_swab,I,8,I,16,R,32,R,>8
SRR1056136,RNA-Seq,290,651012880,PRJNA231236,SAMN02470390,392049770,HELMHOLTZ CENTER FOR INFECTION RESEARCH,public,"sra,fastq",s3,s3.us-east-1,SRX396950,Illumina Genome Analyzer IIx,MHH6827,PAIRED,cDNA,TRANSCRIPTOMIC,Pseudomonas aeruginosa,ILLUMINA,2015-06-17T00:00:00Z,MHH-pool-02_bc12,SRP034661,clinical isolate,Homo sapiens,midstream urine,Germany,Europe,Germany: Hannover,"Hannover\, Medical School\, Germany",NA,NA,no,midstream_urine,I,8,R,32,R,16,R,>8
SRR1056137,RNA-Seq,290,1405574030,PRJNA231236,SAMN02470391,793579302,HELMHOLTZ CENTER FOR INFECTION RESEARCH,public,"sra,fastq",s3,s3.us-east-1,SRX396951,Illumina Genome Analyzer IIx,MHH6870,PAIRED,cDNA,TRANSCRIPTOMIC,Pseudomonas aeruginosa,ILLUMINA,2015-06-17T00:00:00Z,MHH-pool-02_bc2,SRP034661,clinical isolate,Homo sapiens,midstream urine,Germany,Europe,Germany: Hannover,"Hannover\, Medical School\, Germany",NA,NA,no,midstream_urine,I,8,R,>32,R,32,R,>8
SRR1056138,RNA-Seq,290,1380319670,PRJNA231236,SAMN02470392,785260149,HELMHOLTZ CENTER FOR INFECTION RESEARCH,public,"sra,fastq",s3,s3.us-east-1,SRX396952,Illumina Genome Analyzer IIx,MHH6964,PAIRED,cDNA,TRANSCRIPTOMIC,Pseudomonas aeruginosa,ILLUMINA,2015-06-17T00:00:00Z,MHH-pool-02_bc3,SRP034661,clinical isolate,Homo sapiens,wound swab abdomen,Germany,Europe,Germany: Hannover,"Hannover\, Medical School\, Germany",NA,NA,no,wound_swab_abdomen,I,8,S,8,R,16,R,8
SRR1056139,RNA-Seq,290,1187167780,PRJNA231236,SAMN02470393,713700222,HELMHOLTZ CENTER FOR INFECTION RESEARCH,public,"fastq,sra",s3,s3.us-east-1,SRX396953,Illumina Genome Analyzer IIx,MHH7508,PAIRED,cDNA,TRANSCRIPTOMIC,Pseudomonas aeruginosa,ILLUMINA,2015-06-17T00:00:00Z,MHH-pool-02_bc4,SRP034661,clinical isolate,Homo sapiens,bronchial secrete,Germany,Europe,Germany: Hannover,"Hannover\, Medical School\, Germany",NA,NA,yes,bronchial_secrete,I,8,R,32,R,16,S,1
SRR1056140,RNA-Seq,290,1003792370,PRJNA231236,SAMN02470394,606062615,HELMHOLTZ CENTER FOR INFECTION RESEARCH,public,"fastq,sra",s3,s3.us-east-1,SRX396954,Illumina Genome Analyzer IIx,MHH7818,PAIRED,cDNA,TRANSCRIPTOMIC,Pseudomonas aeruginosa,ILLUMINA,2015-06-17T00:00:00Z,MHH-pool-02_bc7,SRP034661,clinical isolate,Homo sapiens,tracheal secrete,Germany,Europe,Germany: Hannover,"Hannover\, Medical School\, Germany",NA,NA,yes,tracheal_secrete,I,4,S,8,R,32,S,1
SRR1056141,RNA-Seq,290,1302927370,PRJNA231236,SAMN02470395,776376762,HELMHOLTZ CENTER FOR INFECTION RESEARCH,public,"sra,fastq",s3,s3.us-east-1,SRX396955,Illumina Genome Analyzer IIx,MHH8044,PAIRED,cDNA,TRANSCRIPTOMIC,Pseudomonas aeruginosa,ILLUMINA,2015-06-17T00:00:00Z,MHH-pool-02_bc8,SRP034661,clinical isolate,Homo sapiens,tracheal secrete,Germany,Europe,Germany: Hannover,"Hannover\, Medical School\, Germany",NA,NA,yes,tracheal_secrete,I,8,R,32,S,1,I,2
SRR1056142,RNA-Seq,290,1403032760,PRJNA231236,SAMN02470396,815733036,HELMHOLTZ CENTER FOR INFECTION RESEARCH,public,"fastq,sra",s3,s3.us-east-1,SRX396956,Illumina Genome Analyzer IIx,MHH8697,PAIRED,cDNA,TRANSCRIPTOMIC,Pseudomonas aeruginosa,ILLUMINA,2015-06-17T00:00:00Z,MHH-pool-02_bc9,SRP034661,clinical isolate,Homo sapiens,rectal swab,Germany,Europe,Germany: Hannover,"Hannover\, Medical School\, Germany",NA,NA,no,rectal_swab,R,>16,S,<1,S,2,R,>8
SRR1056143,RNA-Seq,290,1087312660,PRJNA231236,SAMN02470397,654035793,HELMHOLTZ CENTER FOR INFECTION RESEARCH,public,"sra,fastq",s3,s3.us-east-1,SRX396957,Illumina Genome Analyzer IIx,MHH7055,PAIRED,cDNA,TRANSCRIPTOMIC,Pseudomonas aeruginosa,ILLUMINA,2015-06-17T00:00:00Z,MHH-pool-03_bc1,SRP034661,clinical isolate,Homo sapiens,bronchoalveolar lavage,Germany,Europe,Germany: Hannover,"Hannover\, Medical School\, Germany",NA,NA,no,bronchoalveolar_lavage,I,8,S,4,S,1,R,8
SRR1056144,RNA-Seq,290,1100485620,PRJNA231236,SAMN02470398,652118725,HELMHOLTZ CENTER FOR INFECTION RESEARCH,public,"sra,fastq",s3,s3.us-east-1,SRX396958,Illumina Genome Analyzer IIx,MHH7084,PAIRED,cDNA,TRANSCRIPTOMIC,Pseudomonas aeruginosa,ILLUMINA,2015-06-17T00:00:00Z,MHH-pool-03_bc2,SRP034661,clinical isolate,Homo sapiens,permanent catheter urine,Germany,Europe,Germany: Hannover,"Hannover\, Medical School\, Germany",NA,NA,no,permanent_catheter_urine,I,8,R,32,R,16,R,>8
SRR1056145,RNA-Seq,290,1224348100,PRJNA231236,SAMN02470399,738324539,HELMHOLTZ CENTER FOR INFECTION RESEARCH,public,"fastq,sra",s3,s3.us-east-1,SRX396959,Illumina Genome Analyzer IIx,MHH7444,PAIRED,cDNA,TRANSCRIPTOMIC,Pseudomonas aeruginosa,ILLUMINA,2015-06-17T00:00:00Z,MHH-pool-03_bc3,SRP034661,clinical isolate,Homo sapiens,bronchoalveolar lavage,Germany,Europe,Germany: Hannover,"Hannover\, Medical School\, Germany",NA,NA,yes,bronchoalveolar_lavage,I,8,R,>32,S,2,I,2
SRR1056146,RNA-Seq,290,1153606080,PRJNA231236,SAMN02470400,668112493,HELMHOLTZ CENTER FOR INFECTION RESEARCH,public,"fastq,sra",s3,s3.us-east-1,SRX396960,Illumina Genome Analyzer IIx,MHH7200,PAIRED,cDNA,TRANSCRIPTOMIC,Pseudomonas aeruginosa,ILLUMINA,2015-06-17T00:00:00Z,MHH-pool-03_bc4,SRP034661,clinical isolate,Homo sapiens,tonsil swab,Germany,Europe,Germany: Hannover,"Hannover\, Medical School\, Germany",NA,NA,yes,tonsil_swab,I,4,R,>32,R,>32,R,>8
SRR1056147,RNA-Seq,290,832082210,PRJNA231236,SAMN02470401,493377939,HELMHOLTZ CENTER FOR INFECTION RESEARCH,public,"fastq,sra",s3,s3.us-east-1,SRX396961,Illumina Genome Analyzer IIx,MHH7823,PAIRED,cDNA,TRANSCRIPTOMIC,Pseudomonas aeruginosa,ILLUMINA,2015-06-17T00:00:00Z,MHH-pool-03_bc5,SRP034661,clinical isolate,Homo sapiens,tonsil swab,Germany,Europe,Germany: Hannover,"Hannover\, Medical School\, Germany",NA,NA,no,tonsil_swab,I,8,R,>32,R,16,R,>8
SRR1056148,RNA-Seq,290,1491084590,PRJNA231236,SAMN02470402,864904669,HELMHOLTZ CENTER FOR INFECTION RESEARCH,public,"fastq,sra",s3,s3.us-east-1,SRX396962,Illumina Genome Analyzer IIx,MHH7863,PAIRED,cDNA,TRANSCRIPTOMIC,Pseudomonas aeruginosa,ILLUMINA,2015-06-17T00:00:00Z,MHH-pool-03_bc6,SRP034661,clinical isolate,Homo sapiens,bronchial secrete,Germany,Europe,Germany: Hannover,"Hannover\, Medical School\, Germany",NA,NA,no,bronchial_secrete,I,8,R,32,R,16,R,>8
SRR1056149,RNA-Seq,290,907793960,PRJNA231236,SAMN02470403,544627308,HELMHOLTZ CENTER FOR INFECTION RESEARCH,public,"fastq,sra",s3,s3.us-east-1,SRX396963,Illumina Genome Analyzer IIx,MHH7252,PAIRED,cDNA,TRANSCRIPTOMIC,Pseudomonas aeruginosa,ILLUMINA,2015-06-17T00:00:00Z,MHH-pool-03_bc7,SRP034661,clinical isolate,Homo sapiens,tracheal secrete,Germany,Europe,Germany: Hannover,"Hannover\, Medical School\, Germany",NA,NA,no,tracheal_secrete,I,4,S,2,S,0.5,I,2
SRR1056150,RNA-Seq,290,1005018780,PRJNA231236,SAMN02470404,583964669,HELMHOLTZ CENTER FOR INFECTION RESEARCH,public,"sra,fastq",s3,s3.us-east-1,SRX396964,Illumina Genome Analyzer IIx,MHH8613,PAIRED,cDNA,TRANSCRIPTOMIC,Pseudomonas aeruginosa,ILLUMINA,2015-06-17T00:00:00Z,MHH-pool-03_bc8,SRP034661,clinical isolate,Homo sapiens,ear swab,Germany,Europe,Germany: Hannover,"Hannover\, Medical School\, Germany",NA,NA,no,ear_swab,S,2,R,>32,R,>32,R,>8
SRR1056151,RNA-Seq,290,1018765360,PRJNA231236,SAMN02470405,595077979,HELMHOLTZ CENTER FOR INFECTION RESEARCH,public,"fastq,sra",s3,s3.us-east-1,SRX396965,Illumina Genome Analyzer IIx,MHH9717,PAIRED,cDNA,TRANSCRIPTOMIC,Pseudomonas aeruginosa,ILLUMINA,2015-06-17T00:00:00Z,MHH-pool-04_bc10,SRP034661,clinical isolate,Homo sapiens,tracheal secrete,Germany,Europe,Germany: Hannover,"Hannover\, Medical School\, Germany",NA,NA,no,tracheal_secrete,R,16,S,8,S,1,R,>8
SRR1056152,RNA-Seq,290,1340303440,PRJNA231236,SAMN02470406,763351700,HELMHOLTZ CENTER FOR INFECTION RESEARCH,public,"fastq,sra",s3,s3.us-east-1,SRX396966,Illumina Genome Analyzer IIx,MHH11785,PAIRED,cDNA,TRANSCRIPTOMIC,Pseudomonas aeruginosa,ILLUMINA,2015-06-17T00:00:00Z,MHH-pool-04_bc11,SRP034661,clinical isolate,Homo sapiens,lung transplant donor,Germany,Europe,Germany: Hannover,"Hannover\, Medical School\, Germany",NA,NA,yes,lung_transplant_donor,I,8,R,>256,S,2,R,>8
SRR1056153,RNA-Seq,290,1322644180,PRJNA231236,SAMN02470407,752180536,HELMHOLTZ CENTER FOR INFECTION RESEARCH,public,"fastq,sra",s3,s3.us-east-1,SRX396967,Illumina Genome Analyzer IIx,MHH13633,PAIRED,cDNA,TRANSCRIPTOMIC,Pseudomonas aeruginosa,ILLUMINA,2015-06-17T00:00:00Z,MHH-pool-04_bc12,SRP034661,clinical isolate,Homo sapiens,tracheal secrete,Germany,Europe,Germany: Hannover,"Hannover\, Medical School\, Germany",NA,NA,no,tracheal_secrete,S,1,S,2,S,2,R,>8
SRR1056154,RNA-Seq,290,926534920,PRJNA231236,SAMN02470408,530936944,HELMHOLTZ CENTER FOR INFECTION RESEARCH,public,"sra,fastq",s3,s3.us-east-1,SRX396968,Illumina Genome Analyzer IIx,MHH7032,PAIRED,cDNA,TRANSCRIPTOMIC,Pseudomonas aeruginosa,ILLUMINA,2015-06-17T00:00:00Z,MHH-pool-04_bc13,SRP034661,clinical isolate,Homo sapiens,venous catheter,Germany,Europe,Germany: Hannover,"Hannover\, Medical School\, Germany",NA,NA,no,venous_catheter,I,8,I,16,R,32,R,>8
SRR1056155,RNA-Seq,290,1139349100,PRJNA231236,SAMN02470409,673454793,HELMHOLTZ CENTER FOR INFECTION RESEARCH,public,"fastq,sra",s3,s3.us-east-1,SRX396969,Illumina Genome Analyzer IIx,MHH7125,PAIRED,cDNA,TRANSCRIPTOMIC,Pseudomonas aeruginosa,ILLUMINA,2015-06-17T00:00:00Z,MHH-pool-04_bc14,SRP034661,clinical isolate,Homo sapiens,tonsil swab,Germany,Europe,Germany: Hannover,"Hannover\, Medical School\, Germany",NA,NA,no,tonsil_swab,I,4,S,8,R,32,R,>8
SRR1056156,RNA-Seq,290,907619960,PRJNA231236,SAMN02470410,525185766,HELMHOLTZ CENTER FOR INFECTION RESEARCH,public,"sra,fastq",s3,s3.us-east-1,SRX396970,Illumina Genome Analyzer IIx,MHH7176,PAIRED,cDNA,TRANSCRIPTOMIC,Pseudomonas aeruginosa,ILLUMINA,2015-06-17T00:00:00Z,MHH-pool-04_bc15,SRP034661,clinical isolate,Homo sapiens,midstream urine,Germany,Europe,Germany: Hannover,"Hannover\, Medical School\, Germany",NA,NA,no,midstream_urine,I,8,R,32,R,32,R,>8
SRR1056157,RNA-Seq,290,856395520,PRJNA231236,SAMN02470411,506328613,HELMHOLTZ CENTER FOR INFECTION RESEARCH,public,"fastq,sra",s3,s3.us-east-1,SRX396971,Illumina Genome Analyzer IIx,MHH10660,PAIRED,cDNA,TRANSCRIPTOMIC,Pseudomonas aeruginosa,ILLUMINA,2015-06-17T00:00:00Z,MHH-pool-04_bc20,SRP034661,clinical isolate,Homo sapiens,lung transplant donor,Germany,Europe,Germany: Hannover,"Hannover\, Medical School\, Germany",NA,NA,yes,lung_transplant_donor,R,>16,R,>256,S,4,I,2
SRR1056158,RNA-Seq,290,572542940,PRJNA231236,SAMN02470412,348989256,HELMHOLTZ CENTER FOR INFECTION RESEARCH,public,"sra,fastq",s3,s3.us-east-1,SRX396972,Illumina Genome Analyzer IIx,MHH7091,PAIRED,cDNA,TRANSCRIPTOMIC,Pseudomonas aeruginosa,ILLUMINA,2015-06-17T00:00:00Z,MHH-pool-04_bc5,SRP034661,clinical isolate,Homo sapiens,lung transplant recipient,Germany,Europe,Germany: Hannover,"Hannover\, Medical School\, Germany",NA,NA,yes,lung_transplant_recipient,S,0.5,S,4,S,2,S,1
SRR1056159,RNA-Seq,290,569769380,PRJNA231236,SAMN02470413,335368733,HELMHOLTZ CENTER FOR INFECTION RESEARCH,public,"fastq,sra",s3,s3.us-east-1,SRX396973,Illumina Genome Analyzer IIx,MHH7135,PAIRED,cDNA,TRANSCRIPTOMIC,Pseudomonas aeruginosa,ILLUMINA,2015-06-17T00:00:00Z,MHH-pool-04_bc9,SRP034661,clinical isolate,Homo sapiens,bronchial secrete,Germany,Europe,Germany: Hannover,"Hannover\, Medical School\, Germany",NA,NA,no,bronchial_secrete,I,4,S,4,S,1,R,8
SRR1056160,RNA-Seq,290,1201580780,PRJNA231236,SAMN02470414,720433062,HELMHOLTZ CENTER FOR INFECTION RESEARCH,public,"sra,fastq",s3,s3.us-east-1,SRX396974,Illumina Genome Analyzer IIx,MHH6938,PAIRED,cDNA,TRANSCRIPTOMIC,Pseudomonas aeruginosa,ILLUMINA,2015-06-17T00:00:00Z,MHH-pool-05_bc1,SRP034661,clinical isolate,Homo sapiens,bronchoalveolar lavage,Germany,Europe,Germany: Hannover,"Hannover\, Medical School\, Germany",NA,NA,no,bronchoalveolar_lavage,I,4,I,16,R,32,R,>8
SRR1056161,RNA-Seq,290,1323181550,PRJNA231236,SAMN02470415,795575602,HELMHOLTZ CENTER FOR INFECTION RESEARCH,public,"fastq,sra",s3,s3.us-east-1,SRX396975,Illumina Genome Analyzer IIx,MHH9748,PAIRED,cDNA,TRANSCRIPTOMIC,Pseudomonas aeruginosa,ILLUMINA,2015-06-17T00:00:00Z,MHH-pool-05_bc16,SRP034661,clinical isolate,Homo sapiens,tonsil swab,Germany,Europe,Germany: Hannover,"Hannover\, Medical School\, Germany",NA,NA,no,tonsil_swab,I,4,S,4,S,0.5,I,2
SRR1056162,RNA-Seq,290,591718610,PRJNA231236,SAMN02470416,352674734,HELMHOLTZ CENTER FOR INFECTION RESEARCH,public,"fastq,sra",s3,s3.us-east-1,SRX396976,Illumina Genome Analyzer IIx,MHH9534,PAIRED,cDNA,TRANSCRIPTOMIC,Pseudomonas aeruginosa,ILLUMINA,2015-06-17T00:00:00Z,MHH-pool-05_bc18,SRP034661,clinical isolate,Homo sapiens,bronchial secrete,Germany,Europe,Germany: Hannover,"Hannover\, Medical School\, Germany",NA,NA,no,bronchial_secrete,I,8,R,>32,R,8,I,2
SRR1056163,RNA-Seq,290,689882160,PRJNA231236,SAMN02470417,396062908,HELMHOLTZ CENTER FOR INFECTION RESEARCH,public,"fastq,sra",s3,s3.us-east-1,SRX396977,Illumina Genome Analyzer IIx,MHH12207,PAIRED,cDNA,TRANSCRIPTOMIC,Pseudomonas aeruginosa,ILLUMINA,2015-06-17T00:00:00Z,MHH-pool-05_bc3,SRP034661,clinical isolate,Homo sapiens,bronchoalveolar lavage,Germany,Europe,Germany: Hannover,"Hannover\, Medical School\, Germany",NA,NA,yes,bronchoalveolar_lavage,I,8,R,>32,S,1,I,2
SRR1056164,RNA-Seq,290,811125360,PRJNA231236,SAMN02470418,479478341,HELMHOLTZ CENTER FOR INFECTION RESEARCH,public,"fastq,sra",s3,s3.us-east-1,SRX396978,Illumina Genome Analyzer IIx,MHH12269,PAIRED,cDNA,TRANSCRIPTOMIC,Pseudomonas aeruginosa,ILLUMINA,2015-06-17T00:00:00Z,MHH-pool-05_bc4,SRP034661,clinical isolate,Homo sapiens,sputum,Germany,Europe,Germany: Hannover,"Hannover\, Medical School\, Germany",NA,NA,yes,sputum,R,16,R,>32,S,0.5,S,1
SRR1056165,RNA-Seq,290,535152080,PRJNA231236,SAMN02470419,316062293,HELMHOLTZ CENTER FOR INFECTION RESEARCH,public,"sra,fastq",s3,s3.us-east-1,SRX396979,Illumina Genome Analyzer IIx,MHH13395,PAIRED,cDNA,TRANSCRIPTOMIC,Pseudomonas aeruginosa,ILLUMINA,2015-06-17T00:00:00Z,MHH-pool-05_bc5,SRP034661,clinical isolate,Homo sapiens,bronchoalveolar lavage,Germany,Europe,Germany: Hannover,"Hannover\, Medical School\, Germany",NA,NA,no,bronchoalveolar_lavage,I,8,S,8,S,1,S,0.5
SRR1056166,RNA-Seq,290,1209683670,PRJNA231236,SAMN02470420,711644330,HELMHOLTZ CENTER FOR INFECTION RESEARCH,public,"fastq,sra",s3,s3.us-east-1,SRX396980,Illumina Genome Analyzer IIx,MHH11444,PAIRED,cDNA,TRANSCRIPTOMIC,Pseudomonas aeruginosa,ILLUMINA,2015-06-17T00:00:00Z,MHH-pool-05_bc6,SRP034661,clinical isolate,Homo sapiens,tonsil swab,Germany,Europe,Germany: Hannover,"Hannover\, Medical School\, Germany",NA,NA,yes,tonsil_swab,R,16,S,8,S,2,S,1
SRR1056167,RNA-Seq,290,816769920,PRJNA231236,SAMN02470421,488503916,HELMHOLTZ CENTER FOR INFECTION RESEARCH,public,"fastq,sra",s3,s3.us-east-1,SRX396981,Illumina Genome Analyzer IIx,MHH11445,PAIRED,cDNA,TRANSCRIPTOMIC,Pseudomonas aeruginosa,ILLUMINA,2015-06-17T00:00:00Z,MHH-pool-05_bc7,SRP034661,clinical isolate,Homo sapiens,tonsil swab,Germany,Europe,Germany: Hannover,"Hannover\, Medical School\, Germany",NA,NA,yes,tonsil_swab,I,4,S,8,S,4,S,1
SRR1056168,RNA-Seq,290,1061750320,PRJNA231236,SAMN02470422,631539216,HELMHOLTZ CENTER FOR INFECTION RESEARCH,public,"fastq,sra",s3,s3.us-east-1,SRX396982,Illumina Genome Analyzer IIx,MHH9830,PAIRED,cDNA,TRANSCRIPTOMIC,Pseudomonas aeruginosa,ILLUMINA,2015-06-17T00:00:00Z,MHH-pool-05_bc9,SRP034661,clinical isolate,Homo sapiens,tracheal secrete,Germany,Europe,Germany: Hannover,"Hannover\, Medical School\, Germany",NA,NA,no,tracheal_secrete,I,8,R,32,S,<=0.25,I,2
SRR1056169,RNA-Seq,214,1637298806,PRJNA231236,SAMN02470423,1029247360,HELMHOLTZ CENTER FOR INFECTION RESEARCH,public,"fastq,sra",s3,s3.us-east-1,SRX396983,Illumina Genome Analyzer IIx,PSAE0613,PAIRED,cDNA,TRANSCRIPTOMIC,Pseudomonas aeruginosa,ILLUMINA,2015-06-17T00:00:00Z,PSAE_1_PE_bc1,SRP034661,clinical isolate,Homo sapiens,nd,uncalculated,uncalculated,nd,"Strain collection University of Freiburg\, Germany",NA,NA,nd,nd,S,0.25,S,8,S,0.5,R,128
SRR1056170,RNA-Seq,214,773110738,PRJNA231236,SAMN02470424,494796783,HELMHOLTZ CENTER FOR INFECTION RESEARCH,public,"sra,fastq",s3,s3.us-east-1,SRX396984,Illumina Genome Analyzer IIx,PSAE1152,PAIRED,cDNA,TRANSCRIPTOMIC,Pseudomonas aeruginosa,ILLUMINA,2015-06-17T00:00:00Z,PSAE_1_PE_bc10,SRP034661,clinical isolate,Homo sapiens,drainage catheter,Germany,Europe,Germany: Stuttgart,"Strain collection University of Freiburg\, Germany",NA,NA,nd,drainage_catheter,R,64,R,128,R,32,R,32
SRR1056171,RNA-Seq,214,889753364,PRJNA231236,SAMN02470425,558775095,HELMHOLTZ CENTER FOR INFECTION RESEARCH,public,"fastq,sra",s3,s3.us-east-1,SRX396985,Illumina Genome Analyzer IIx,PSAE2162,PAIRED,cDNA,TRANSCRIPTOMIC,Pseudomonas aeruginosa,ILLUMINA,2015-06-17T00:00:00Z,PSAE_1_PE_bc11,SRP034661,clinical isolate,Homo sapiens,nd,Italy,Europe,Italy: Catania,"Strain collection University of Freiburg\, Germany",NA,NA,nd,nd,R,32,R,128,R,8,R,16
SRR1056172,RNA-Seq,214,963531148,PRJNA231236,SAMN02470426,604781141,HELMHOLTZ CENTER FOR INFECTION RESEARCH,public,"fastq,sra",s3,s3.us-east-1,SRX396986,Illumina Genome Analyzer IIx,PSAE2136,PAIRED,cDNA,TRANSCRIPTOMIC,Pseudomonas aeruginosa,ILLUMINA,2015-06-17T00:00:00Z,PSAE_1_PE_bc12,SRP034661,clinical isolate,Homo sapiens,respiratory tract,uncalculated,uncalculated,"Timisoara\, Rumania","Strain collection University of Freiburg\, Germany",NA,NA,nd,respiratory_tract,R,16,R,64,R,128,R,16
SRR1056173,RNA-Seq,214,1148209082,PRJNA231236,SAMN02470427,713540816,HELMHOLTZ CENTER FOR INFECTION RESEARCH,public,"sra,fastq",s3,s3.us-east-1,SRX396987,Illumina Genome Analyzer IIx,PSAE1747,PAIRED,cDNA,TRANSCRIPTOMIC,Pseudomonas aeruginosa,ILLUMINA,2015-06-17T00:00:00Z,PSAE_1_PE_bc2,SRP034661,clinical isolate,Homo sapiens,respiratory tract,Germany,Europe,Germany: Freiburg,"Strain collection University of Freiburg\, Germany",NA,NA,nd,respiratory_tract,R,16,R,64,R,>1024,R,16
SRR1056174,RNA-Seq,214,830879182,PRJNA231236,SAMN02470428,522526009,HELMHOLTZ CENTER FOR INFECTION RESEARCH,public,"sra,fastq",s3,s3.us-east-1,SRX396988,Illumina Genome Analyzer IIx,PSAE1471,PAIRED,cDNA,TRANSCRIPTOMIC,Pseudomonas aeruginosa,ILLUMINA,2015-06-17T00:00:00Z,PSAE_1_PE_bc3,SRP034661,clinical isolate,Homo sapiens,repiratory tract,Germany,Europe,Germany: Berlin,"Strain collection University of Freiburg\, Germany",NA,NA,nd,respiratory_tract,S,0.5,S,2,S,0.25,R,4
SRR1056175,RNA-Seq,214,954249540,PRJNA231236,SAMN02470429,609279896,HELMHOLTZ CENTER FOR INFECTION RESEARCH,public,"fastq,sra",s3,s3.us-east-1,SRX396989,Illumina Genome Analyzer IIx,PSAE2324,PAIRED,cDNA,TRANSCRIPTOMIC,Pseudomonas aeruginosa,ILLUMINA,2015-06-17T00:00:00Z,PSAE_1_PE_bc4,SRP034661,clinical isolate,Homo sapiens,respiratory tract,Germany,Europe,Germany: Neubrandenburg,"Strain collection University of Freiburg\, Germany",NA,NA,nd,respiratory_tract,S,4,S,2,S,0.5,S,0.063
SRR1056176,RNA-Seq,214,627125716,PRJNA231236,SAMN02470430,399707536,HELMHOLTZ CENTER FOR INFECTION RESEARCH,public,"sra,fastq",s3,s3.us-east-1,SRX396990,Illumina Genome Analyzer IIx,PSAE2328,PAIRED,cDNA,TRANSCRIPTOMIC,Pseudomonas aeruginosa,ILLUMINA,2015-06-17T00:00:00Z,PSAE_1_PE_bc5,SRP034661,clinical isolate,Homo sapiens,urine,Germany,Europe,Germany: Neubrandenburg,"Strain collection University of Freiburg\, Germany",NA,NA,nd,urine,R,8-16.,S,2,S,1,S,0.125
SRR1056177,RNA-Seq,214,965160972,PRJNA231236,SAMN02470431,611877544,HELMHOLTZ CENTER FOR INFECTION RESEARCH,public,"sra,fastq",s3,s3.us-east-1,SRX396991,Illumina Genome Analyzer IIx,PSAE1758,PAIRED,cDNA,TRANSCRIPTOMIC,Pseudomonas aeruginosa,ILLUMINA,2015-06-17T00:00:00Z,PSAE_1_PE_bc6,SRP034661,clinical isolate,Homo sapiens,respiratory tract,Germany,Europe,Germany: Limburg,"Strain collection University of Freiburg\, Germany",NA,NA,nd,respiratory_tract,S,0.25,S,2,S,0.25,R,4
SRR1056178,RNA-Seq,214,913518706,PRJNA231236,SAMN02470432,572923392,HELMHOLTZ CENTER FOR INFECTION RESEARCH,public,"fastq,sra",s3,s3.us-east-1,SRX396992,Illumina Genome Analyzer IIx,PSAE1711,PAIRED,cDNA,TRANSCRIPTOMIC,Pseudomonas aeruginosa,ILLUMINA,2015-06-17T00:00:00Z,PSAE_1_PE_bc7,SRP034661,clinical isolate,Homo sapiens,nd,Germany,Europe,Germany: Regensburg,"Strain collection University of Freiburg\, Germany",NA,NA,nd,nd,S,0.5,S,1,S,0.5,R,>128
SRR1056179,RNA-Seq,214,852253716,PRJNA231236,SAMN02470433,537217668,HELMHOLTZ CENTER FOR INFECTION RESEARCH,public,"fastq,sra",s3,s3.us-east-1,SRX396993,Illumina Genome Analyzer IIx,PSAE1766,PAIRED,cDNA,TRANSCRIPTOMIC,Pseudomonas aeruginosa,ILLUMINA,2015-06-17T00:00:00Z,PSAE_1_PE_bc8,SRP034661,clinical isolate,Homo sapiens,respiratory tract,Germany,Europe,Germany: Bremen,"Strain collection University of Freiburg\, Germany",NA,NA,nd,respiratory_tract,R,16,S,8,S,0.5,S,1
SRR1056180,RNA-Seq,214,668430498,PRJNA231236,SAMN02470434,421526765,HELMHOLTZ CENTER FOR INFECTION RESEARCH,public,"fastq,sra",s3,s3.us-east-1,SRX396994,Illumina Genome Analyzer IIx,PSAE1875,PAIRED,cDNA,TRANSCRIPTOMIC,Pseudomonas aeruginosa,ILLUMINA,2015-06-17T00:00:00Z,PSAE_1_PE_bc9,SRP034661,clinical isolate,Homo sapiens,respiratory tract,Germany,Europe,Germany: Berlin,"Strain collection University of Freiburg\, Germany",NA,NA,nd,respiratory_tract,R,16,S,4,S,2,S,0.5
