run_accession,study_accession,sample_accession,secondary_sample_accession,experiment_accession,tax_id,scientific_name,fastq_ftp,submitted_ftp,sra_ftp
SRR17179098,PRJNA787062,SAMN23768705,SRS11267616,SRX13362742,573,Klebsiella pneumoniae,ftp.sra.ebi.ac.uk/vol1/fastq/SRR171/098/SRR17179098/SRR17179098_1.fastq.gz;ftp.sra.ebi.ac.uk/vol1/fastq/SRR171/098/SRR17179098/SRR17179098_2.fastq.gz,NA,NA
SRR17179099,PRJNA787062,SAMN23768627,SRS11267615,SRX13362741,573,Klebsiella pneumoniae,ftp.sra.ebi.ac.uk/vol1/fastq/SRR171/099/SRR17179099/SRR17179099_1.fastq.gz;ftp.sra.ebi.ac.uk/vol1/fastq/SRR171/099/SRR17179099/SRR17179099_2.fastq.gz,NA,NA
SRR17179103,PRJNA787062,SAMN23768764,SRS11267610,SRX13362737,615,Serratia marcescens,ftp.sra.ebi.ac.uk/vol1/fastq/SRR171/003/SRR17179103/SRR17179103_1.fastq.gz;ftp.sra.ebi.ac.uk/vol1/fastq/SRR171/003/SRR17179103/SRR17179103_2.fastq.gz,NA,NA
SRR17179106,PRJNA787062,SAMN23768761,SRS11267609,SRX13362734,573,Klebsiella pneumoniae,ftp.sra.ebi.ac.uk/vol1/fastq/SRR171/006/SRR17179106/SRR17179106_1.fastq.gz;ftp.sra.ebi.ac.uk/vol1/fastq/SRR171/006/SRR17179106/SRR17179106_2.fastq.gz,NA,NA
SRR17179116,PRJNA787062,SAMN23768756,SRS11267598,SRX13362724,299767,Enterobacter ludwigii,ftp.sra.ebi.ac.uk/vol1/fastq/SRR171/016/SRR17179116/SRR17179116_1.fastq.gz;ftp.sra.ebi.ac.uk/vol1/fastq/SRR171/016/SRR17179116/SRR17179116_2.fastq.gz,NA,NA
SRR17179123,PRJNA787062,SAMN23768752,SRS11267591,SRX13362717,550,Enterobacter cloacae,ftp.sra.ebi.ac.uk/vol1/fastq/SRR171/023/SRR17179123/SRR17179123_1.fastq.gz;ftp.sra.ebi.ac.uk/vol1/fastq/SRR171/023/SRR17179123/SRR17179123_2.fastq.gz,NA,NA
SRR17179126,PRJNA787062,SAMN23768700,SRS11267588,SRX13362714,573,Klebsiella pneumoniae,ftp.sra.ebi.ac.uk/vol1/fastq/SRR171/026/SRR17179126/SRR17179126_1.fastq.gz;ftp.sra.ebi.ac.uk/vol1/fastq/SRR171/026/SRR17179126/SRR17179126_2.fastq.gz,NA,NA
SRR17179129,PRJNA787062,SAMN23768750,SRS11267585,SRX13362711,573,Klebsiella pneumoniae,ftp.sra.ebi.ac.uk/vol1/fastq/SRR171/029/SRR17179129/SRR17179129_1.fastq.gz;ftp.sra.ebi.ac.uk/vol1/fastq/SRR171/029/SRR17179129/SRR17179129_2.fastq.gz,NA,NA
SRR17179130,PRJNA787062,SAMN23768749,SRS11267584,SRX13362710,573,Klebsiella pneumoniae,ftp.sra.ebi.ac.uk/vol1/fastq/SRR171/030/SRR17179130/SRR17179130_1.fastq.gz;ftp.sra.ebi.ac.uk/vol1/fastq/SRR171/030/SRR17179130/SRR17179130_2.fastq.gz,NA,NA
SRR17179133,PRJNA787062,SAMN23768747,SRS11267580,SRX13362707,83655,Leclercia adecarboxylata,ftp.sra.ebi.ac.uk/vol1/fastq/SRR171/033/SRR17179133/SRR17179133_1.fastq.gz;ftp.sra.ebi.ac.uk/vol1/fastq/SRR171/033/SRR17179133/SRR17179133_2.fastq.gz,NA,NA
SRR17179139,PRJNA787062,SAMN23768741,SRS11267574,SRX13362701,244366,Klebsiella variicola,ftp.sra.ebi.ac.uk/vol1/fastq/SRR171/039/SRR17179139/SRR17179139_1.fastq.gz;ftp.sra.ebi.ac.uk/vol1/fastq/SRR171/039/SRR17179139/SRR17179139_2.fastq.gz,NA,NA
SRR17179143,PRJNA787062,SAMN23768623,SRS11267571,SRX13362697,573,Klebsiella pneumoniae,ftp.sra.ebi.ac.uk/vol1/fastq/SRR171/043/SRR17179143/SRR17179143_1.fastq.gz;ftp.sra.ebi.ac.uk/vol1/fastq/SRR171/043/SRR17179143/SRR17179143_2.fastq.gz,NA,NA
SRR17179144,PRJNA787062,SAMN23768737,SRS11267570,SRX13362696,573,Klebsiella pneumoniae,ftp.sra.ebi.ac.uk/vol1/fastq/SRR171/044/SRR17179144/SRR17179144_1.fastq.gz;ftp.sra.ebi.ac.uk/vol1/fastq/SRR171/044/SRR17179144/SRR17179144_2.fastq.gz,NA,NA
SRR17179146,PRJNA787062,SAMN23768735,SRS11267568,SRX13362694,244366,Klebsiella variicola,ftp.sra.ebi.ac.uk/vol1/fastq/SRR171/046/SRR17179146/SRR17179146_1.fastq.gz;ftp.sra.ebi.ac.uk/vol1/fastq/SRR171/046/SRR17179146/SRR17179146_2.fastq.gz,NA,NA
SRR17179147,PRJNA787062,SAMN23768734,SRS11267567,SRX13362693,573,Klebsiella pneumoniae,ftp.sra.ebi.ac.uk/vol1/fastq/SRR171/047/SRR17179147/SRR17179147_1.fastq.gz;ftp.sra.ebi.ac.uk/vol1/fastq/SRR171/047/SRR17179147/SRR17179147_2.fastq.gz,NA,NA
SRR17179148,PRJNA787062,SAMN23768733,SRS11267566,SRX13362692,573,Klebsiella pneumoniae,ftp.sra.ebi.ac.uk/vol1/fastq/SRR171/048/SRR17179148/SRR17179148_1.fastq.gz;ftp.sra.ebi.ac.uk/vol1/fastq/SRR171/048/SRR17179148/SRR17179148_2.fastq.gz,NA,NA
SRR17179149,PRJNA787062,SAMN23768732,SRS11267565,SRX13362691,244366,Klebsiella variicola,ftp.sra.ebi.ac.uk/vol1/fastq/SRR171/049/SRR17179149/SRR17179149_1.fastq.gz;ftp.sra.ebi.ac.uk/vol1/fastq/SRR171/049/SRR17179149/SRR17179149_2.fastq.gz,NA,NA
SRR17179152,PRJNA787062,SAMN23768730,SRS11267562,SRX13362688,244366,Klebsiella variicola,ftp.sra.ebi.ac.uk/vol1/fastq/SRR171/052/SRR17179152/SRR17179152_1.fastq.gz;ftp.sra.ebi.ac.uk/vol1/fastq/SRR171/052/SRR17179152/SRR17179152_2.fastq.gz,NA,NA
SRR17179154,PRJNA787062,SAMN23768622,SRS11267560,SRX13362686,573,Klebsiella pneumoniae,ftp.sra.ebi.ac.uk/vol1/fastq/SRR171/054/SRR17179154/SRR17179154_1.fastq.gz;ftp.sra.ebi.ac.uk/vol1/fastq/SRR171/054/SRR17179154/SRR17179154_2.fastq.gz,NA,NA
SRR17179159,PRJNA787062,SAMN23768650,SRS11267556,SRX13362681,244366,Klebsiella variicola,ftp.sra.ebi.ac.uk/vol1/fastq/SRR171/059/SRR17179159/SRR17179159_1.fastq.gz;ftp.sra.ebi.ac.uk/vol1/fastq/SRR171/059/SRR17179159/SRR17179159_2.fastq.gz,NA,NA
SRR17179163,PRJNA787062,SAMN23768900,SRS11267551,SRX13362677,573,Klebsiella pneumoniae,ftp.sra.ebi.ac.uk/vol1/fastq/SRR171/063/SRR17179163/SRR17179163_1.fastq.gz;ftp.sra.ebi.ac.uk/vol1/fastq/SRR171/063/SRR17179163/SRR17179163_2.fastq.gz,NA,NA
SRR17179165,PRJNA787062,SAMN23768898,SRS11267549,SRX13362675,573,Klebsiella pneumoniae,ftp.sra.ebi.ac.uk/vol1/fastq/SRR171/065/SRR17179165/SRR17179165_1.fastq.gz;ftp.sra.ebi.ac.uk/vol1/fastq/SRR171/065/SRR17179165/SRR17179165_2.fastq.gz,NA,NA
SRR17179171,PRJNA787062,SAMN23768893,SRS11267543,SRX13362669,573,Klebsiella pneumoniae,ftp.sra.ebi.ac.uk/vol1/fastq/SRR171/071/SRR17179171/SRR17179171_1.fastq.gz;ftp.sra.ebi.ac.uk/vol1/fastq/SRR171/071/SRR17179171/SRR17179171_2.fastq.gz,NA,NA
SRR17179173,PRJNA787062,SAMN23768891,SRS11267541,SRX13362667,573,Klebsiella pneumoniae,ftp.sra.ebi.ac.uk/vol1/fastq/SRR171/073/SRR17179173/SRR17179173_1.fastq.gz;ftp.sra.ebi.ac.uk/vol1/fastq/SRR171/073/SRR17179173/SRR17179173_2.fastq.gz,NA,NA
SRR17179179,PRJNA787062,SAMN23768886,SRS11267536,SRX13362661,59814,Pantoea dispersa,ftp.sra.ebi.ac.uk/vol1/fastq/SRR171/079/SRR17179179/SRR17179179_1.fastq.gz;ftp.sra.ebi.ac.uk/vol1/fastq/SRR171/079/SRR17179179/SRR17179179_2.fastq.gz,NA,NA
SRR17179190,PRJNA787062,SAMN23768693,SRS11267524,SRX13362650,562,Escherichia coli,ftp.sra.ebi.ac.uk/vol1/fastq/SRR171/090/SRR17179190/SRR17179190_1.fastq.gz;ftp.sra.ebi.ac.uk/vol1/fastq/SRR171/090/SRR17179190/SRR17179190_2.fastq.gz,NA,NA
SRR17179200,PRJNA787062,SAMN23768769,SRS11267514,SRX13362640,573,Klebsiella pneumoniae,ftp.sra.ebi.ac.uk/vol1/fastq/SRR171/000/SRR17179200/SRR17179200_1.fastq.gz;ftp.sra.ebi.ac.uk/vol1/fastq/SRR171/000/SRR17179200/SRR17179200_2.fastq.gz,NA,NA
SRR17179201,PRJNA787062,SAMN23768706,SRS11267513,SRX13362639,573,Klebsiella pneumoniae,ftp.sra.ebi.ac.uk/vol1/fastq/SRR171/001/SRR17179201/SRR17179201_1.fastq.gz;ftp.sra.ebi.ac.uk/vol1/fastq/SRR171/001/SRR17179201/SRR17179201_2.fastq.gz,NA,NA
SRR17179205,PRJNA787062,SAMN23768849,SRS11267509,SRX13362635,59814,Pantoea dispersa,ftp.sra.ebi.ac.uk/vol1/fastq/SRR171/005/SRR17179205/SRR17179205_1.fastq.gz;ftp.sra.ebi.ac.uk/vol1/fastq/SRR171/005/SRR17179205/SRR17179205_2.fastq.gz,NA,NA
SRR17179206,PRJNA787062,SAMN23768848,SRS11267508,SRX13362634,59814,Pantoea dispersa,ftp.sra.ebi.ac.uk/vol1/fastq/SRR171/006/SRR17179206/SRR17179206_1.fastq.gz;ftp.sra.ebi.ac.uk/vol1/fastq/SRR171/006/SRR17179206/SRR17179206_2.fastq.gz,NA,NA
SRR17179207,PRJNA787062,SAMN23768847,SRS11267507,SRX13362633,244366,Klebsiella variicola,ftp.sra.ebi.ac.uk/vol1/fastq/SRR171/007/SRR17179207/SRR17179207_1.fastq.gz;ftp.sra.ebi.ac.uk/vol1/fastq/SRR171/007/SRR17179207/SRR17179207_2.fastq.gz,NA,NA
SRR17179208,PRJNA787062,SAMN23768686,SRS11267506,SRX13362632,562,Escherichia coli,ftp.sra.ebi.ac.uk/vol1/fastq/SRR171/008/SRR17179208/SRR17179208_1.fastq.gz;ftp.sra.ebi.ac.uk/vol1/fastq/SRR171/008/SRR17179208/SRR17179208_2.fastq.gz,NA,NA
SRR17179212,PRJNA787062,SAMN23768844,SRS11267502,SRX13362628,244366,Klebsiella variicola,ftp.sra.ebi.ac.uk/vol1/fastq/SRR171/012/SRR17179212/SRR17179212_1.fastq.gz;ftp.sra.ebi.ac.uk/vol1/fastq/SRR171/012/SRR17179212/SRR17179212_2.fastq.gz,NA,NA
SRR17179216,PRJNA787062,SAMN23768841,SRS11267498,SRX13362624,244366,Klebsiella variicola,ftp.sra.ebi.ac.uk/vol1/fastq/SRR171/016/SRR17179216/SRR17179216_1.fastq.gz;ftp.sra.ebi.ac.uk/vol1/fastq/SRR171/016/SRR17179216/SRR17179216_2.fastq.gz,NA,NA
SRR17179223,PRJNA787062,SAMN23768836,SRS11267491,SRX13362617,244366,Klebsiella variicola,ftp.sra.ebi.ac.uk/vol1/fastq/SRR171/023/SRR17179223/SRR17179223_1.fastq.gz;ftp.sra.ebi.ac.uk/vol1/fastq/SRR171/023/SRR17179223/SRR17179223_2.fastq.gz,NA,NA
SRR17179225,PRJNA787062,SAMN23768834,SRS11267489,SRX13362615,550,Enterobacter cloacae,ftp.sra.ebi.ac.uk/vol1/fastq/SRR171/025/SRR17179225/SRR17179225_1.fastq.gz;ftp.sra.ebi.ac.uk/vol1/fastq/SRR171/025/SRR17179225/SRR17179225_2.fastq.gz,NA,NA
SRR17179226,PRJNA787062,SAMN23768833,SRS11267488,SRX13362614,244366,Klebsiella variicola,ftp.sra.ebi.ac.uk/vol1/fastq/SRR171/026/SRR17179226/SRR17179226_1.fastq.gz;ftp.sra.ebi.ac.uk/vol1/fastq/SRR171/026/SRR17179226/SRR17179226_2.fastq.gz,NA,NA
SRR17179232,PRJNA787062,SAMN23768827,SRS11267482,SRX13362608,59814,Pantoea dispersa,ftp.sra.ebi.ac.uk/vol1/fastq/SRR171/032/SRR17179232/SRR17179232_1.fastq.gz;ftp.sra.ebi.ac.uk/vol1/fastq/SRR171/032/SRR17179232/SRR17179232_2.fastq.gz,NA,NA
SRR17179234,PRJNA787062,SAMN23768826,SRS11267480,SRX13362606,573,Klebsiella pneumoniae,ftp.sra.ebi.ac.uk/vol1/fastq/SRR171/034/SRR17179234/SRR17179234_1.fastq.gz;ftp.sra.ebi.ac.uk/vol1/fastq/SRR171/034/SRR17179234/SRR17179234_2.fastq.gz,NA,NA
SRR17179237,PRJNA787062,SAMN23768873,SRS11267477,SRX13362603,244366,Klebsiella variicola,ftp.sra.ebi.ac.uk/vol1/fastq/SRR171/037/SRR17179237/SRR17179237_1.fastq.gz;ftp.sra.ebi.ac.uk/vol1/fastq/SRR171/037/SRR17179237/SRR17179237_2.fastq.gz,NA,NA
SRR17179238,PRJNA787062,SAMN23768690,SRS11267476,SRX13362602,562,Escherichia coli,ftp.sra.ebi.ac.uk/vol1/fastq/SRR171/038/SRR17179238/SRR17179238_1.fastq.gz;ftp.sra.ebi.ac.uk/vol1/fastq/SRR171/038/SRR17179238/SRR17179238_2.fastq.gz,NA,NA
SRR17179239,PRJNA787062,SAMN23768689,SRS11267475,SRX13362601,562,Escherichia coli,ftp.sra.ebi.ac.uk/vol1/fastq/SRR171/039/SRR17179239/SRR17179239_1.fastq.gz;ftp.sra.ebi.ac.uk/vol1/fastq/SRR171/039/SRR17179239/SRR17179239_2.fastq.gz,NA,NA
SRR17179244,PRJNA787062,SAMN23768869,SRS11267470,SRX13362596,244366,Klebsiella variicola,ftp.sra.ebi.ac.uk/vol1/fastq/SRR171/044/SRR17179244/SRR17179244_1.fastq.gz;ftp.sra.ebi.ac.uk/vol1/fastq/SRR171/044/SRR17179244/SRR17179244_2.fastq.gz,NA,NA
SRR17179250,PRJNA787062,SAMN23768864,SRS11267464,SRX13362590,244366,Klebsiella variicola,ftp.sra.ebi.ac.uk/vol1/fastq/SRR171/050/SRR17179250/SRR17179250_1.fastq.gz;ftp.sra.ebi.ac.uk/vol1/fastq/SRR171/050/SRR17179250/SRR17179250_2.fastq.gz,NA,NA
SRR17179253,PRJNA787062,SAMN23768862,SRS11267461,SRX13362587,244366,Klebsiella variicola,ftp.sra.ebi.ac.uk/vol1/fastq/SRR171/053/SRR17179253/SRR17179253_1.fastq.gz;ftp.sra.ebi.ac.uk/vol1/fastq/SRR171/053/SRR17179253/SRR17179253_2.fastq.gz,NA,NA
SRR17179261,PRJNA787062,SAMN23768856,SRS11267453,SRX13362579,244366,Klebsiella variicola,ftp.sra.ebi.ac.uk/vol1/fastq/SRR171/061/SRR17179261/SRR17179261_1.fastq.gz;ftp.sra.ebi.ac.uk/vol1/fastq/SRR171/061/SRR17179261/SRR17179261_2.fastq.gz,NA,NA
SRR17179263,PRJNA787062,SAMN23768637,SRS11267451,SRX13362577,244366,Klebsiella variicola,ftp.sra.ebi.ac.uk/vol1/fastq/SRR171/063/SRR17179263/SRR17179263_1.fastq.gz;ftp.sra.ebi.ac.uk/vol1/fastq/SRR171/063/SRR17179263/SRR17179263_2.fastq.gz,NA,NA
SRR17179267,PRJNA787062,SAMN23768825,SRS11267447,SRX13362573,244366,Klebsiella variicola,ftp.sra.ebi.ac.uk/vol1/fastq/SRR171/067/SRR17179267/SRR17179267_1.fastq.gz;ftp.sra.ebi.ac.uk/vol1/fastq/SRR171/067/SRR17179267/SRR17179267_2.fastq.gz,NA,NA
SRR17179273,PRJNA787062,SAMN23768819,SRS11267441,SRX13362567,244366,Klebsiella variicola,ftp.sra.ebi.ac.uk/vol1/fastq/SRR171/073/SRR17179273/SRR17179273_1.fastq.gz;ftp.sra.ebi.ac.uk/vol1/fastq/SRR171/073/SRR17179273/SRR17179273_2.fastq.gz,NA,NA
SRR17179277,PRJNA787062,SAMN23768816,SRS11267437,SRX13362563,244366,Klebsiella variicola,ftp.sra.ebi.ac.uk/vol1/fastq/SRR171/077/SRR17179277/SRR17179277_1.fastq.gz;ftp.sra.ebi.ac.uk/vol1/fastq/SRR171/077/SRR17179277/SRR17179277_2.fastq.gz,NA,NA
SRR17179280,PRJNA787062,SAMN23768814,SRS11267434,SRX13362560,54291,Klebsiella ornithinolytica,ftp.sra.ebi.ac.uk/vol1/fastq/SRR171/080/SRR17179280/SRR17179280_1.fastq.gz;ftp.sra.ebi.ac.uk/vol1/fastq/SRR171/080/SRR17179280/SRR17179280_2.fastq.gz,NA,NA
SRR17179283,PRJNA787062,SAMN23768811,SRS11267431,SRX13362557,550,Enterobacter cloacae,ftp.sra.ebi.ac.uk/vol1/fastq/SRR171/083/SRR17179283/SRR17179283_1.fastq.gz;ftp.sra.ebi.ac.uk/vol1/fastq/SRR171/083/SRR17179283/SRR17179283_2.fastq.gz,NA,NA
SRR17179285,PRJNA787062,SAMN23768809,SRS11267429,SRX13362555,550,Enterobacter cloacae,ftp.sra.ebi.ac.uk/vol1/fastq/SRR171/085/SRR17179285/SRR17179285_1.fastq.gz;ftp.sra.ebi.ac.uk/vol1/fastq/SRR171/085/SRR17179285/SRR17179285_2.fastq.gz,NA,NA
SRR17179290,PRJNA787062,SAMN23768806,SRS11267424,SRX13362550,59814,Pantoea dispersa,ftp.sra.ebi.ac.uk/vol1/fastq/SRR171/090/SRR17179290/SRR17179290_1.fastq.gz;ftp.sra.ebi.ac.uk/vol1/fastq/SRR171/090/SRR17179290/SRR17179290_2.fastq.gz,NA,NA
SRR17179291,PRJNA787062,SAMN23768805,SRS11267422,SRX13362549,59814,Pantoea dispersa,ftp.sra.ebi.ac.uk/vol1/fastq/SRR171/091/SRR17179291/SRR17179291_1.fastq.gz;ftp.sra.ebi.ac.uk/vol1/fastq/SRR171/091/SRR17179291/SRR17179291_2.fastq.gz,NA,NA
SRR17179292,PRJNA787062,SAMN23768804,SRS11267423,SRX13362548,573,Klebsiella pneumoniae,ftp.sra.ebi.ac.uk/vol1/fastq/SRR171/092/SRR17179292/SRR17179292_1.fastq.gz;ftp.sra.ebi.ac.uk/vol1/fastq/SRR171/092/SRR17179292/SRR17179292_2.fastq.gz,NA,NA
SRR17179299,PRJNA787062,SAMN23768647,SRS11267415,SRX13362541,562,Escherichia coli,ftp.sra.ebi.ac.uk/vol1/fastq/SRR171/099/SRR17179299/SRR17179299_1.fastq.gz;ftp.sra.ebi.ac.uk/vol1/fastq/SRR171/099/SRR17179299/SRR17179299_2.fastq.gz,NA,NA
SRR17179300,PRJNA787062,SAMN23768646,SRS11267414,SRX13362540,573,Klebsiella pneumoniae,ftp.sra.ebi.ac.uk/vol1/fastq/SRR171/000/SRR17179300/SRR17179300_1.fastq.gz;ftp.sra.ebi.ac.uk/vol1/fastq/SRR171/000/SRR17179300/SRR17179300_2.fastq.gz,NA,NA
SRR17179301,PRJNA787062,SAMN23768918,SRS11267412,SRX13362539,573,Klebsiella pneumoniae,ftp.sra.ebi.ac.uk/vol1/fastq/SRR171/001/SRR17179301/SRR17179301_1.fastq.gz;ftp.sra.ebi.ac.uk/vol1/fastq/SRR171/001/SRR17179301/SRR17179301_2.fastq.gz,NA,NA
SRR17179302,PRJNA787062,SAMN23768645,SRS11267413,SRX13362538,562,Escherichia coli,ftp.sra.ebi.ac.uk/vol1/fastq/SRR171/002/SRR17179302/SRR17179302_1.fastq.gz;ftp.sra.ebi.ac.uk/vol1/fastq/SRR171/002/SRR17179302/SRR17179302_2.fastq.gz,NA,NA
SRR17179306,PRJNA787062,SAMN23768915,SRS11267408,SRX13362534,573,Klebsiella pneumoniae,ftp.sra.ebi.ac.uk/vol1/fastq/SRR171/006/SRR17179306/SRR17179306_1.fastq.gz;ftp.sra.ebi.ac.uk/vol1/fastq/SRR171/006/SRR17179306/SRR17179306_2.fastq.gz,NA,NA
SRR17179309,PRJNA787062,SAMN23768912,SRS11267405,SRX13362531,573,Klebsiella pneumoniae,ftp.sra.ebi.ac.uk/vol1/fastq/SRR171/009/SRR17179309/SRR17179309_1.fastq.gz;ftp.sra.ebi.ac.uk/vol1/fastq/SRR171/009/SRR17179309/SRR17179309_2.fastq.gz,NA,NA
SRR17179310,PRJNA787062,SAMN23768911,SRS11267404,SRX13362530,573,Klebsiella pneumoniae,ftp.sra.ebi.ac.uk/vol1/fastq/SRR171/010/SRR17179310/SRR17179310_1.fastq.gz;ftp.sra.ebi.ac.uk/vol1/fastq/SRR171/010/SRR17179310/SRR17179310_2.fastq.gz,NA,NA
SRR17179312,PRJNA787062,SAMN23768722,SRS11267402,SRX13362528,573,Klebsiella pneumoniae,ftp.sra.ebi.ac.uk/vol1/fastq/SRR171/012/SRR17179312/SRR17179312_1.fastq.gz;ftp.sra.ebi.ac.uk/vol1/fastq/SRR171/012/SRR17179312/SRR17179312_2.fastq.gz,NA,NA
SRR17179313,PRJNA787062,SAMN23768697,SRS11267400,SRX13362527,562,Escherichia coli,ftp.sra.ebi.ac.uk/vol1/fastq/SRR171/013/SRR17179313/SRR17179313_1.fastq.gz;ftp.sra.ebi.ac.uk/vol1/fastq/SRR171/013/SRR17179313/SRR17179313_2.fastq.gz,NA,NA
SRR17179316,PRJNA787062,SAMN23768910,SRS11267399,SRX13362524,573,Klebsiella pneumoniae,ftp.sra.ebi.ac.uk/vol1/fastq/SRR171/016/SRR17179316/SRR17179316_1.fastq.gz;ftp.sra.ebi.ac.uk/vol1/fastq/SRR171/016/SRR17179316/SRR17179316_2.fastq.gz,NA,NA
SRR17179319,PRJNA787062,SAMN23768908,SRS11267395,SRX13362521,573,Klebsiella pneumoniae,ftp.sra.ebi.ac.uk/vol1/fastq/SRR171/019/SRR17179319/SRR17179319_1.fastq.gz;ftp.sra.ebi.ac.uk/vol1/fastq/SRR171/019/SRR17179319/SRR17179319_2.fastq.gz,NA,NA
SRR17179325,PRJNA787062,SAMN23768643,SRS11267389,SRX13362515,562,Escherichia coli,ftp.sra.ebi.ac.uk/vol1/fastq/SRR171/025/SRR17179325/SRR17179325_1.fastq.gz;ftp.sra.ebi.ac.uk/vol1/fastq/SRR171/025/SRR17179325/SRR17179325_2.fastq.gz,NA,NA
SRR17179327,PRJNA787062,SAMN23768720,SRS11267387,SRX13362513,573,Klebsiella pneumoniae,ftp.sra.ebi.ac.uk/vol1/fastq/SRR171/027/SRR17179327/SRR17179327_1.fastq.gz;ftp.sra.ebi.ac.uk/vol1/fastq/SRR171/027/SRR17179327/SRR17179327_2.fastq.gz,NA,NA
SRR17179329,PRJNA787062,SAMN23768902,SRS11267385,SRX13362511,571,Klebsiella oxytoca,ftp.sra.ebi.ac.uk/vol1/fastq/SRR171/029/SRR17179329/SRR17179329_1.fastq.gz;ftp.sra.ebi.ac.uk/vol1/fastq/SRR171/029/SRR17179329/SRR17179329_2.fastq.gz,NA,NA
SRR17179330,PRJNA787062,SAMN23768719,SRS11267384,SRX13362510,550,Enterobacter cloacae,ftp.sra.ebi.ac.uk/vol1/fastq/SRR171/030/SRR17179330/SRR17179330_1.fastq.gz;ftp.sra.ebi.ac.uk/vol1/fastq/SRR171/030/SRR17179330/SRR17179330_2.fastq.gz,NA,NA
SRR17179331,PRJNA787062,SAMN23768799,SRS11267383,SRX13362509,571,Klebsiella oxytoca,ftp.sra.ebi.ac.uk/vol1/fastq/SRR171/031/SRR17179331/SRR17179331_1.fastq.gz;ftp.sra.ebi.ac.uk/vol1/fastq/SRR171/031/SRR17179331/SRR17179331_2.fastq.gz,NA,NA
SRR17179332,PRJNA787062,SAMN23768716,SRS11267382,SRX13362508,573,Klebsiella pneumoniae,ftp.sra.ebi.ac.uk/vol1/fastq/SRR171/032/SRR17179332/SRR17179332_1.fastq.gz;ftp.sra.ebi.ac.uk/vol1/fastq/SRR171/032/SRR17179332/SRR17179332_2.fastq.gz,NA,NA
SRR17179335,PRJNA787062,SAMN23768682,SRS11267379,SRX13362505,562,Escherichia coli,ftp.sra.ebi.ac.uk/vol1/fastq/SRR171/035/SRR17179335/SRR17179335_1.fastq.gz;ftp.sra.ebi.ac.uk/vol1/fastq/SRR171/035/SRR17179335/SRR17179335_2.fastq.gz,NA,NA
SRR17179338,PRJNA787062,SAMN23768795,SRS11267376,SRX13362502,550,Enterobacter cloacae,ftp.sra.ebi.ac.uk/vol1/fastq/SRR171/038/SRR17179338/SRR17179338_1.fastq.gz;ftp.sra.ebi.ac.uk/vol1/fastq/SRR171/038/SRR17179338/SRR17179338_2.fastq.gz,NA,NA
SRR17179339,PRJNA787062,SAMN23768681,SRS11267375,SRX13362501,562,Escherichia coli,ftp.sra.ebi.ac.uk/vol1/fastq/SRR171/039/SRR17179339/SRR17179339_1.fastq.gz;ftp.sra.ebi.ac.uk/vol1/fastq/SRR171/039/SRR17179339/SRR17179339_2.fastq.gz,NA,NA
SRR17179345,PRJNA787062,SAMN23768680,SRS11267369,SRX13362495,562,Escherichia coli,ftp.sra.ebi.ac.uk/vol1/fastq/SRR171/045/SRR17179345/SRR17179345_1.fastq.gz;ftp.sra.ebi.ac.uk/vol1/fastq/SRR171/045/SRR17179345/SRR17179345_2.fastq.gz,NA,NA
SRR17179348,PRJNA787062,SAMN23768678,SRS11267366,SRX13362492,562,Escherichia coli,ftp.sra.ebi.ac.uk/vol1/fastq/SRR171/048/SRR17179348/SRR17179348_1.fastq.gz;ftp.sra.ebi.ac.uk/vol1/fastq/SRR171/048/SRR17179348/SRR17179348_2.fastq.gz,NA,NA
SRR17179352,PRJNA787062,SAMN23768629,SRS11267362,SRX13362488,244366,Klebsiella variicola,ftp.sra.ebi.ac.uk/vol1/fastq/SRR171/052/SRR17179352/SRR17179352_1.fastq.gz;ftp.sra.ebi.ac.uk/vol1/fastq/SRR171/052/SRR17179352/SRR17179352_2.fastq.gz,NA,NA
SRR17179353,PRJNA787062,SAMN23768676,SRS11267361,SRX13362487,562,Escherichia coli,ftp.sra.ebi.ac.uk/vol1/fastq/SRR171/053/SRR17179353/SRR17179353_1.fastq.gz;ftp.sra.ebi.ac.uk/vol1/fastq/SRR171/053/SRR17179353/SRR17179353_2.fastq.gz,NA,NA
SRR17179359,PRJNA787062,SAMN23768787,SRS11267355,SRX13362481,622,Shigella dysenteriae,ftp.sra.ebi.ac.uk/vol1/fastq/SRR171/059/SRR17179359/SRR17179359_1.fastq.gz;ftp.sra.ebi.ac.uk/vol1/fastq/SRR171/059/SRR17179359/SRR17179359_2.fastq.gz,NA,NA
SRR17179360,PRJNA787062,SAMN23768672,SRS11267354,SRX13362480,562,Escherichia coli,ftp.sra.ebi.ac.uk/vol1/fastq/SRR171/060/SRR17179360/SRR17179360_1.fastq.gz;ftp.sra.ebi.ac.uk/vol1/fastq/SRR171/060/SRR17179360/SRR17179360_2.fastq.gz,NA,NA
SRR17179361,PRJNA787062,SAMN23768786,SRS11267353,SRX13362479,244366,Klebsiella variicola,ftp.sra.ebi.ac.uk/vol1/fastq/SRR171/061/SRR17179361/SRR17179361_1.fastq.gz;ftp.sra.ebi.ac.uk/vol1/fastq/SRR171/061/SRR17179361/SRR17179361_2.fastq.gz,NA,NA
SRR17179363,PRJNA787062,SAMN23768628,SRS11267351,SRX13362477,573,Klebsiella pneumoniae,ftp.sra.ebi.ac.uk/vol1/fastq/SRR171/063/SRR17179363/SRR17179363_1.fastq.gz;ftp.sra.ebi.ac.uk/vol1/fastq/SRR171/063/SRR17179363/SRR17179363_2.fastq.gz,NA,NA
SRR17179365,PRJNA787062,SAMN23768671,SRS11267349,SRX13362475,562,Escherichia coli,ftp.sra.ebi.ac.uk/vol1/fastq/SRR171/065/SRR17179365/SRR17179365_1.fastq.gz;ftp.sra.ebi.ac.uk/vol1/fastq/SRR171/065/SRR17179365/SRR17179365_2.fastq.gz,NA,NA
SRR17179366,PRJNA787062,SAMN23768670,SRS11267348,SRX13362474,562,Escherichia coli,ftp.sra.ebi.ac.uk/vol1/fastq/SRR171/066/SRR17179366/SRR17179366_1.fastq.gz;ftp.sra.ebi.ac.uk/vol1/fastq/SRR171/066/SRR17179366/SRR17179366_2.fastq.gz,NA,NA
SRR17179367,PRJNA787062,SAMN23768784,SRS11267347,SRX13362473,573,Klebsiella pneumoniae,ftp.sra.ebi.ac.uk/vol1/fastq/SRR171/067/SRR17179367/SRR17179367_1.fastq.gz;ftp.sra.ebi.ac.uk/vol1/fastq/SRR171/067/SRR17179367/SRR17179367_2.fastq.gz,NA,NA
SRR17179377,PRJNA787062,SAMN23768781,SRS11267337,SRX13362463,550,Enterobacter cloacae,ftp.sra.ebi.ac.uk/vol1/fastq/SRR171/077/SRR17179377/SRR17179377_1.fastq.gz;ftp.sra.ebi.ac.uk/vol1/fastq/SRR171/077/SRR17179377/SRR17179377_2.fastq.gz,NA,NA
SRR17179387,PRJNA787062,SAMN23768663,SRS11267327,SRX13362453,562,Escherichia coli,ftp.sra.ebi.ac.uk/vol1/fastq/SRR171/087/SRR17179387/SRR17179387_1.fastq.gz;ftp.sra.ebi.ac.uk/vol1/fastq/SRR171/087/SRR17179387/SRR17179387_2.fastq.gz,NA,NA
SRR17179395,PRJNA787062,SAMN23768707,SRS11267319,SRX13362445,550,Enterobacter cloacae,ftp.sra.ebi.ac.uk/vol1/fastq/SRR171/095/SRR17179395/SRR17179395_1.fastq.gz;ftp.sra.ebi.ac.uk/vol1/fastq/SRR171/095/SRR17179395/SRR17179395_2.fastq.gz,NA,NA
SRR17179397,PRJNA787062,SAMN23768619,SRS11267317,SRX13362443,573,Klebsiella pneumoniae,ftp.sra.ebi.ac.uk/vol1/fastq/SRR171/097/SRR17179397/SRR17179397_1.fastq.gz;ftp.sra.ebi.ac.uk/vol1/fastq/SRR171/097/SRR17179397/SRR17179397_2.fastq.gz,NA,NA
SRR30996154,PRJNA787062,SAMN44250071,SRS22907628,SRX26384495,470,Acinetobacter baumannii,ftp.sra.ebi.ac.uk/vol1/fastq/SRR309/054/SRR30996154/SRR30996154_1.fastq.gz;ftp.sra.ebi.ac.uk/vol1/fastq/SRR309/054/SRR30996154/SRR30996154_2.fastq.gz,NA,NA
SRR30996159,PRJNA787062,SAMN44250106,SRS22907623,SRX26384490,470,Acinetobacter baumannii,ftp.sra.ebi.ac.uk/vol1/fastq/SRR309/059/SRR30996159/SRR30996159_1.fastq.gz;ftp.sra.ebi.ac.uk/vol1/fastq/SRR309/059/SRR30996159/SRR30996159_2.fastq.gz,NA,NA
SRR30996160,PRJNA787062,SAMN44250105,SRS22907624,SRX26384489,470,Acinetobacter baumannii,ftp.sra.ebi.ac.uk/vol1/fastq/SRR309/060/SRR30996160/SRR30996160_1.fastq.gz;ftp.sra.ebi.ac.uk/vol1/fastq/SRR309/060/SRR30996160/SRR30996160_2.fastq.gz,NA,NA
SRR30996163,PRJNA787062,SAMN44250102,SRS22907620,SRX26384486,470,Acinetobacter baumannii,ftp.sra.ebi.ac.uk/vol1/fastq/SRR309/063/SRR30996163/SRR30996163_1.fastq.gz;ftp.sra.ebi.ac.uk/vol1/fastq/SRR309/063/SRR30996163/SRR30996163_2.fastq.gz,NA,NA
SRR30996165,PRJNA787062,SAMN44250101,SRS22907618,SRX26384484,470,Acinetobacter baumannii,ftp.sra.ebi.ac.uk/vol1/fastq/SRR309/065/SRR30996165/SRR30996165_1.fastq.gz;ftp.sra.ebi.ac.uk/vol1/fastq/SRR309/065/SRR30996165/SRR30996165_2.fastq.gz,NA,NA
SRR30996167,PRJNA787062,SAMN44250099,SRS22907616,SRX26384482,470,Acinetobacter baumannii,ftp.sra.ebi.ac.uk/vol1/fastq/SRR309/067/SRR30996167/SRR30996167_1.fastq.gz;ftp.sra.ebi.ac.uk/vol1/fastq/SRR309/067/SRR30996167/SRR30996167_2.fastq.gz,NA,NA
SRR30996169,PRJNA787062,SAMN44250097,SRS22907615,SRX26384480,470,Acinetobacter baumannii,ftp.sra.ebi.ac.uk/vol1/fastq/SRR309/069/SRR30996169/SRR30996169_1.fastq.gz;ftp.sra.ebi.ac.uk/vol1/fastq/SRR309/069/SRR30996169/SRR30996169_2.fastq.gz,NA,NA
SRR30996177,PRJNA787062,SAMN44250090,SRS22907606,SRX26384472,470,Acinetobacter baumannii,ftp.sra.ebi.ac.uk/vol1/fastq/SRR309/077/SRR30996177/SRR30996177_1.fastq.gz;ftp.sra.ebi.ac.uk/vol1/fastq/SRR309/077/SRR30996177/SRR30996177_2.fastq.gz,NA,NA
SRR30996178,PRJNA787062,SAMN44250089,SRS22907604,SRX26384471,470,Acinetobacter baumannii,ftp.sra.ebi.ac.uk/vol1/fastq/SRR309/078/SRR30996178/SRR30996178_1.fastq.gz;ftp.sra.ebi.ac.uk/vol1/fastq/SRR309/078/SRR30996178/SRR30996178_2.fastq.gz,NA,NA
SRR30996179,PRJNA787062,SAMN44250088,SRS22907605,SRX26384470,470,Acinetobacter baumannii,ftp.sra.ebi.ac.uk/vol1/fastq/SRR309/079/SRR30996179/SRR30996179_1.fastq.gz;ftp.sra.ebi.ac.uk/vol1/fastq/SRR309/079/SRR30996179/SRR30996179_2.fastq.gz,NA,NA
SRR30996188,PRJNA787062,SAMN44250080,SRS22907596,SRX26384461,470,Acinetobacter baumannii,ftp.sra.ebi.ac.uk/vol1/fastq/SRR309/088/SRR30996188/SRR30996188_1.fastq.gz;ftp.sra.ebi.ac.uk/vol1/fastq/SRR309/088/SRR30996188/SRR30996188_2.fastq.gz,NA,NA
SRR30996192,PRJNA787062,SAMN44250076,SRS22907592,SRX26384457,470,Acinetobacter baumannii,ftp.sra.ebi.ac.uk/vol1/fastq/SRR309/092/SRR30996192/SRR30996192_1.fastq.gz;ftp.sra.ebi.ac.uk/vol1/fastq/SRR309/092/SRR30996192/SRR30996192_2.fastq.gz,NA,NA
SRR30996195,PRJNA787062,SAMN44250073,SRS22907588,SRX26384454,470,Acinetobacter baumannii,ftp.sra.ebi.ac.uk/vol1/fastq/SRR309/095/SRR30996195/SRR30996195_1.fastq.gz;ftp.sra.ebi.ac.uk/vol1/fastq/SRR309/095/SRR30996195/SRR30996195_2.fastq.gz,NA,NA
SRR30996196,PRJNA787062,SAMN44250072,SRS22907587,SRX26384453,470,Acinetobacter baumannii,ftp.sra.ebi.ac.uk/vol1/fastq/SRR309/096/SRR30996196/SRR30996196_1.fastq.gz;ftp.sra.ebi.ac.uk/vol1/fastq/SRR309/096/SRR30996196/SRR30996196_2.fastq.gz,NA,NA
SRR30996197,PRJNA787062,SAMN44250063,SRS22907586,SRX26384452,470,Acinetobacter baumannii,ftp.sra.ebi.ac.uk/vol1/fastq/SRR309/097/SRR30996197/SRR30996197_1.fastq.gz;ftp.sra.ebi.ac.uk/vol1/fastq/SRR309/097/SRR30996197/SRR30996197_2.fastq.gz,NA,NA
SRR17179100,PRJNA787062,SAMN23768767,SRS11267614,SRX13362740,573,Klebsiella pneumoniae,ftp.sra.ebi.ac.uk/vol1/fastq/SRR171/000/SRR17179100/SRR17179100_1.fastq.gz;ftp.sra.ebi.ac.uk/vol1/fastq/SRR171/000/SRR17179100/SRR17179100_2.fastq.gz,NA,NA
SRR17179101,PRJNA787062,SAMN23768766,SRS11267613,SRX13362739,573,Klebsiella pneumoniae,ftp.sra.ebi.ac.uk/vol1/fastq/SRR171/001/SRR17179101/SRR17179101_1.fastq.gz;ftp.sra.ebi.ac.uk/vol1/fastq/SRR171/001/SRR17179101/SRR17179101_2.fastq.gz,NA,NA
SRR17179102,PRJNA787062,SAMN23768765,SRS11267612,SRX13362738,571,Klebsiella oxytoca,ftp.sra.ebi.ac.uk/vol1/fastq/SRR171/002/SRR17179102/SRR17179102_1.fastq.gz;ftp.sra.ebi.ac.uk/vol1/fastq/SRR171/002/SRR17179102/SRR17179102_2.fastq.gz,NA,NA
SRR17179107,PRJNA787062,SAMN23768760,SRS11267606,SRX13362733,573,Klebsiella pneumoniae,ftp.sra.ebi.ac.uk/vol1/fastq/SRR171/007/SRR17179107/SRR17179107_1.fastq.gz;ftp.sra.ebi.ac.uk/vol1/fastq/SRR171/007/SRR17179107/SRR17179107_2.fastq.gz,NA,NA
SRR17179114,PRJNA787062,SAMN23768758,SRS11267600,SRX13362726,54291,Klebsiella ornithinolytica,ftp.sra.ebi.ac.uk/vol1/fastq/SRR171/014/SRR17179114/SRR17179114_1.fastq.gz;ftp.sra.ebi.ac.uk/vol1/fastq/SRR171/014/SRR17179114/SRR17179114_2.fastq.gz,NA,NA
SRR17179115,PRJNA787062,SAMN23768757,SRS11267599,SRX13362725,573,Klebsiella pneumoniae,ftp.sra.ebi.ac.uk/vol1/fastq/SRR171/015/SRR17179115/SRR17179115_1.fastq.gz;ftp.sra.ebi.ac.uk/vol1/fastq/SRR171/015/SRR17179115/SRR17179115_2.fastq.gz,NA,NA
SRR17179117,PRJNA787062,SAMN23768755,SRS11267597,SRX13362723,573,Klebsiella pneumoniae,ftp.sra.ebi.ac.uk/vol1/fastq/SRR171/017/SRR17179117/SRR17179117_1.fastq.gz;ftp.sra.ebi.ac.uk/vol1/fastq/SRR171/017/SRR17179117/SRR17179117_2.fastq.gz,NA,NA
SRR17179118,PRJNA787062,SAMN23768702,SRS11267596,SRX13362722,573,Klebsiella pneumoniae,ftp.sra.ebi.ac.uk/vol1/fastq/SRR171/018/SRR17179118/SRR17179118_1.fastq.gz;ftp.sra.ebi.ac.uk/vol1/fastq/SRR171/018/SRR17179118/SRR17179118_2.fastq.gz,NA,NA
SRR17179120,PRJNA787062,SAMN23768754,SRS11267595,SRX13362720,573,Klebsiella pneumoniae,ftp.sra.ebi.ac.uk/vol1/fastq/SRR171/020/SRR17179120/SRR17179120_1.fastq.gz;ftp.sra.ebi.ac.uk/vol1/fastq/SRR171/020/SRR17179120/SRR17179120_2.fastq.gz,NA,NA
SRR17179121,PRJNA787062,SAMN23768625,SRS11267593,SRX13362719,573,Klebsiella pneumoniae,ftp.sra.ebi.ac.uk/vol1/fastq/SRR171/021/SRR17179121/SRR17179121_1.fastq.gz;ftp.sra.ebi.ac.uk/vol1/fastq/SRR171/021/SRR17179121/SRR17179121_2.fastq.gz,NA,NA
SRR17179122,PRJNA787062,SAMN23768753,SRS11267592,SRX13362718,573,Klebsiella pneumoniae,ftp.sra.ebi.ac.uk/vol1/fastq/SRR171/022/SRR17179122/SRR17179122_1.fastq.gz;ftp.sra.ebi.ac.uk/vol1/fastq/SRR171/022/SRR17179122/SRR17179122_2.fastq.gz,NA,NA
SRR17179124,PRJNA787062,SAMN23768701,SRS11267589,SRX13362716,573,Klebsiella pneumoniae,ftp.sra.ebi.ac.uk/vol1/fastq/SRR171/024/SRR17179124/SRR17179124_1.fastq.gz;ftp.sra.ebi.ac.uk/vol1/fastq/SRR171/024/SRR17179124/SRR17179124_2.fastq.gz,NA,NA
SRR17179125,PRJNA787062,SAMN23768751,SRS11267590,SRX13362715,550,Enterobacter cloacae,ftp.sra.ebi.ac.uk/vol1/fastq/SRR171/025/SRR17179125/SRR17179125_1.fastq.gz;ftp.sra.ebi.ac.uk/vol1/fastq/SRR171/025/SRR17179125/SRR17179125_2.fastq.gz,NA,NA
SRR17179131,PRJNA787062,SAMN23768748,SRS11267582,SRX13362709,571,Klebsiella oxytoca,ftp.sra.ebi.ac.uk/vol1/fastq/SRR171/031/SRR17179131/SRR17179131_1.fastq.gz;ftp.sra.ebi.ac.uk/vol1/fastq/SRR171/031/SRR17179131/SRR17179131_2.fastq.gz,NA,NA
SRR17179135,PRJNA787062,SAMN23768745,SRS11267578,SRX13362705,244366,Klebsiella variicola,ftp.sra.ebi.ac.uk/vol1/fastq/SRR171/035/SRR17179135/SRR17179135_1.fastq.gz;ftp.sra.ebi.ac.uk/vol1/fastq/SRR171/035/SRR17179135/SRR17179135_2.fastq.gz,NA,NA
SRR17179136,PRJNA787062,SAMN23768744,SRS11267579,SRX13362704,244366,Klebsiella variicola,ftp.sra.ebi.ac.uk/vol1/fastq/SRR171/036/SRR17179136/SRR17179136_1.fastq.gz;ftp.sra.ebi.ac.uk/vol1/fastq/SRR171/036/SRR17179136/SRR17179136_2.fastq.gz,NA,NA
SRR17179137,PRJNA787062,SAMN23768743,SRS11267577,SRX13362703,244366,Klebsiella variicola,ftp.sra.ebi.ac.uk/vol1/fastq/SRR171/037/SRR17179137/SRR17179137_1.fastq.gz;ftp.sra.ebi.ac.uk/vol1/fastq/SRR171/037/SRR17179137/SRR17179137_2.fastq.gz,NA,NA
SRR17179140,PRJNA787062,SAMN23768740,SRS11267575,SRX13362700,244366,Klebsiella variicola,ftp.sra.ebi.ac.uk/vol1/fastq/SRR171/040/SRR17179140/SRR17179140_1.fastq.gz;ftp.sra.ebi.ac.uk/vol1/fastq/SRR171/040/SRR17179140/SRR17179140_2.fastq.gz,NA,NA
SRR17179141,PRJNA787062,SAMN23768739,SRS11267573,SRX13362699,244366,Klebsiella variicola,ftp.sra.ebi.ac.uk/vol1/fastq/SRR171/041/SRR17179141/SRR17179141_1.fastq.gz;ftp.sra.ebi.ac.uk/vol1/fastq/SRR171/041/SRR17179141/SRR17179141_2.fastq.gz,NA,NA
SRR17179142,PRJNA787062,SAMN23768738,SRS11267572,SRX13362698,244366,Klebsiella variicola,ftp.sra.ebi.ac.uk/vol1/fastq/SRR171/042/SRR17179142/SRR17179142_1.fastq.gz;ftp.sra.ebi.ac.uk/vol1/fastq/SRR171/042/SRR17179142/SRR17179142_2.fastq.gz,NA,NA
SRR17179145,PRJNA787062,SAMN23768736,SRS11267569,SRX13362695,244366,Klebsiella variicola,ftp.sra.ebi.ac.uk/vol1/fastq/SRR171/045/SRR17179145/SRR17179145_1.fastq.gz;ftp.sra.ebi.ac.uk/vol1/fastq/SRR171/045/SRR17179145/SRR17179145_2.fastq.gz,NA,NA
SRR17179150,PRJNA787062,SAMN23768698,SRS11267564,SRX13362690,244366,Klebsiella variicola,ftp.sra.ebi.ac.uk/vol1/fastq/SRR171/050/SRR17179150/SRR17179150_1.fastq.gz;ftp.sra.ebi.ac.uk/vol1/fastq/SRR171/050/SRR17179150/SRR17179150_2.fastq.gz,NA,NA
SRR17179153,PRJNA787062,SAMN23768729,SRS11267561,SRX13362687,244366,Klebsiella variicola,ftp.sra.ebi.ac.uk/vol1/fastq/SRR171/053/SRR17179153/SRR17179153_1.fastq.gz;ftp.sra.ebi.ac.uk/vol1/fastq/SRR171/053/SRR17179153/SRR17179153_2.fastq.gz,NA,NA
SRR17179157,PRJNA787062,SAMN23768652,SRS11267557,SRX13362683,244366,Klebsiella variicola,ftp.sra.ebi.ac.uk/vol1/fastq/SRR171/057/SRR17179157/SRR17179157_1.fastq.gz;ftp.sra.ebi.ac.uk/vol1/fastq/SRR171/057/SRR17179157/SRR17179157_2.fastq.gz,NA,NA
SRR17179158,PRJNA787062,SAMN23768651,SRS11267555,SRX13362682,573,Klebsiella pneumoniae,ftp.sra.ebi.ac.uk/vol1/fastq/SRR171/058/SRR17179158/SRR17179158_1.fastq.gz;ftp.sra.ebi.ac.uk/vol1/fastq/SRR171/058/SRR17179158/SRR17179158_2.fastq.gz,NA,NA
SRR17179160,PRJNA787062,SAMN23768649,SRS11267554,SRX13362680,244366,Klebsiella variicola,ftp.sra.ebi.ac.uk/vol1/fastq/SRR171/060/SRR17179160/SRR17179160_1.fastq.gz;ftp.sra.ebi.ac.uk/vol1/fastq/SRR171/060/SRR17179160/SRR17179160_2.fastq.gz,NA,NA
SRR17179166,PRJNA787062,SAMN23768897,SRS11267548,SRX13362674,573,Klebsiella pneumoniae,ftp.sra.ebi.ac.uk/vol1/fastq/SRR171/066/SRR17179166/SRR17179166_1.fastq.gz;ftp.sra.ebi.ac.uk/vol1/fastq/SRR171/066/SRR17179166/SRR17179166_2.fastq.gz,NA,NA
SRR17179168,PRJNA787062,SAMN23768896,SRS11267546,SRX13362672,573,Klebsiella pneumoniae,ftp.sra.ebi.ac.uk/vol1/fastq/SRR171/068/SRR17179168/SRR17179168_1.fastq.gz;ftp.sra.ebi.ac.uk/vol1/fastq/SRR171/068/SRR17179168/SRR17179168_2.fastq.gz,NA,NA
SRR17179172,PRJNA787062,SAMN23768892,SRS11267542,SRX13362668,550,Enterobacter cloacae,ftp.sra.ebi.ac.uk/vol1/fastq/SRR171/072/SRR17179172/SRR17179172_1.fastq.gz;ftp.sra.ebi.ac.uk/vol1/fastq/SRR171/072/SRR17179172/SRR17179172_2.fastq.gz,NA,NA
SRR17179174,PRJNA787062,SAMN23768890,SRS11267540,SRX13362666,573,Klebsiella pneumoniae,ftp.sra.ebi.ac.uk/vol1/fastq/SRR171/074/SRR17179174/SRR17179174_1.fastq.gz;ftp.sra.ebi.ac.uk/vol1/fastq/SRR171/074/SRR17179174/SRR17179174_2.fastq.gz,NA,NA
SRR17179177,PRJNA787062,SAMN23768887,SRS11267537,SRX13362663,244366,Klebsiella variicola,ftp.sra.ebi.ac.uk/vol1/fastq/SRR171/077/SRR17179177/SRR17179177_1.fastq.gz;ftp.sra.ebi.ac.uk/vol1/fastq/SRR171/077/SRR17179177/SRR17179177_2.fastq.gz,NA,NA
SRR17179178,PRJNA787062,SAMN23768641,SRS11267535,SRX13362662,573,Klebsiella pneumoniae,ftp.sra.ebi.ac.uk/vol1/fastq/SRR171/078/SRR17179178/SRR17179178_1.fastq.gz;ftp.sra.ebi.ac.uk/vol1/fastq/SRR171/078/SRR17179178/SRR17179178_2.fastq.gz,NA,NA
SRR17179183,PRJNA787062,SAMN23768882,SRS11267531,SRX13362657,208223,Kosakonia cowanii,ftp.sra.ebi.ac.uk/vol1/fastq/SRR171/083/SRR17179183/SRR17179183_1.fastq.gz;ftp.sra.ebi.ac.uk/vol1/fastq/SRR171/083/SRR17179183/SRR17179183_2.fastq.gz,NA,NA
SRR17179186,PRJNA787062,SAMN23768879,SRS11267528,SRX13362654,244366,Klebsiella variicola,ftp.sra.ebi.ac.uk/vol1/fastq/SRR171/086/SRR17179186/SRR17179186_1.fastq.gz;ftp.sra.ebi.ac.uk/vol1/fastq/SRR171/086/SRR17179186/SRR17179186_2.fastq.gz,NA,NA
SRR17179187,PRJNA787062,SAMN23768878,SRS11267527,SRX13362653,550,Enterobacter cloacae,ftp.sra.ebi.ac.uk/vol1/fastq/SRR171/087/SRR17179187/SRR17179187_1.fastq.gz;ftp.sra.ebi.ac.uk/vol1/fastq/SRR171/087/SRR17179187/SRR17179187_2.fastq.gz,NA,NA
SRR17179191,PRJNA787062,SAMN23768692,SRS11267523,SRX13362649,562,Escherichia coli,ftp.sra.ebi.ac.uk/vol1/fastq/SRR171/091/SRR17179191/SRR17179191_1.fastq.gz;ftp.sra.ebi.ac.uk/vol1/fastq/SRR171/091/SRR17179191/SRR17179191_2.fastq.gz,NA,NA
SRR17179192,PRJNA787062,SAMN23768691,SRS11267522,SRX13362648,562,Escherichia coli,ftp.sra.ebi.ac.uk/vol1/fastq/SRR171/092/SRR17179192/SRR17179192_1.fastq.gz;ftp.sra.ebi.ac.uk/vol1/fastq/SRR171/092/SRR17179192/SRR17179192_2.fastq.gz,NA,NA
SRR17179195,PRJNA787062,SAMN23768772,SRS11267519,SRX13362645,573,Klebsiella pneumoniae,ftp.sra.ebi.ac.uk/vol1/fastq/SRR171/095/SRR17179195/SRR17179195_1.fastq.gz;ftp.sra.ebi.ac.uk/vol1/fastq/SRR171/095/SRR17179195/SRR17179195_2.fastq.gz,NA,NA
SRR17179196,PRJNA787062,SAMN23768771,SRS11267518,SRX13362644,573,Klebsiella pneumoniae,ftp.sra.ebi.ac.uk/vol1/fastq/SRR171/096/SRR17179196/SRR17179196_1.fastq.gz;ftp.sra.ebi.ac.uk/vol1/fastq/SRR171/096/SRR17179196/SRR17179196_2.fastq.gz,NA,NA
SRR17179197,PRJNA787062,SAMN23768658,SRS11267517,SRX13362643,562,Escherichia coli,ftp.sra.ebi.ac.uk/vol1/fastq/SRR171/097/SRR17179197/SRR17179197_1.fastq.gz;ftp.sra.ebi.ac.uk/vol1/fastq/SRR171/097/SRR17179197/SRR17179197_2.fastq.gz,NA,NA
SRR17179198,PRJNA787062,SAMN23768770,SRS11267516,SRX13362642,573,Klebsiella pneumoniae,ftp.sra.ebi.ac.uk/vol1/fastq/SRR171/098/SRR17179198/SRR17179198_1.fastq.gz;ftp.sra.ebi.ac.uk/vol1/fastq/SRR171/098/SRR17179198/SRR17179198_2.fastq.gz,NA,NA
SRR17179199,PRJNA787062,SAMN23768657,SRS11267515,SRX13362641,562,Escherichia coli,ftp.sra.ebi.ac.uk/vol1/fastq/SRR171/099/SRR17179199/SRR17179199_1.fastq.gz;ftp.sra.ebi.ac.uk/vol1/fastq/SRR171/099/SRR17179199/SRR17179199_2.fastq.gz,NA,NA
SRR17179204,PRJNA787062,SAMN23768850,SRS11267510,SRX13362636,573,Klebsiella pneumoniae,ftp.sra.ebi.ac.uk/vol1/fastq/SRR171/004/SRR17179204/SRR17179204_1.fastq.gz;ftp.sra.ebi.ac.uk/vol1/fastq/SRR171/004/SRR17179204/SRR17179204_2.fastq.gz,NA,NA
SRR17179209,PRJNA787062,SAMN23768846,SRS11267505,SRX13362631,59814,Pantoea dispersa,ftp.sra.ebi.ac.uk/vol1/fastq/SRR171/009/SRR17179209/SRR17179209_1.fastq.gz;ftp.sra.ebi.ac.uk/vol1/fastq/SRR171/009/SRR17179209/SRR17179209_2.fastq.gz,NA,NA
SRR17179211,PRJNA787062,SAMN23768845,SRS11267504,SRX13362629,244366,Klebsiella variicola,ftp.sra.ebi.ac.uk/vol1/fastq/SRR171/011/SRR17179211/SRR17179211_1.fastq.gz;ftp.sra.ebi.ac.uk/vol1/fastq/SRR171/011/SRR17179211/SRR17179211_2.fastq.gz,NA,NA
SRR17179213,PRJNA787062,SAMN23768843,SRS11267501,SRX13362627,244366,Klebsiella variicola,ftp.sra.ebi.ac.uk/vol1/fastq/SRR171/013/SRR17179213/SRR17179213_1.fastq.gz;ftp.sra.ebi.ac.uk/vol1/fastq/SRR171/013/SRR17179213/SRR17179213_2.fastq.gz,NA,NA
SRR17179214,PRJNA787062,SAMN23768842,SRS11267500,SRX13362626,244366,Klebsiella variicola,ftp.sra.ebi.ac.uk/vol1/fastq/SRR171/014/SRR17179214/SRR17179214_1.fastq.gz;ftp.sra.ebi.ac.uk/vol1/fastq/SRR171/014/SRR17179214/SRR17179214_2.fastq.gz,NA,NA
SRR17179215,PRJNA787062,SAMN23768717,SRS11267499,SRX13362625,244366,Klebsiella variicola,ftp.sra.ebi.ac.uk/vol1/fastq/SRR171/015/SRR17179215/SRR17179215_1.fastq.gz;ftp.sra.ebi.ac.uk/vol1/fastq/SRR171/015/SRR17179215/SRR17179215_2.fastq.gz,NA,NA
SRR17179218,PRJNA787062,SAMN23768839,SRS11267496,SRX13362622,244366,Klebsiella variicola,ftp.sra.ebi.ac.uk/vol1/fastq/SRR171/018/SRR17179218/SRR17179218_1.fastq.gz;ftp.sra.ebi.ac.uk/vol1/fastq/SRR171/018/SRR17179218/SRR17179218_2.fastq.gz,NA,NA
SRR17179221,PRJNA787062,SAMN23768635,SRS11267493,SRX13362619,573,Klebsiella pneumoniae,ftp.sra.ebi.ac.uk/vol1/fastq/SRR171/021/SRR17179221/SRR17179221_1.fastq.gz;ftp.sra.ebi.ac.uk/vol1/fastq/SRR171/021/SRR17179221/SRR17179221_2.fastq.gz,NA,NA
SRR17179222,PRJNA787062,SAMN23768620,SRS11267492,SRX13362618,573,Klebsiella pneumoniae,ftp.sra.ebi.ac.uk/vol1/fastq/SRR171/022/SRR17179222/SRR17179222_1.fastq.gz;ftp.sra.ebi.ac.uk/vol1/fastq/SRR171/022/SRR17179222/SRR17179222_2.fastq.gz,NA,NA
SRR17179229,PRJNA787062,SAMN23768830,SRS11267486,SRX13362611,550,Enterobacter cloacae,ftp.sra.ebi.ac.uk/vol1/fastq/SRR171/029/SRR17179229/SRR17179229_1.fastq.gz;ftp.sra.ebi.ac.uk/vol1/fastq/SRR171/029/SRR17179229/SRR17179229_2.fastq.gz,NA,NA
SRR17179230,PRJNA787062,SAMN23768829,SRS11267484,SRX13362610,244366,Klebsiella variicola,ftp.sra.ebi.ac.uk/vol1/fastq/SRR171/030/SRR17179230/SRR17179230_1.fastq.gz;ftp.sra.ebi.ac.uk/vol1/fastq/SRR171/030/SRR17179230/SRR17179230_2.fastq.gz,NA,NA
SRR17179231,PRJNA787062,SAMN23768828,SRS11267483,SRX13362609,244366,Klebsiella variicola,ftp.sra.ebi.ac.uk/vol1/fastq/SRR171/031/SRR17179231/SRR17179231_1.fastq.gz;ftp.sra.ebi.ac.uk/vol1/fastq/SRR171/031/SRR17179231/SRR17179231_2.fastq.gz,NA,NA
SRR17179233,PRJNA787062,SAMN23768634,SRS11267481,SRX13362607,573,Klebsiella pneumoniae,ftp.sra.ebi.ac.uk/vol1/fastq/SRR171/033/SRR17179233/SRR17179233_1.fastq.gz;ftp.sra.ebi.ac.uk/vol1/fastq/SRR171/033/SRR17179233/SRR17179233_2.fastq.gz,NA,NA
SRR17179235,PRJNA787062,SAMN23768875,SRS11267479,SRX13362605,244366,Klebsiella variicola,ftp.sra.ebi.ac.uk/vol1/fastq/SRR171/035/SRR17179235/SRR17179235_1.fastq.gz;ftp.sra.ebi.ac.uk/vol1/fastq/SRR171/035/SRR17179235/SRR17179235_2.fastq.gz,NA,NA
SRR17179240,PRJNA787062,SAMN23768872,SRS11267474,SRX13362600,562,Escherichia coli,ftp.sra.ebi.ac.uk/vol1/fastq/SRR171/040/SRR17179240/SRR17179240_1.fastq.gz;ftp.sra.ebi.ac.uk/vol1/fastq/SRR171/040/SRR17179240/SRR17179240_2.fastq.gz,NA,NA
SRR17179242,PRJNA787062,SAMN23768871,SRS11267471,SRX13362598,59814,Pantoea dispersa,ftp.sra.ebi.ac.uk/vol1/fastq/SRR171/042/SRR17179242/SRR17179242_1.fastq.gz;ftp.sra.ebi.ac.uk/vol1/fastq/SRR171/042/SRR17179242/SRR17179242_2.fastq.gz,NA,NA
SRR17179243,PRJNA787062,SAMN23768870,SRS11267472,SRX13362597,571,Klebsiella oxytoca,ftp.sra.ebi.ac.uk/vol1/fastq/SRR171/043/SRR17179243/SRR17179243_1.fastq.gz;ftp.sra.ebi.ac.uk/vol1/fastq/SRR171/043/SRR17179243/SRR17179243_2.fastq.gz,NA,NA
SRR17179245,PRJNA787062,SAMN23768868,SRS11267469,SRX13362595,550,Enterobacter cloacae,ftp.sra.ebi.ac.uk/vol1/fastq/SRR171/045/SRR17179245/SRR17179245_1.fastq.gz;ftp.sra.ebi.ac.uk/vol1/fastq/SRR171/045/SRR17179245/SRR17179245_2.fastq.gz,NA,NA
SRR17179246,PRJNA787062,SAMN23768867,SRS11267468,SRX13362594,244366,Klebsiella variicola,ftp.sra.ebi.ac.uk/vol1/fastq/SRR171/046/SRR17179246/SRR17179246_1.fastq.gz;ftp.sra.ebi.ac.uk/vol1/fastq/SRR171/046/SRR17179246/SRR17179246_2.fastq.gz,NA,NA
SRR17179247,PRJNA787062,SAMN23768866,SRS11267467,SRX13362593,59814,Pantoea dispersa,ftp.sra.ebi.ac.uk/vol1/fastq/SRR171/047/SRR17179247/SRR17179247_1.fastq.gz;ftp.sra.ebi.ac.uk/vol1/fastq/SRR171/047/SRR17179247/SRR17179247_2.fastq.gz,NA,NA
SRR17179249,PRJNA787062,SAMN23768865,SRS11267465,SRX13362591,59814,Pantoea dispersa,ftp.sra.ebi.ac.uk/vol1/fastq/SRR171/049/SRR17179249/SRR17179249_1.fastq.gz;ftp.sra.ebi.ac.uk/vol1/fastq/SRR171/049/SRR17179249/SRR17179249_2.fastq.gz,NA,NA
SRR17179251,PRJNA787062,SAMN23768863,SRS11267463,SRX13362589,244366,Klebsiella variicola,ftp.sra.ebi.ac.uk/vol1/fastq/SRR171/051/SRR17179251/SRR17179251_1.fastq.gz;ftp.sra.ebi.ac.uk/vol1/fastq/SRR171/051/SRR17179251/SRR17179251_2.fastq.gz,NA,NA
SRR17179260,PRJNA787062,SAMN23768857,SRS11267454,SRX13362580,59814,Pantoea dispersa,ftp.sra.ebi.ac.uk/vol1/fastq/SRR171/060/SRR17179260/SRR17179260_1.fastq.gz;ftp.sra.ebi.ac.uk/vol1/fastq/SRR171/060/SRR17179260/SRR17179260_2.fastq.gz,NA,NA
SRR17179262,PRJNA787062,SAMN23768855,SRS11267452,SRX13362578,59814,Pantoea dispersa,ftp.sra.ebi.ac.uk/vol1/fastq/SRR171/062/SRR17179262/SRR17179262_1.fastq.gz;ftp.sra.ebi.ac.uk/vol1/fastq/SRR171/062/SRR17179262/SRR17179262_2.fastq.gz,NA,NA
SRR17179265,PRJNA787062,SAMN23768853,SRS11267449,SRX13362575,244366,Klebsiella variicola,ftp.sra.ebi.ac.uk/vol1/fastq/SRR171/065/SRR17179265/SRR17179265_1.fastq.gz;ftp.sra.ebi.ac.uk/vol1/fastq/SRR171/065/SRR17179265/SRR17179265_2.fastq.gz,NA,NA
SRR17179270,PRJNA787062,SAMN23768822,SRS11267445,SRX13362570,59814,Pantoea dispersa,ftp.sra.ebi.ac.uk/vol1/fastq/SRR171/070/SRR17179270/SRR17179270_1.fastq.gz;ftp.sra.ebi.ac.uk/vol1/fastq/SRR171/070/SRR17179270/SRR17179270_2.fastq.gz,NA,NA
SRR17179272,PRJNA787062,SAMN23768820,SRS11267443,SRX13362568,244366,Klebsiella variicola,ftp.sra.ebi.ac.uk/vol1/fastq/SRR171/072/SRR17179272/SRR17179272_1.fastq.gz;ftp.sra.ebi.ac.uk/vol1/fastq/SRR171/072/SRR17179272/SRR17179272_2.fastq.gz,NA,NA
SRR17179276,PRJNA787062,SAMN23768633,SRS11267439,SRX13362564,573,Klebsiella pneumoniae,ftp.sra.ebi.ac.uk/vol1/fastq/SRR171/076/SRR17179276/SRR17179276_1.fastq.gz;ftp.sra.ebi.ac.uk/vol1/fastq/SRR171/076/SRR17179276/SRR17179276_2.fastq.gz,NA,NA
SRR17179282,PRJNA787062,SAMN23768812,SRS11267432,SRX13362558,573,Klebsiella pneumoniae,ftp.sra.ebi.ac.uk/vol1/fastq/SRR171/082/SRR17179282/SRR17179282_1.fastq.gz;ftp.sra.ebi.ac.uk/vol1/fastq/SRR171/082/SRR17179282/SRR17179282_2.fastq.gz,NA,NA
SRR17179284,PRJNA787062,SAMN23768810,SRS11267430,SRX13362556,244366,Klebsiella variicola,ftp.sra.ebi.ac.uk/vol1/fastq/SRR171/084/SRR17179284/SRR17179284_1.fastq.gz;ftp.sra.ebi.ac.uk/vol1/fastq/SRR171/084/SRR17179284/SRR17179284_2.fastq.gz,NA,NA
SRR17179286,PRJNA787062,SAMN23768808,SRS11267428,SRX13362554,59814,Pantoea dispersa,ftp.sra.ebi.ac.uk/vol1/fastq/SRR171/086/SRR17179286/SRR17179286_1.fastq.gz;ftp.sra.ebi.ac.uk/vol1/fastq/SRR171/086/SRR17179286/SRR17179286_2.fastq.gz,NA,NA
SRR17179289,PRJNA787062,SAMN23768684,SRS11267425,SRX13362551,562,Escherichia coli,ftp.sra.ebi.ac.uk/vol1/fastq/SRR171/089/SRR17179289/SRR17179289_1.fastq.gz;ftp.sra.ebi.ac.uk/vol1/fastq/SRR171/089/SRR17179289/SRR17179289_2.fastq.gz,NA,NA
SRR17179294,PRJNA787062,SAMN23768802,SRS11267420,SRX13362546,573,Klebsiella pneumoniae,ftp.sra.ebi.ac.uk/vol1/fastq/SRR171/094/SRR17179294/SRR17179294_1.fastq.gz;ftp.sra.ebi.ac.uk/vol1/fastq/SRR171/094/SRR17179294/SRR17179294_2.fastq.gz,NA,NA
SRR17179296,PRJNA787062,SAMN23768801,SRS11267418,SRX13362544,550,Enterobacter cloacae,ftp.sra.ebi.ac.uk/vol1/fastq/SRR171/096/SRR17179296/SRR17179296_1.fastq.gz;ftp.sra.ebi.ac.uk/vol1/fastq/SRR171/096/SRR17179296/SRR17179296_2.fastq.gz,NA,NA
SRR17179297,PRJNA787062,SAMN23768800,SRS11267417,SRX13362543,550,Enterobacter cloacae,ftp.sra.ebi.ac.uk/vol1/fastq/SRR171/097/SRR17179297/SRR17179297_1.fastq.gz;ftp.sra.ebi.ac.uk/vol1/fastq/SRR171/097/SRR17179297/SRR17179297_2.fastq.gz,NA,NA
SRR17179298,PRJNA787062,SAMN23768631,SRS11267416,SRX13362542,573,Klebsiella pneumoniae,ftp.sra.ebi.ac.uk/vol1/fastq/SRR171/098/SRR17179298/SRR17179298_1.fastq.gz;ftp.sra.ebi.ac.uk/vol1/fastq/SRR171/098/SRR17179298/SRR17179298_2.fastq.gz,NA,NA
SRR17179303,PRJNA787062,SAMN23768621,SRS11267411,SRX13362537,244366,Klebsiella variicola,ftp.sra.ebi.ac.uk/vol1/fastq/SRR171/003/SRR17179303/SRR17179303_1.fastq.gz;ftp.sra.ebi.ac.uk/vol1/fastq/SRR171/003/SRR17179303/SRR17179303_2.fastq.gz,NA,NA
SRR17179307,PRJNA787062,SAMN23768914,SRS11267406,SRX13362533,573,Klebsiella pneumoniae,ftp.sra.ebi.ac.uk/vol1/fastq/SRR171/007/SRR17179307/SRR17179307_1.fastq.gz;ftp.sra.ebi.ac.uk/vol1/fastq/SRR171/007/SRR17179307/SRR17179307_2.fastq.gz,NA,NA
SRR17179311,PRJNA787062,SAMN23768723,SRS11267403,SRX13362529,573,Klebsiella pneumoniae,ftp.sra.ebi.ac.uk/vol1/fastq/SRR171/011/SRR17179311/SRR17179311_1.fastq.gz;ftp.sra.ebi.ac.uk/vol1/fastq/SRR171/011/SRR17179311/SRR17179311_2.fastq.gz,NA,NA
SRR17179314,PRJNA787062,SAMN23768644,SRS11267401,SRX13362526,244366,Klebsiella variicola,ftp.sra.ebi.ac.uk/vol1/fastq/SRR171/014/SRR17179314/SRR17179314_1.fastq.gz;ftp.sra.ebi.ac.uk/vol1/fastq/SRR171/014/SRR17179314/SRR17179314_2.fastq.gz,NA,NA
SRR17179315,PRJNA787062,SAMN23768696,SRS11267398,SRX13362525,562,Escherichia coli,ftp.sra.ebi.ac.uk/vol1/fastq/SRR171/015/SRR17179315/SRR17179315_1.fastq.gz;ftp.sra.ebi.ac.uk/vol1/fastq/SRR171/015/SRR17179315/SRR17179315_2.fastq.gz,NA,NA
SRR17179318,PRJNA787062,SAMN23768909,SRS11267396,SRX13362522,573,Klebsiella pneumoniae,ftp.sra.ebi.ac.uk/vol1/fastq/SRR171/018/SRR17179318/SRR17179318_1.fastq.gz;ftp.sra.ebi.ac.uk/vol1/fastq/SRR171/018/SRR17179318/SRR17179318_2.fastq.gz,NA,NA
SRR17179104,PRJNA787062,SAMN23768763,SRS11267611,SRX13362736,573,Klebsiella pneumoniae,ftp.sra.ebi.ac.uk/vol1/fastq/SRR171/004/SRR17179104/SRR17179104_1.fastq.gz;ftp.sra.ebi.ac.uk/vol1/fastq/SRR171/004/SRR17179104/SRR17179104_2.fastq.gz,NA,NA
SRR17179321,PRJNA787062,SAMN23768907,SRS11267393,SRX13362519,573,Klebsiella pneumoniae,ftp.sra.ebi.ac.uk/vol1/fastq/SRR171/021/SRR17179321/SRR17179321_1.fastq.gz;ftp.sra.ebi.ac.uk/vol1/fastq/SRR171/021/SRR17179321/SRR17179321_2.fastq.gz,NA,NA
SRR17179105,PRJNA787062,SAMN23768762,SRS11267608,SRX13362735,571,Klebsiella oxytoca,ftp.sra.ebi.ac.uk/vol1/fastq/SRR171/005/SRR17179105/SRR17179105_1.fastq.gz;ftp.sra.ebi.ac.uk/vol1/fastq/SRR171/005/SRR17179105/SRR17179105_2.fastq.gz,NA,NA
SRR17179323,PRJNA787062,SAMN23768905,SRS11267391,SRX13362517,573,Klebsiella pneumoniae,ftp.sra.ebi.ac.uk/vol1/fastq/SRR171/023/SRR17179323/SRR17179323_1.fastq.gz;ftp.sra.ebi.ac.uk/vol1/fastq/SRR171/023/SRR17179323/SRR17179323_2.fastq.gz,NA,NA
SRR17179108,PRJNA787062,SAMN23768759,SRS11267607,SRX13362732,573,Klebsiella pneumoniae,ftp.sra.ebi.ac.uk/vol1/fastq/SRR171/008/SRR17179108/SRR17179108_1.fastq.gz;ftp.sra.ebi.ac.uk/vol1/fastq/SRR171/008/SRR17179108/SRR17179108_2.fastq.gz,NA,NA
SRR17179324,PRJNA787062,SAMN23768904,SRS11267390,SRX13362516,573,Klebsiella pneumoniae,ftp.sra.ebi.ac.uk/vol1/fastq/SRR171/024/SRR17179324/SRR17179324_1.fastq.gz;ftp.sra.ebi.ac.uk/vol1/fastq/SRR171/024/SRR17179324/SRR17179324_2.fastq.gz,NA,NA
SRR17179109,PRJNA787062,SAMN23768656,SRS11267605,SRX13362731,562,Escherichia coli,ftp.sra.ebi.ac.uk/vol1/fastq/SRR171/009/SRR17179109/SRR17179109_1.fastq.gz;ftp.sra.ebi.ac.uk/vol1/fastq/SRR171/009/SRR17179109/SRR17179109_2.fastq.gz,NA,NA
SRR17179326,PRJNA787062,SAMN23768721,SRS11267388,SRX13362514,550,Enterobacter cloacae,ftp.sra.ebi.ac.uk/vol1/fastq/SRR171/026/SRR17179326/SRR17179326_1.fastq.gz;ftp.sra.ebi.ac.uk/vol1/fastq/SRR171/026/SRR17179326/SRR17179326_2.fastq.gz,NA,NA
SRR17179110,PRJNA787062,SAMN23768626,SRS11267603,SRX13362730,573,Klebsiella pneumoniae,ftp.sra.ebi.ac.uk/vol1/fastq/SRR171/010/SRR17179110/SRR17179110_1.fastq.gz;ftp.sra.ebi.ac.uk/vol1/fastq/SRR171/010/SRR17179110/SRR17179110_2.fastq.gz,NA,NA
SRR17179333,PRJNA787062,SAMN23768715,SRS11267380,SRX13362507,573,Klebsiella pneumoniae,ftp.sra.ebi.ac.uk/vol1/fastq/SRR171/033/SRR17179333/SRR17179333_1.fastq.gz;ftp.sra.ebi.ac.uk/vol1/fastq/SRR171/033/SRR17179333/SRR17179333_2.fastq.gz,NA,NA
SRR17179111,PRJNA787062,SAMN23768704,SRS11267604,SRX13362729,573,Klebsiella pneumoniae,ftp.sra.ebi.ac.uk/vol1/fastq/SRR171/011/SRR17179111/SRR17179111_1.fastq.gz;ftp.sra.ebi.ac.uk/vol1/fastq/SRR171/011/SRR17179111/SRR17179111_2.fastq.gz,NA,NA
SRR17179334,PRJNA787062,SAMN23768798,SRS11267381,SRX13362506,571,Klebsiella oxytoca,ftp.sra.ebi.ac.uk/vol1/fastq/SRR171/034/SRR17179334/SRR17179334_1.fastq.gz;ftp.sra.ebi.ac.uk/vol1/fastq/SRR171/034/SRR17179334/SRR17179334_2.fastq.gz,NA,NA
SRR17179112,PRJNA787062,SAMN23768655,SRS11267602,SRX13362728,562,Escherichia coli,ftp.sra.ebi.ac.uk/vol1/fastq/SRR171/012/SRR17179112/SRR17179112_1.fastq.gz;ftp.sra.ebi.ac.uk/vol1/fastq/SRR171/012/SRR17179112/SRR17179112_2.fastq.gz,NA,NA
SRR17179336,PRJNA787062,SAMN23768797,SRS11267378,SRX13362504,562,Escherichia coli,ftp.sra.ebi.ac.uk/vol1/fastq/SRR171/036/SRR17179336/SRR17179336_1.fastq.gz;ftp.sra.ebi.ac.uk/vol1/fastq/SRR171/036/SRR17179336/SRR17179336_2.fastq.gz,NA,NA
SRR17179113,PRJNA787062,SAMN23768703,SRS11267601,SRX13362727,573,Klebsiella pneumoniae,ftp.sra.ebi.ac.uk/vol1/fastq/SRR171/013/SRR17179113/SRR17179113_1.fastq.gz;ftp.sra.ebi.ac.uk/vol1/fastq/SRR171/013/SRR17179113/SRR17179113_2.fastq.gz,NA,NA
SRR17179337,PRJNA787062,SAMN23768796,SRS11267377,SRX13362503,571,Klebsiella oxytoca,ftp.sra.ebi.ac.uk/vol1/fastq/SRR171/037/SRR17179337/SRR17179337_1.fastq.gz;ftp.sra.ebi.ac.uk/vol1/fastq/SRR171/037/SRR17179337/SRR17179337_2.fastq.gz,NA,NA
SRR17179119,PRJNA787062,SAMN23768654,SRS11267594,SRX13362721,562,Escherichia coli,ftp.sra.ebi.ac.uk/vol1/fastq/SRR171/019/SRR17179119/SRR17179119_1.fastq.gz;ftp.sra.ebi.ac.uk/vol1/fastq/SRR171/019/SRR17179119/SRR17179119_2.fastq.gz,NA,NA
SRR17179346,PRJNA787062,SAMN23768679,SRS11267368,SRX13362494,562,Escherichia coli,ftp.sra.ebi.ac.uk/vol1/fastq/SRR171/046/SRR17179346/SRR17179346_1.fastq.gz;ftp.sra.ebi.ac.uk/vol1/fastq/SRR171/046/SRR17179346/SRR17179346_2.fastq.gz,NA,NA
SRR17179127,PRJNA787062,SAMN23768653,SRS11267587,SRX13362713,562,Escherichia coli,ftp.sra.ebi.ac.uk/vol1/fastq/SRR171/027/SRR17179127/SRR17179127_1.fastq.gz;ftp.sra.ebi.ac.uk/vol1/fastq/SRR171/027/SRR17179127/SRR17179127_2.fastq.gz,NA,NA
SRR17179349,PRJNA787062,SAMN23768677,SRS11267365,SRX13362491,562,Escherichia coli,ftp.sra.ebi.ac.uk/vol1/fastq/SRR171/049/SRR17179349/SRR17179349_1.fastq.gz;ftp.sra.ebi.ac.uk/vol1/fastq/SRR171/049/SRR17179349/SRR17179349_2.fastq.gz,NA,NA
SRR17179128,PRJNA787062,SAMN23768699,SRS11267586,SRX13362712,573,Klebsiella pneumoniae,ftp.sra.ebi.ac.uk/vol1/fastq/SRR171/028/SRR17179128/SRR17179128_1.fastq.gz;ftp.sra.ebi.ac.uk/vol1/fastq/SRR171/028/SRR17179128/SRR17179128_2.fastq.gz,NA,NA
SRR17179132,PRJNA787062,SAMN23768624,SRS11267583,SRX13362708,550,Enterobacter cloacae,ftp.sra.ebi.ac.uk/vol1/fastq/SRR171/032/SRR17179132/SRR17179132_1.fastq.gz;ftp.sra.ebi.ac.uk/vol1/fastq/SRR171/032/SRR17179132/SRR17179132_2.fastq.gz,NA,NA
SRR17179355,PRJNA787062,SAMN23768675,SRS11267359,SRX13362485,562,Escherichia coli,ftp.sra.ebi.ac.uk/vol1/fastq/SRR171/055/SRR17179355/SRR17179355_1.fastq.gz;ftp.sra.ebi.ac.uk/vol1/fastq/SRR171/055/SRR17179355/SRR17179355_2.fastq.gz,NA,NA
SRR17179134,PRJNA787062,SAMN23768746,SRS11267581,SRX13362706,571,Klebsiella oxytoca,ftp.sra.ebi.ac.uk/vol1/fastq/SRR171/034/SRR17179134/SRR17179134_1.fastq.gz;ftp.sra.ebi.ac.uk/vol1/fastq/SRR171/034/SRR17179134/SRR17179134_2.fastq.gz,NA,NA
SRR17179357,PRJNA787062,SAMN23768788,SRS11267357,SRX13362483,61646,Lelliottia amnigena,ftp.sra.ebi.ac.uk/vol1/fastq/SRR171/057/SRR17179357/SRR17179357_1.fastq.gz;ftp.sra.ebi.ac.uk/vol1/fastq/SRR171/057/SRR17179357/SRR17179357_2.fastq.gz,NA,NA
SRR17179138,PRJNA787062,SAMN23768742,SRS11267576,SRX13362702,244366,Klebsiella variicola,ftp.sra.ebi.ac.uk/vol1/fastq/SRR171/038/SRR17179138/SRR17179138_1.fastq.gz;ftp.sra.ebi.ac.uk/vol1/fastq/SRR171/038/SRR17179138/SRR17179138_2.fastq.gz,NA,NA
SRR17179364,PRJNA787062,SAMN23768785,SRS11267350,SRX13362476,573,Klebsiella pneumoniae,ftp.sra.ebi.ac.uk/vol1/fastq/SRR171/064/SRR17179364/SRR17179364_1.fastq.gz;ftp.sra.ebi.ac.uk/vol1/fastq/SRR171/064/SRR17179364/SRR17179364_2.fastq.gz,NA,NA
SRR17179151,PRJNA787062,SAMN23768731,SRS11267563,SRX13362689,244366,Klebsiella variicola,ftp.sra.ebi.ac.uk/vol1/fastq/SRR171/051/SRR17179151/SRR17179151_1.fastq.gz;ftp.sra.ebi.ac.uk/vol1/fastq/SRR171/051/SRR17179151/SRR17179151_2.fastq.gz,NA,NA
SRR17179155,PRJNA787062,SAMN23768728,SRS11267559,SRX13362685,244366,Klebsiella variicola,ftp.sra.ebi.ac.uk/vol1/fastq/SRR171/055/SRR17179155/SRR17179155_1.fastq.gz;ftp.sra.ebi.ac.uk/vol1/fastq/SRR171/055/SRR17179155/SRR17179155_2.fastq.gz,NA,NA
SRR17179370,PRJNA787062,SAMN23768669,SRS11267344,SRX13362470,562,Escherichia coli,ftp.sra.ebi.ac.uk/vol1/fastq/SRR171/070/SRR17179370/SRR17179370_1.fastq.gz;ftp.sra.ebi.ac.uk/vol1/fastq/SRR171/070/SRR17179370/SRR17179370_2.fastq.gz,NA,NA
SRR17179156,PRJNA787062,SAMN23768727,SRS11267558,SRX13362684,244366,Klebsiella variicola,ftp.sra.ebi.ac.uk/vol1/fastq/SRR171/056/SRR17179156/SRR17179156_1.fastq.gz;ftp.sra.ebi.ac.uk/vol1/fastq/SRR171/056/SRR17179156/SRR17179156_2.fastq.gz,NA,NA
SRR17179161,PRJNA787062,SAMN23768648,SRS11267552,SRX13362679,244366,Klebsiella variicola,ftp.sra.ebi.ac.uk/vol1/fastq/SRR171/061/SRR17179161/SRR17179161_1.fastq.gz;ftp.sra.ebi.ac.uk/vol1/fastq/SRR171/061/SRR17179161/SRR17179161_2.fastq.gz,NA,NA
SRR17179372,PRJNA787062,SAMN23768668,SRS11267342,SRX13362468,562,Escherichia coli,ftp.sra.ebi.ac.uk/vol1/fastq/SRR171/072/SRR17179372/SRR17179372_1.fastq.gz;ftp.sra.ebi.ac.uk/vol1/fastq/SRR171/072/SRR17179372/SRR17179372_2.fastq.gz,NA,NA
SRR17179162,PRJNA787062,SAMN23768901,SRS11267553,SRX13362678,573,Klebsiella pneumoniae,ftp.sra.ebi.ac.uk/vol1/fastq/SRR171/062/SRR17179162/SRR17179162_1.fastq.gz;ftp.sra.ebi.ac.uk/vol1/fastq/SRR171/062/SRR17179162/SRR17179162_2.fastq.gz,NA,NA
SRR17179164,PRJNA787062,SAMN23768899,SRS11267550,SRX13362676,573,Klebsiella pneumoniae,ftp.sra.ebi.ac.uk/vol1/fastq/SRR171/064/SRR17179164/SRR17179164_1.fastq.gz;ftp.sra.ebi.ac.uk/vol1/fastq/SRR171/064/SRR17179164/SRR17179164_2.fastq.gz,NA,NA
SRR17179373,PRJNA787062,SAMN23768710,SRS11267341,SRX13362467,573,Klebsiella pneumoniae,ftp.sra.ebi.ac.uk/vol1/fastq/SRR171/073/SRR17179373/SRR17179373_1.fastq.gz;ftp.sra.ebi.ac.uk/vol1/fastq/SRR171/073/SRR17179373/SRR17179373_2.fastq.gz,NA,NA
SRR17179167,PRJNA787062,SAMN23768642,SRS11267547,SRX13362673,244366,Klebsiella variicola,ftp.sra.ebi.ac.uk/vol1/fastq/SRR171/067/SRR17179167/SRR17179167_1.fastq.gz;ftp.sra.ebi.ac.uk/vol1/fastq/SRR171/067/SRR17179167/SRR17179167_2.fastq.gz,NA,NA
SRR17179374,PRJNA787062,SAMN23768726,SRS11267340,SRX13362466,244366,Klebsiella variicola,ftp.sra.ebi.ac.uk/vol1/fastq/SRR171/074/SRR17179374/SRR17179374_1.fastq.gz;ftp.sra.ebi.ac.uk/vol1/fastq/SRR171/074/SRR17179374/SRR17179374_2.fastq.gz,NA,NA
SRR17179169,PRJNA787062,SAMN23768895,SRS11267545,SRX13362671,573,Klebsiella pneumoniae,ftp.sra.ebi.ac.uk/vol1/fastq/SRR171/069/SRR17179169/SRR17179169_1.fastq.gz;ftp.sra.ebi.ac.uk/vol1/fastq/SRR171/069/SRR17179169/SRR17179169_2.fastq.gz,NA,NA
SRR17179378,PRJNA787062,SAMN23768666,SRS11267336,SRX13362462,562,Escherichia coli,ftp.sra.ebi.ac.uk/vol1/fastq/SRR171/078/SRR17179378/SRR17179378_1.fastq.gz;ftp.sra.ebi.ac.uk/vol1/fastq/SRR171/078/SRR17179378/SRR17179378_2.fastq.gz,NA,NA
SRR17179170,PRJNA787062,SAMN23768894,SRS11267544,SRX13362670,573,Klebsiella pneumoniae,ftp.sra.ebi.ac.uk/vol1/fastq/SRR171/070/SRR17179170/SRR17179170_1.fastq.gz;ftp.sra.ebi.ac.uk/vol1/fastq/SRR171/070/SRR17179170/SRR17179170_2.fastq.gz,NA,NA
SRR17179381,PRJNA787062,SAMN23768665,SRS11267333,SRX13362459,562,Escherichia coli,ftp.sra.ebi.ac.uk/vol1/fastq/SRR171/081/SRR17179381/SRR17179381_1.fastq.gz;ftp.sra.ebi.ac.uk/vol1/fastq/SRR171/081/SRR17179381/SRR17179381_2.fastq.gz,NA,NA
SRR17179175,PRJNA787062,SAMN23768889,SRS11267539,SRX13362665,550,Enterobacter cloacae,ftp.sra.ebi.ac.uk/vol1/fastq/SRR171/075/SRR17179175/SRR17179175_1.fastq.gz;ftp.sra.ebi.ac.uk/vol1/fastq/SRR171/075/SRR17179175/SRR17179175_2.fastq.gz,NA,NA
SRR17179382,PRJNA787062,SAMN23768778,SRS11267332,SRX13362458,573,Klebsiella pneumoniae,ftp.sra.ebi.ac.uk/vol1/fastq/SRR171/082/SRR17179382/SRR17179382_1.fastq.gz;ftp.sra.ebi.ac.uk/vol1/fastq/SRR171/082/SRR17179382/SRR17179382_2.fastq.gz,NA,NA
SRR17179176,PRJNA787062,SAMN23768888,SRS11267538,SRX13362664,573,Klebsiella pneumoniae,ftp.sra.ebi.ac.uk/vol1/fastq/SRR171/076/SRR17179176/SRR17179176_1.fastq.gz;ftp.sra.ebi.ac.uk/vol1/fastq/SRR171/076/SRR17179176/SRR17179176_2.fastq.gz,NA,NA
SRR17179384,PRJNA787062,SAMN23768664,SRS11267330,SRX13362456,562,Escherichia coli,ftp.sra.ebi.ac.uk/vol1/fastq/SRR171/084/SRR17179384/SRR17179384_1.fastq.gz;ftp.sra.ebi.ac.uk/vol1/fastq/SRR171/084/SRR17179384/SRR17179384_2.fastq.gz,NA,NA
SRR17179180,PRJNA787062,SAMN23768885,SRS11267534,SRX13362660,562,Escherichia coli,ftp.sra.ebi.ac.uk/vol1/fastq/SRR171/080/SRR17179180/SRR17179180_1.fastq.gz;ftp.sra.ebi.ac.uk/vol1/fastq/SRR171/080/SRR17179180/SRR17179180_2.fastq.gz,NA,NA
SRR17179388,PRJNA787062,SAMN23768776,SRS11267326,SRX13362452,573,Klebsiella pneumoniae,ftp.sra.ebi.ac.uk/vol1/fastq/SRR171/088/SRR17179388/SRR17179388_1.fastq.gz;ftp.sra.ebi.ac.uk/vol1/fastq/SRR171/088/SRR17179388/SRR17179388_2.fastq.gz,NA,NA
SRR17179181,PRJNA787062,SAMN23768884,SRS11267533,SRX13362659,562,Escherichia coli,ftp.sra.ebi.ac.uk/vol1/fastq/SRR171/081/SRR17179181/SRR17179181_1.fastq.gz;ftp.sra.ebi.ac.uk/vol1/fastq/SRR171/081/SRR17179181/SRR17179181_2.fastq.gz,NA,NA
SRR17179182,PRJNA787062,SAMN23768883,SRS11267532,SRX13362658,573,Klebsiella pneumoniae,ftp.sra.ebi.ac.uk/vol1/fastq/SRR171/082/SRR17179182/SRR17179182_1.fastq.gz;ftp.sra.ebi.ac.uk/vol1/fastq/SRR171/082/SRR17179182/SRR17179182_2.fastq.gz,NA,NA
SRR17179393,PRJNA787062,SAMN23768660,SRS11267321,SRX13362447,562,Escherichia coli,ftp.sra.ebi.ac.uk/vol1/fastq/SRR171/093/SRR17179393/SRR17179393_1.fastq.gz;ftp.sra.ebi.ac.uk/vol1/fastq/SRR171/093/SRR17179393/SRR17179393_2.fastq.gz,NA,NA
SRR17179184,PRJNA787062,SAMN23768881,SRS11267530,SRX13362656,573,Klebsiella pneumoniae,ftp.sra.ebi.ac.uk/vol1/fastq/SRR171/084/SRR17179184/SRR17179184_1.fastq.gz;ftp.sra.ebi.ac.uk/vol1/fastq/SRR171/084/SRR17179184/SRR17179184_2.fastq.gz,NA,NA
SRR17179394,PRJNA787062,SAMN23768773,SRS11267320,SRX13362446,571,Klebsiella oxytoca,ftp.sra.ebi.ac.uk/vol1/fastq/SRR171/094/SRR17179394/SRR17179394_1.fastq.gz;ftp.sra.ebi.ac.uk/vol1/fastq/SRR171/094/SRR17179394/SRR17179394_2.fastq.gz,NA,NA
SRR17179185,PRJNA787062,SAMN23768880,SRS11267529,SRX13362655,1296536,Enterobacter hormaechei subsp. xiangfangensis,ftp.sra.ebi.ac.uk/vol1/fastq/SRR171/085/SRR17179185/SRR17179185_1.fastq.gz;ftp.sra.ebi.ac.uk/vol1/fastq/SRR171/085/SRR17179185/SRR17179185_2.fastq.gz,NA,NA
SRR17179396,PRJNA787062,SAMN23768724,SRS11267318,SRX13362444,573,Klebsiella pneumoniae,ftp.sra.ebi.ac.uk/vol1/fastq/SRR171/096/SRR17179396/SRR17179396_1.fastq.gz;ftp.sra.ebi.ac.uk/vol1/fastq/SRR171/096/SRR17179396/SRR17179396_2.fastq.gz,NA,NA
SRR30996155,PRJNA787062,SAMN44250070,SRS22907629,SRX26384494,470,Acinetobacter baumannii,ftp.sra.ebi.ac.uk/vol1/fastq/SRR309/055/SRR30996155/SRR30996155_1.fastq.gz;ftp.sra.ebi.ac.uk/vol1/fastq/SRR309/055/SRR30996155/SRR30996155_2.fastq.gz,NA,NA
SRR17179188,PRJNA787062,SAMN23768877,SRS11267526,SRX13362652,244366,Klebsiella variicola,ftp.sra.ebi.ac.uk/vol1/fastq/SRR171/088/SRR17179188/SRR17179188_1.fastq.gz;ftp.sra.ebi.ac.uk/vol1/fastq/SRR171/088/SRR17179188/SRR17179188_2.fastq.gz,NA,NA
SRR17179189,PRJNA787062,SAMN23768640,SRS11267525,SRX13362651,244366,Klebsiella variicola,ftp.sra.ebi.ac.uk/vol1/fastq/SRR171/089/SRR17179189/SRR17179189_1.fastq.gz;ftp.sra.ebi.ac.uk/vol1/fastq/SRR171/089/SRR17179189/SRR17179189_2.fastq.gz,NA,NA
SRR30996157,PRJNA787062,SAMN44250068,SRS22907625,SRX26384492,470,Acinetobacter baumannii,ftp.sra.ebi.ac.uk/vol1/fastq/SRR309/057/SRR30996157/SRR30996157_1.fastq.gz;ftp.sra.ebi.ac.uk/vol1/fastq/SRR309/057/SRR30996157/SRR30996157_2.fastq.gz,NA,NA
SRR17179193,PRJNA787062,SAMN23768876,SRS11267521,SRX13362647,59814,Pantoea dispersa,ftp.sra.ebi.ac.uk/vol1/fastq/SRR171/093/SRR17179193/SRR17179193_1.fastq.gz;ftp.sra.ebi.ac.uk/vol1/fastq/SRR171/093/SRR17179193/SRR17179193_2.fastq.gz,NA,NA
SRR30996161,PRJNA787062,SAMN44250104,SRS22907622,SRX26384488,470,Acinetobacter baumannii,ftp.sra.ebi.ac.uk/vol1/fastq/SRR309/061/SRR30996161/SRR30996161_1.fastq.gz;ftp.sra.ebi.ac.uk/vol1/fastq/SRR309/061/SRR30996161/SRR30996161_2.fastq.gz,NA,NA
SRR17179194,PRJNA787062,SAMN23768659,SRS11267520,SRX13362646,562,Escherichia coli,ftp.sra.ebi.ac.uk/vol1/fastq/SRR171/094/SRR17179194/SRR17179194_1.fastq.gz;ftp.sra.ebi.ac.uk/vol1/fastq/SRR171/094/SRR17179194/SRR17179194_2.fastq.gz,NA,NA
SRR30996170,PRJNA787062,SAMN44250096,SRS22907613,SRX26384479,470,Acinetobacter baumannii,ftp.sra.ebi.ac.uk/vol1/fastq/SRR309/070/SRR30996170/SRR30996170_1.fastq.gz;ftp.sra.ebi.ac.uk/vol1/fastq/SRR309/070/SRR30996170/SRR30996170_2.fastq.gz,NA,NA
SRR17179202,PRJNA787062,SAMN23768768,SRS11267511,SRX13362638,573,Klebsiella pneumoniae,ftp.sra.ebi.ac.uk/vol1/fastq/SRR171/002/SRR17179202/SRR17179202_1.fastq.gz;ftp.sra.ebi.ac.uk/vol1/fastq/SRR171/002/SRR17179202/SRR17179202_2.fastq.gz,NA,NA
SRR30996173,PRJNA787062,SAMN44250093,SRS22907610,SRX26384476,108981,Acinetobacter schindleri,ftp.sra.ebi.ac.uk/vol1/fastq/SRR309/073/SRR30996173/SRR30996173_1.fastq.gz;ftp.sra.ebi.ac.uk/vol1/fastq/SRR309/073/SRR30996173/SRR30996173_2.fastq.gz,NA,NA
SRR17179203,PRJNA787062,SAMN23768851,SRS11267512,SRX13362637,59814,Pantoea dispersa,ftp.sra.ebi.ac.uk/vol1/fastq/SRR171/003/SRR17179203/SRR17179203_1.fastq.gz;ftp.sra.ebi.ac.uk/vol1/fastq/SRR171/003/SRR17179203/SRR17179203_2.fastq.gz,NA,NA
SRR30996180,PRJNA787062,SAMN44250087,SRS22907602,SRX26384469,470,Acinetobacter baumannii,ftp.sra.ebi.ac.uk/vol1/fastq/SRR309/080/SRR30996180/SRR30996180_1.fastq.gz;ftp.sra.ebi.ac.uk/vol1/fastq/SRR309/080/SRR30996180/SRR30996180_2.fastq.gz,NA,NA
SRR17179210,PRJNA787062,SAMN23768636,SRS11267503,SRX13362630,573,Klebsiella pneumoniae,ftp.sra.ebi.ac.uk/vol1/fastq/SRR171/010/SRR17179210/SRR17179210_1.fastq.gz;ftp.sra.ebi.ac.uk/vol1/fastq/SRR171/010/SRR17179210/SRR17179210_2.fastq.gz,NA,NA
SRR30996181,PRJNA787062,SAMN44250086,SRS22907603,SRX26384468,470,Acinetobacter baumannii,ftp.sra.ebi.ac.uk/vol1/fastq/SRR309/081/SRR30996181/SRR30996181_1.fastq.gz;ftp.sra.ebi.ac.uk/vol1/fastq/SRR309/081/SRR30996181/SRR30996181_2.fastq.gz,NA,NA
SRR17179217,PRJNA787062,SAMN23768840,SRS11267497,SRX13362623,244366,Klebsiella variicola,ftp.sra.ebi.ac.uk/vol1/fastq/SRR171/017/SRR17179217/SRR17179217_1.fastq.gz;ftp.sra.ebi.ac.uk/vol1/fastq/SRR171/017/SRR17179217/SRR17179217_2.fastq.gz,NA,NA
SRR30996184,PRJNA787062,SAMN44250083,SRS22907599,SRX26384465,470,Acinetobacter baumannii,ftp.sra.ebi.ac.uk/vol1/fastq/SRR309/084/SRR30996184/SRR30996184_1.fastq.gz;ftp.sra.ebi.ac.uk/vol1/fastq/SRR309/084/SRR30996184/SRR30996184_2.fastq.gz,NA,NA
SRR17179219,PRJNA787062,SAMN23768838,SRS11267495,SRX13362621,1296536,Enterobacter hormaechei subsp. xiangfangensis,ftp.sra.ebi.ac.uk/vol1/fastq/SRR171/019/SRR17179219/SRR17179219_1.fastq.gz;ftp.sra.ebi.ac.uk/vol1/fastq/SRR171/019/SRR17179219/SRR17179219_2.fastq.gz,NA,NA
SRR30996186,PRJNA787062,SAMN44250064,SRS22907597,SRX26384463,28090,Acinetobacter lwoffii,ftp.sra.ebi.ac.uk/vol1/fastq/SRR309/086/SRR30996186/SRR30996186_1.fastq.gz;ftp.sra.ebi.ac.uk/vol1/fastq/SRR309/086/SRR30996186/SRR30996186_2.fastq.gz,NA,NA
SRR17179220,PRJNA787062,SAMN23768837,SRS11267494,SRX13362620,573,Klebsiella pneumoniae,ftp.sra.ebi.ac.uk/vol1/fastq/SRR171/020/SRR17179220/SRR17179220_1.fastq.gz;ftp.sra.ebi.ac.uk/vol1/fastq/SRR171/020/SRR17179220/SRR17179220_2.fastq.gz,NA,NA
SRR30996187,PRJNA787062,SAMN44250081,SRS22907595,SRX26384462,470,Acinetobacter baumannii,ftp.sra.ebi.ac.uk/vol1/fastq/SRR309/087/SRR30996187/SRR30996187_1.fastq.gz;ftp.sra.ebi.ac.uk/vol1/fastq/SRR309/087/SRR30996187/SRR30996187_2.fastq.gz,NA,NA
SRR17179224,PRJNA787062,SAMN23768835,SRS11267490,SRX13362616,244366,Klebsiella variicola,ftp.sra.ebi.ac.uk/vol1/fastq/SRR171/024/SRR17179224/SRR17179224_1.fastq.gz;ftp.sra.ebi.ac.uk/vol1/fastq/SRR171/024/SRR17179224/SRR17179224_2.fastq.gz,NA,NA
SRR30996191,PRJNA787062,SAMN44250077,SRS22907593,SRX26384458,470,Acinetobacter baumannii,ftp.sra.ebi.ac.uk/vol1/fastq/SRR309/091/SRR30996191/SRR30996191_1.fastq.gz;ftp.sra.ebi.ac.uk/vol1/fastq/SRR309/091/SRR30996191/SRR30996191_2.fastq.gz,NA,NA
SRR17179227,PRJNA787062,SAMN23768832,SRS11267487,SRX13362613,550,Enterobacter cloacae,ftp.sra.ebi.ac.uk/vol1/fastq/SRR171/027/SRR17179227/SRR17179227_1.fastq.gz;ftp.sra.ebi.ac.uk/vol1/fastq/SRR171/027/SRR17179227/SRR17179227_2.fastq.gz,NA,NA
SRR30996193,PRJNA787062,SAMN44250075,SRS22907590,SRX26384456,106654,Acinetobacter nosocomialis,ftp.sra.ebi.ac.uk/vol1/fastq/SRR309/093/SRR30996193/SRR30996193_1.fastq.gz;ftp.sra.ebi.ac.uk/vol1/fastq/SRR309/093/SRR30996193/SRR30996193_2.fastq.gz,NA,NA
SRR17179228,PRJNA787062,SAMN23768831,SRS11267485,SRX13362612,244366,Klebsiella variicola,ftp.sra.ebi.ac.uk/vol1/fastq/SRR171/028/SRR17179228/SRR17179228_1.fastq.gz;ftp.sra.ebi.ac.uk/vol1/fastq/SRR171/028/SRR17179228/SRR17179228_2.fastq.gz,NA,NA
SRR17179236,PRJNA787062,SAMN23768874,SRS11267478,SRX13362604,244366,Klebsiella variicola,ftp.sra.ebi.ac.uk/vol1/fastq/SRR171/036/SRR17179236/SRR17179236_1.fastq.gz;ftp.sra.ebi.ac.uk/vol1/fastq/SRR171/036/SRR17179236/SRR17179236_2.fastq.gz,NA,NA
SRR17179241,PRJNA787062,SAMN23768639,SRS11267473,SRX13362599,244366,Klebsiella variicola,ftp.sra.ebi.ac.uk/vol1/fastq/SRR171/041/SRR17179241/SRR17179241_1.fastq.gz;ftp.sra.ebi.ac.uk/vol1/fastq/SRR171/041/SRR17179241/SRR17179241_2.fastq.gz,NA,NA
SRR17179248,PRJNA787062,SAMN23768688,SRS11267466,SRX13362592,562,Escherichia coli,ftp.sra.ebi.ac.uk/vol1/fastq/SRR171/048/SRR17179248/SRR17179248_1.fastq.gz;ftp.sra.ebi.ac.uk/vol1/fastq/SRR171/048/SRR17179248/SRR17179248_2.fastq.gz,NA,NA
SRR17179252,PRJNA787062,SAMN23768638,SRS11267462,SRX13362588,85698,Achromobacter xylosoxidans,ftp.sra.ebi.ac.uk/vol1/fastq/SRR171/052/SRR17179252/SRR17179252_1.fastq.gz;ftp.sra.ebi.ac.uk/vol1/fastq/SRR171/052/SRR17179252/SRR17179252_2.fastq.gz,NA,NA
SRR17179254,PRJNA787062,SAMN23768861,SRS11267460,SRX13362586,244366,Klebsiella variicola,ftp.sra.ebi.ac.uk/vol1/fastq/SRR171/054/SRR17179254/SRR17179254_1.fastq.gz;ftp.sra.ebi.ac.uk/vol1/fastq/SRR171/054/SRR17179254/SRR17179254_2.fastq.gz,NA,NA
SRR17179255,PRJNA787062,SAMN23768860,SRS11267458,SRX13362585,244366,Klebsiella variicola,ftp.sra.ebi.ac.uk/vol1/fastq/SRR171/055/SRR17179255/SRR17179255_1.fastq.gz;ftp.sra.ebi.ac.uk/vol1/fastq/SRR171/055/SRR17179255/SRR17179255_2.fastq.gz,NA,NA
SRR17179256,PRJNA787062,SAMN23768859,SRS11267459,SRX13362584,244366,Klebsiella variicola,ftp.sra.ebi.ac.uk/vol1/fastq/SRR171/056/SRR17179256/SRR17179256_1.fastq.gz;ftp.sra.ebi.ac.uk/vol1/fastq/SRR171/056/SRR17179256/SRR17179256_2.fastq.gz,NA,NA
SRR17179257,PRJNA787062,SAMN23768687,SRS11267457,SRX13362583,562,Escherichia coli,ftp.sra.ebi.ac.uk/vol1/fastq/SRR171/057/SRR17179257/SRR17179257_1.fastq.gz;ftp.sra.ebi.ac.uk/vol1/fastq/SRR171/057/SRR17179257/SRR17179257_2.fastq.gz,NA,NA
SRR17179258,PRJNA787062,SAMN23768718,SRS11267456,SRX13362582,244366,Klebsiella variicola,ftp.sra.ebi.ac.uk/vol1/fastq/SRR171/058/SRR17179258/SRR17179258_1.fastq.gz;ftp.sra.ebi.ac.uk/vol1/fastq/SRR171/058/SRR17179258/SRR17179258_2.fastq.gz,NA,NA
SRR17179259,PRJNA787062,SAMN23768858,SRS11267455,SRX13362581,244366,Klebsiella variicola,ftp.sra.ebi.ac.uk/vol1/fastq/SRR171/059/SRR17179259/SRR17179259_1.fastq.gz;ftp.sra.ebi.ac.uk/vol1/fastq/SRR171/059/SRR17179259/SRR17179259_2.fastq.gz,NA,NA
SRR17179264,PRJNA787062,SAMN23768854,SRS11267450,SRX13362576,244366,Klebsiella variicola,ftp.sra.ebi.ac.uk/vol1/fastq/SRR171/064/SRR17179264/SRR17179264_1.fastq.gz;ftp.sra.ebi.ac.uk/vol1/fastq/SRR171/064/SRR17179264/SRR17179264_2.fastq.gz,NA,NA
SRR17179266,PRJNA787062,SAMN23768852,SRS11267448,SRX13362574,244366,Klebsiella variicola,ftp.sra.ebi.ac.uk/vol1/fastq/SRR171/066/SRR17179266/SRR17179266_1.fastq.gz;ftp.sra.ebi.ac.uk/vol1/fastq/SRR171/066/SRR17179266/SRR17179266_2.fastq.gz,NA,NA
SRR17179268,PRJNA787062,SAMN23768824,SRS11267446,SRX13362572,573,Klebsiella pneumoniae,ftp.sra.ebi.ac.uk/vol1/fastq/SRR171/068/SRR17179268/SRR17179268_1.fastq.gz;ftp.sra.ebi.ac.uk/vol1/fastq/SRR171/068/SRR17179268/SRR17179268_2.fastq.gz,NA,NA
SRR17179269,PRJNA787062,SAMN23768823,SRS11267444,SRX13362571,59814,Pantoea dispersa,ftp.sra.ebi.ac.uk/vol1/fastq/SRR171/069/SRR17179269/SRR17179269_1.fastq.gz;ftp.sra.ebi.ac.uk/vol1/fastq/SRR171/069/SRR17179269/SRR17179269_2.fastq.gz,NA,NA
SRR17179271,PRJNA787062,SAMN23768821,SRS11267442,SRX13362569,1296536,Enterobacter hormaechei subsp. xiangfangensis,ftp.sra.ebi.ac.uk/vol1/fastq/SRR171/071/SRR17179271/SRR17179271_1.fastq.gz;ftp.sra.ebi.ac.uk/vol1/fastq/SRR171/071/SRR17179271/SRR17179271_2.fastq.gz,NA,NA
SRR17179274,PRJNA787062,SAMN23768818,SRS11267440,SRX13362566,244366,Klebsiella variicola,ftp.sra.ebi.ac.uk/vol1/fastq/SRR171/074/SRR17179274/SRR17179274_1.fastq.gz;ftp.sra.ebi.ac.uk/vol1/fastq/SRR171/074/SRR17179274/SRR17179274_2.fastq.gz,NA,NA
SRR17179275,PRJNA787062,SAMN23768817,SRS11267438,SRX13362565,244366,Klebsiella variicola,ftp.sra.ebi.ac.uk/vol1/fastq/SRR171/075/SRR17179275/SRR17179275_1.fastq.gz;ftp.sra.ebi.ac.uk/vol1/fastq/SRR171/075/SRR17179275/SRR17179275_2.fastq.gz,NA,NA
SRR17179278,PRJNA787062,SAMN23768815,SRS11267436,SRX13362562,571,Klebsiella oxytoca,ftp.sra.ebi.ac.uk/vol1/fastq/SRR171/078/SRR17179278/SRR17179278_1.fastq.gz;ftp.sra.ebi.ac.uk/vol1/fastq/SRR171/078/SRR17179278/SRR17179278_2.fastq.gz,NA,NA
SRR17179279,PRJNA787062,SAMN23768685,SRS11267435,SRX13362561,562,Escherichia coli,ftp.sra.ebi.ac.uk/vol1/fastq/SRR171/079/SRR17179279/SRR17179279_1.fastq.gz;ftp.sra.ebi.ac.uk/vol1/fastq/SRR171/079/SRR17179279/SRR17179279_2.fastq.gz,NA,NA
SRR17179281,PRJNA787062,SAMN23768813,SRS11267433,SRX13362559,244366,Klebsiella variicola,ftp.sra.ebi.ac.uk/vol1/fastq/SRR171/081/SRR17179281/SRR17179281_1.fastq.gz;ftp.sra.ebi.ac.uk/vol1/fastq/SRR171/081/SRR17179281/SRR17179281_2.fastq.gz,NA,NA
SRR17179287,PRJNA787062,SAMN23768632,SRS11267426,SRX13362553,571,Klebsiella oxytoca,ftp.sra.ebi.ac.uk/vol1/fastq/SRR171/087/SRR17179287/SRR17179287_1.fastq.gz;ftp.sra.ebi.ac.uk/vol1/fastq/SRR171/087/SRR17179287/SRR17179287_2.fastq.gz,NA,NA
SRR17179288,PRJNA787062,SAMN23768807,SRS11267427,SRX13362552,59814,Pantoea dispersa,ftp.sra.ebi.ac.uk/vol1/fastq/SRR171/088/SRR17179288/SRR17179288_1.fastq.gz;ftp.sra.ebi.ac.uk/vol1/fastq/SRR171/088/SRR17179288/SRR17179288_2.fastq.gz,NA,NA
SRR17179293,PRJNA787062,SAMN23768803,SRS11267421,SRX13362547,573,Klebsiella pneumoniae,ftp.sra.ebi.ac.uk/vol1/fastq/SRR171/093/SRR17179293/SRR17179293_1.fastq.gz;ftp.sra.ebi.ac.uk/vol1/fastq/SRR171/093/SRR17179293/SRR17179293_2.fastq.gz,NA,NA
SRR17179295,PRJNA787062,SAMN23768683,SRS11267419,SRX13362545,562,Escherichia coli,ftp.sra.ebi.ac.uk/vol1/fastq/SRR171/095/SRR17179295/SRR17179295_1.fastq.gz;ftp.sra.ebi.ac.uk/vol1/fastq/SRR171/095/SRR17179295/SRR17179295_2.fastq.gz,NA,NA
SRR17179304,PRJNA787062,SAMN23768917,SRS11267410,SRX13362536,573,Klebsiella pneumoniae,ftp.sra.ebi.ac.uk/vol1/fastq/SRR171/004/SRR17179304/SRR17179304_1.fastq.gz;ftp.sra.ebi.ac.uk/vol1/fastq/SRR171/004/SRR17179304/SRR17179304_2.fastq.gz,NA,NA
SRR17179305,PRJNA787062,SAMN23768916,SRS11267409,SRX13362535,28901,Salmonella enterica,ftp.sra.ebi.ac.uk/vol1/fastq/SRR171/005/SRR17179305/SRR17179305_1.fastq.gz;ftp.sra.ebi.ac.uk/vol1/fastq/SRR171/005/SRR17179305/SRR17179305_2.fastq.gz,NA,NA
SRR17179308,PRJNA787062,SAMN23768913,SRS11267407,SRX13362532,573,Klebsiella pneumoniae,ftp.sra.ebi.ac.uk/vol1/fastq/SRR171/008/SRR17179308/SRR17179308_1.fastq.gz;ftp.sra.ebi.ac.uk/vol1/fastq/SRR171/008/SRR17179308/SRR17179308_2.fastq.gz,NA,NA
SRR17179317,PRJNA787062,SAMN23768695,SRS11267397,SRX13362523,562,Escherichia coli,ftp.sra.ebi.ac.uk/vol1/fastq/SRR171/017/SRR17179317/SRR17179317_1.fastq.gz;ftp.sra.ebi.ac.uk/vol1/fastq/SRR171/017/SRR17179317/SRR17179317_2.fastq.gz,NA,NA
SRR17179320,PRJNA787062,SAMN23768694,SRS11267394,SRX13362520,562,Escherichia coli,ftp.sra.ebi.ac.uk/vol1/fastq/SRR171/020/SRR17179320/SRR17179320_1.fastq.gz;ftp.sra.ebi.ac.uk/vol1/fastq/SRR171/020/SRR17179320/SRR17179320_2.fastq.gz,NA,NA
SRR17179322,PRJNA787062,SAMN23768906,SRS11267392,SRX13362518,573,Klebsiella pneumoniae,ftp.sra.ebi.ac.uk/vol1/fastq/SRR171/022/SRR17179322/SRR17179322_1.fastq.gz;ftp.sra.ebi.ac.uk/vol1/fastq/SRR171/022/SRR17179322/SRR17179322_2.fastq.gz,NA,NA
SRR17179328,PRJNA787062,SAMN23768903,SRS11267386,SRX13362512,573,Klebsiella pneumoniae,ftp.sra.ebi.ac.uk/vol1/fastq/SRR171/028/SRR17179328/SRR17179328_1.fastq.gz;ftp.sra.ebi.ac.uk/vol1/fastq/SRR171/028/SRR17179328/SRR17179328_2.fastq.gz,NA,NA
SRR17179340,PRJNA787062,SAMN23768794,SRS11267374,SRX13362500,59814,Pantoea dispersa,ftp.sra.ebi.ac.uk/vol1/fastq/SRR171/040/SRR17179340/SRR17179340_1.fastq.gz;ftp.sra.ebi.ac.uk/vol1/fastq/SRR171/040/SRR17179340/SRR17179340_2.fastq.gz,NA,NA
SRR17179341,PRJNA787062,SAMN23768630,SRS11267373,SRX13362499,562,Escherichia coli,ftp.sra.ebi.ac.uk/vol1/fastq/SRR171/041/SRR17179341/SRR17179341_1.fastq.gz;ftp.sra.ebi.ac.uk/vol1/fastq/SRR171/041/SRR17179341/SRR17179341_2.fastq.gz,NA,NA
SRR17179342,PRJNA787062,SAMN23768793,SRS11267372,SRX13362498,59814,Pantoea dispersa,ftp.sra.ebi.ac.uk/vol1/fastq/SRR171/042/SRR17179342/SRR17179342_1.fastq.gz;ftp.sra.ebi.ac.uk/vol1/fastq/SRR171/042/SRR17179342/SRR17179342_2.fastq.gz,NA,NA
SRR17179343,PRJNA787062,SAMN23768792,SRS11267371,SRX13362497,244366,Klebsiella variicola,ftp.sra.ebi.ac.uk/vol1/fastq/SRR171/043/SRR17179343/SRR17179343_1.fastq.gz;ftp.sra.ebi.ac.uk/vol1/fastq/SRR171/043/SRR17179343/SRR17179343_2.fastq.gz,NA,NA
SRR17179344,PRJNA787062,SAMN23768791,SRS11267370,SRX13362496,573,Klebsiella pneumoniae,ftp.sra.ebi.ac.uk/vol1/fastq/SRR171/044/SRR17179344/SRR17179344_1.fastq.gz;ftp.sra.ebi.ac.uk/vol1/fastq/SRR171/044/SRR17179344/SRR17179344_2.fastq.gz,NA,NA
SRR17179347,PRJNA787062,SAMN23768714,SRS11267367,SRX13362493,881260,Enterobacter bugandensis,ftp.sra.ebi.ac.uk/vol1/fastq/SRR171/047/SRR17179347/SRR17179347_1.fastq.gz;ftp.sra.ebi.ac.uk/vol1/fastq/SRR171/047/SRR17179347/SRR17179347_2.fastq.gz,NA,NA
SRR17179350,PRJNA787062,SAMN23768790,SRS11267364,SRX13362490,573,Klebsiella pneumoniae,ftp.sra.ebi.ac.uk/vol1/fastq/SRR171/050/SRR17179350/SRR17179350_1.fastq.gz;ftp.sra.ebi.ac.uk/vol1/fastq/SRR171/050/SRR17179350/SRR17179350_2.fastq.gz,NA,NA
SRR17179351,PRJNA787062,SAMN23768789,SRS11267363,SRX13362489,573,Klebsiella pneumoniae,ftp.sra.ebi.ac.uk/vol1/fastq/SRR171/051/SRR17179351/SRR17179351_1.fastq.gz;ftp.sra.ebi.ac.uk/vol1/fastq/SRR171/051/SRR17179351/SRR17179351_2.fastq.gz,NA,NA
SRR17179354,PRJNA787062,SAMN23768713,SRS11267360,SRX13362486,573,Klebsiella pneumoniae,ftp.sra.ebi.ac.uk/vol1/fastq/SRR171/054/SRR17179354/SRR17179354_1.fastq.gz;ftp.sra.ebi.ac.uk/vol1/fastq/SRR171/054/SRR17179354/SRR17179354_2.fastq.gz,NA,NA
SRR17179356,PRJNA787062,SAMN23768674,SRS11267358,SRX13362484,562,Escherichia coli,ftp.sra.ebi.ac.uk/vol1/fastq/SRR171/056/SRR17179356/SRR17179356_1.fastq.gz;ftp.sra.ebi.ac.uk/vol1/fastq/SRR171/056/SRR17179356/SRR17179356_2.fastq.gz,NA,NA
SRR17179358,PRJNA787062,SAMN23768673,SRS11267356,SRX13362482,562,Escherichia coli,ftp.sra.ebi.ac.uk/vol1/fastq/SRR171/058/SRR17179358/SRR17179358_1.fastq.gz;ftp.sra.ebi.ac.uk/vol1/fastq/SRR171/058/SRR17179358/SRR17179358_2.fastq.gz,NA,NA
SRR17179362,PRJNA787062,SAMN23768712,SRS11267352,SRX13362478,573,Klebsiella pneumoniae,ftp.sra.ebi.ac.uk/vol1/fastq/SRR171/062/SRR17179362/SRR17179362_1.fastq.gz;ftp.sra.ebi.ac.uk/vol1/fastq/SRR171/062/SRR17179362/SRR17179362_2.fastq.gz,NA,NA
SRR17179368,PRJNA787062,SAMN23768783,SRS11267346,SRX13362472,573,Klebsiella pneumoniae,ftp.sra.ebi.ac.uk/vol1/fastq/SRR171/068/SRR17179368/SRR17179368_1.fastq.gz;ftp.sra.ebi.ac.uk/vol1/fastq/SRR171/068/SRR17179368/SRR17179368_2.fastq.gz,NA,NA
SRR17179369,PRJNA787062,SAMN23768711,SRS11267345,SRX13362471,550,Enterobacter cloacae,ftp.sra.ebi.ac.uk/vol1/fastq/SRR171/069/SRR17179369/SRR17179369_1.fastq.gz;ftp.sra.ebi.ac.uk/vol1/fastq/SRR171/069/SRR17179369/SRR17179369_2.fastq.gz,NA,NA
SRR17179371,PRJNA787062,SAMN23768782,SRS11267343,SRX13362469,573,Klebsiella pneumoniae,ftp.sra.ebi.ac.uk/vol1/fastq/SRR171/071/SRR17179371/SRR17179371_1.fastq.gz;ftp.sra.ebi.ac.uk/vol1/fastq/SRR171/071/SRR17179371/SRR17179371_2.fastq.gz,NA,NA
SRR17179375,PRJNA787062,SAMN23768709,SRS11267339,SRX13362465,550,Enterobacter cloacae,ftp.sra.ebi.ac.uk/vol1/fastq/SRR171/075/SRR17179375/SRR17179375_1.fastq.gz;ftp.sra.ebi.ac.uk/vol1/fastq/SRR171/075/SRR17179375/SRR17179375_2.fastq.gz,NA,NA
SRR17179376,PRJNA787062,SAMN23768667,SRS11267338,SRX13362464,562,Escherichia coli,ftp.sra.ebi.ac.uk/vol1/fastq/SRR171/076/SRR17179376/SRR17179376_1.fastq.gz;ftp.sra.ebi.ac.uk/vol1/fastq/SRR171/076/SRR17179376/SRR17179376_2.fastq.gz,NA,NA
SRR17179379,PRJNA787062,SAMN23768780,SRS11267335,SRX13362461,208224,Enterobacter kobei,ftp.sra.ebi.ac.uk/vol1/fastq/SRR171/079/SRR17179379/SRR17179379_1.fastq.gz;ftp.sra.ebi.ac.uk/vol1/fastq/SRR171/079/SRR17179379/SRR17179379_2.fastq.gz,NA,NA
SRR17179380,PRJNA787062,SAMN23768779,SRS11267334,SRX13362460,615,Serratia marcescens,ftp.sra.ebi.ac.uk/vol1/fastq/SRR171/080/SRR17179380/SRR17179380_1.fastq.gz;ftp.sra.ebi.ac.uk/vol1/fastq/SRR171/080/SRR17179380/SRR17179380_2.fastq.gz,NA,NA
SRR17179383,PRJNA787062,SAMN23768777,SRS11267331,SRX13362457,83655,Leclercia adecarboxylata,ftp.sra.ebi.ac.uk/vol1/fastq/SRR171/083/SRR17179383/SRR17179383_1.fastq.gz;ftp.sra.ebi.ac.uk/vol1/fastq/SRR171/083/SRR17179383/SRR17179383_2.fastq.gz,NA,NA
SRR17179385,PRJNA787062,SAMN23768725,SRS11267329,SRX13362455,573,Klebsiella pneumoniae,ftp.sra.ebi.ac.uk/vol1/fastq/SRR171/085/SRR17179385/SRR17179385_1.fastq.gz;ftp.sra.ebi.ac.uk/vol1/fastq/SRR171/085/SRR17179385/SRR17179385_2.fastq.gz,NA,NA
SRR17179386,PRJNA787062,SAMN23768708,SRS11267328,SRX13362454,573,Klebsiella pneumoniae,ftp.sra.ebi.ac.uk/vol1/fastq/SRR171/086/SRR17179386/SRR17179386_1.fastq.gz;ftp.sra.ebi.ac.uk/vol1/fastq/SRR171/086/SRR17179386/SRR17179386_2.fastq.gz,NA,NA
SRR17179389,PRJNA787062,SAMN23768775,SRS11267325,SRX13362451,573,Klebsiella pneumoniae,ftp.sra.ebi.ac.uk/vol1/fastq/SRR171/089/SRR17179389/SRR17179389_1.fastq.gz;ftp.sra.ebi.ac.uk/vol1/fastq/SRR171/089/SRR17179389/SRR17179389_2.fastq.gz,NA,NA
SRR17179390,PRJNA787062,SAMN23768662,SRS11267324,SRX13362450,562,Escherichia coli,ftp.sra.ebi.ac.uk/vol1/fastq/SRR171/090/SRR17179390/SRR17179390_1.fastq.gz;ftp.sra.ebi.ac.uk/vol1/fastq/SRR171/090/SRR17179390/SRR17179390_2.fastq.gz,NA,NA
SRR17179391,PRJNA787062,SAMN23768774,SRS11267323,SRX13362449,571,Klebsiella oxytoca,ftp.sra.ebi.ac.uk/vol1/fastq/SRR171/091/SRR17179391/SRR17179391_1.fastq.gz;ftp.sra.ebi.ac.uk/vol1/fastq/SRR171/091/SRR17179391/SRR17179391_2.fastq.gz,NA,NA
SRR17179392,PRJNA787062,SAMN23768661,SRS11267322,SRX13362448,562,Escherichia coli,ftp.sra.ebi.ac.uk/vol1/fastq/SRR171/092/SRR17179392/SRR17179392_1.fastq.gz;ftp.sra.ebi.ac.uk/vol1/fastq/SRR171/092/SRR17179392/SRR17179392_2.fastq.gz,NA,NA
SRR17179398,PRJNA787062,SAMN23768618,SRS11267316,SRX13362442,573,Klebsiella pneumoniae,ftp.sra.ebi.ac.uk/vol1/fastq/SRR171/098/SRR17179398/SRR17179398_1.fastq.gz;ftp.sra.ebi.ac.uk/vol1/fastq/SRR171/098/SRR17179398/SRR17179398_2.fastq.gz,NA,NA
SRR30996156,PRJNA787062,SAMN44250069,SRS22907627,SRX26384493,470,Acinetobacter baumannii,ftp.sra.ebi.ac.uk/vol1/fastq/SRR309/056/SRR30996156/SRR30996156_1.fastq.gz;ftp.sra.ebi.ac.uk/vol1/fastq/SRR309/056/SRR30996156/SRR30996156_2.fastq.gz,NA,NA
SRR30996158,PRJNA787062,SAMN44250067,SRS22907626,SRX26384491,470,Acinetobacter baumannii,ftp.sra.ebi.ac.uk/vol1/fastq/SRR309/058/SRR30996158/SRR30996158_1.fastq.gz;ftp.sra.ebi.ac.uk/vol1/fastq/SRR309/058/SRR30996158/SRR30996158_2.fastq.gz,NA,NA
SRR30996162,PRJNA787062,SAMN44250103,SRS22907621,SRX26384487,470,Acinetobacter baumannii,ftp.sra.ebi.ac.uk/vol1/fastq/SRR309/062/SRR30996162/SRR30996162_1.fastq.gz;ftp.sra.ebi.ac.uk/vol1/fastq/SRR309/062/SRR30996162/SRR30996162_2.fastq.gz,NA,NA
SRR30996164,PRJNA787062,SAMN44250066,SRS22907619,SRX26384485,108980,Acinetobacter ursingii,ftp.sra.ebi.ac.uk/vol1/fastq/SRR309/064/SRR30996164/SRR30996164_1.fastq.gz;ftp.sra.ebi.ac.uk/vol1/fastq/SRR309/064/SRR30996164/SRR30996164_2.fastq.gz,NA,NA
SRR30996166,PRJNA787062,SAMN44250100,SRS22907617,SRX26384483,470,Acinetobacter baumannii,ftp.sra.ebi.ac.uk/vol1/fastq/SRR309/066/SRR30996166/SRR30996166_1.fastq.gz;ftp.sra.ebi.ac.uk/vol1/fastq/SRR309/066/SRR30996166/SRR30996166_2.fastq.gz,NA,NA
SRR30996168,PRJNA787062,SAMN44250098,SRS22907614,SRX26384481,470,Acinetobacter baumannii,ftp.sra.ebi.ac.uk/vol1/fastq/SRR309/068/SRR30996168/SRR30996168_1.fastq.gz;ftp.sra.ebi.ac.uk/vol1/fastq/SRR309/068/SRR30996168/SRR30996168_2.fastq.gz,NA,NA
SRR30996171,PRJNA787062,SAMN44250095,SRS22907612,SRX26384478,470,Acinetobacter baumannii,ftp.sra.ebi.ac.uk/vol1/fastq/SRR309/071/SRR30996171/SRR30996171_1.fastq.gz;ftp.sra.ebi.ac.uk/vol1/fastq/SRR309/071/SRR30996171/SRR30996171_2.fastq.gz,NA,NA
SRR30996172,PRJNA787062,SAMN44250094,SRS22907611,SRX26384477,470,Acinetobacter baumannii,ftp.sra.ebi.ac.uk/vol1/fastq/SRR309/072/SRR30996172/SRR30996172_1.fastq.gz;ftp.sra.ebi.ac.uk/vol1/fastq/SRR309/072/SRR30996172/SRR30996172_2.fastq.gz,NA,NA
SRR30996174,PRJNA787062,SAMN44250092,SRS22907609,SRX26384475,470,Acinetobacter baumannii,ftp.sra.ebi.ac.uk/vol1/fastq/SRR309/074/SRR30996174/SRR30996174_1.fastq.gz;ftp.sra.ebi.ac.uk/vol1/fastq/SRR309/074/SRR30996174/SRR30996174_2.fastq.gz,NA,NA
SRR30996175,PRJNA787062,SAMN44250065,SRS22907608,SRX26384474,470,Acinetobacter baumannii,ftp.sra.ebi.ac.uk/vol1/fastq/SRR309/075/SRR30996175/SRR30996175_1.fastq.gz;ftp.sra.ebi.ac.uk/vol1/fastq/SRR309/075/SRR30996175/SRR30996175_2.fastq.gz,NA,NA
SRR30996176,PRJNA787062,SAMN44250091,SRS22907607,SRX26384473,470,Acinetobacter baumannii,ftp.sra.ebi.ac.uk/vol1/fastq/SRR309/076/SRR30996176/SRR30996176_1.fastq.gz;ftp.sra.ebi.ac.uk/vol1/fastq/SRR309/076/SRR30996176/SRR30996176_2.fastq.gz,NA,NA
SRR30996182,PRJNA787062,SAMN44250085,SRS22907600,SRX26384467,40214,Acinetobacter johnsonii,ftp.sra.ebi.ac.uk/vol1/fastq/SRR309/082/SRR30996182/SRR30996182_1.fastq.gz;ftp.sra.ebi.ac.uk/vol1/fastq/SRR309/082/SRR30996182/SRR30996182_2.fastq.gz,NA,NA
SRR30996183,PRJNA787062,SAMN44250084,SRS22907601,SRX26384466,470,Acinetobacter baumannii,ftp.sra.ebi.ac.uk/vol1/fastq/SRR309/083/SRR30996183/SRR30996183_1.fastq.gz;ftp.sra.ebi.ac.uk/vol1/fastq/SRR309/083/SRR30996183/SRR30996183_2.fastq.gz,NA,NA
SRR30996185,PRJNA787062,SAMN44250082,SRS22907598,SRX26384464,108981,Acinetobacter schindleri,ftp.sra.ebi.ac.uk/vol1/fastq/SRR309/085/SRR30996185/SRR30996185_1.fastq.gz;ftp.sra.ebi.ac.uk/vol1/fastq/SRR309/085/SRR30996185/SRR30996185_2.fastq.gz,NA,NA
SRR30996189,PRJNA787062,SAMN44250079,SRS22907594,SRX26384460,470,Acinetobacter baumannii,ftp.sra.ebi.ac.uk/vol1/fastq/SRR309/089/SRR30996189/SRR30996189_1.fastq.gz;ftp.sra.ebi.ac.uk/vol1/fastq/SRR309/089/SRR30996189/SRR30996189_2.fastq.gz,NA,NA
SRR30996190,PRJNA787062,SAMN44250078,SRS22907591,SRX26384459,3373099,Acinetobacter sp. 80-a,ftp.sra.ebi.ac.uk/vol1/fastq/SRR309/090/SRR30996190/SRR30996190_1.fastq.gz;ftp.sra.ebi.ac.uk/vol1/fastq/SRR309/090/SRR30996190/SRR30996190_2.fastq.gz,NA,NA
SRR30996194,PRJNA787062,SAMN44250074,SRS22907589,SRX26384455,470,Acinetobacter baumannii,ftp.sra.ebi.ac.uk/vol1/fastq/SRR309/094/SRR30996194/SRR30996194_1.fastq.gz;ftp.sra.ebi.ac.uk/vol1/fastq/SRR309/094/SRR30996194/SRR30996194_2.fastq.gz,NA,NA
SRR30996198,PRJNA787062,SAMN44250062,SRS22907585,SRX26384451,470,Acinetobacter baumannii,ftp.sra.ebi.ac.uk/vol1/fastq/SRR309/098/SRR30996198/SRR30996198_1.fastq.gz;ftp.sra.ebi.ac.uk/vol1/fastq/SRR309/098/SRR30996198/SRR30996198_2.fastq.gz,NA,NA
