data_source,isolate_name,sample_name,fraction,AMI,AMP-SLB,CAZ,CIP,FEP,GEN,LEV,MER,PTZ,TET,TOB,TSU,run_accession
ndaro,SAMN04549556,PDT000114253.1,train,S,S,S,S,NA,S,S,NA,NA,S,S,S,SRR3224237
ndaro,SAMN02437318,PDT000023708.1,test,NA,NA,R,NA,NA,NA,R,R,NA,R,NA,NA,SRR2916657
ndaro,SAMN02437332,PDT000023709.1,test,NA,NA,R,NA,NA,NA,R,R,NA,R,NA,NA,SRR2916658
ndaro,SAMN02581277,PDT000030609.1,train,NA,R,R,R,R,R,R,R,NA,NA,R,R,SRR1180875
ndaro,SAMN02581277,PDT000030609.1,train,NA,R,R,R,R,R,R,R,NA,NA,R,R,SRR1180930
ndaro,SAMN02581277,PDT000030609.1,train,NA,R,R,R,R,R,R,R,NA,NA,R,R,SRR1187769
ndaro,SAMN02581277,PDT000030609.1,train,NA,R,R,R,R,R,R,R,NA,NA,R,R,SRR1187804
ndaro,SAMN04014874,PDT000158304.1,train,S,R,R,R,R,R,R,R,R,S,R,R,SRR3112302
ndaro,SAMN04014874,PDT000158304.1,train,S,R,R,R,R,R,R,R,R,S,R,R,SRR3666032
ndaro,SAMN04014876,PDT000158305.1,train,S,R,R,R,R,R,R,R,R,R,S,R,SRR3112304
ndaro,SAMN04014876,PDT000158305.1,train,S,R,R,R,R,R,R,R,R,R,S,R,SRR3886555
ndaro,SAMN04014876,PDT000158305.1,train,S,R,R,R,R,R,R,R,R,R,S,R,SRR3886578
ndaro,SAMN04014876,PDT000158305.1,train,S,R,R,R,R,R,R,R,R,R,S,R,SRR3886579
ndaro,SAMN04014877,PDT000158302.1,train,R,R,R,R,R,R,R,R,R,R,R,R,SRR3112305
ndaro,SAMN04014877,PDT000158302.1,train,R,R,R,R,R,R,R,R,R,R,R,R,SRR3666034
ndaro,SAMN04014878,PDT000158303.1,train,S,R,R,R,R,R,R,R,R,S,R,R,SRR3112306
ndaro,SAMN04014878,PDT000158303.1,train,S,R,R,R,R,R,R,R,R,S,R,R,SRR3666029
ndaro,SAMN04014886,PDT000158306.1,test,S,R,R,R,R,R,R,R,R,R,S,R,SRR3112313
ndaro,SAMN04014886,PDT000158306.1,test,S,R,R,R,R,R,R,R,R,R,S,R,SRR3666035
ndaro,SAMN04014893,PDT000380170.1,train,S,S,R,R,S,R,R,R,R,S,R,R,SRR3242007
ndaro,SAMN04014893,PDT000380170.1,train,S,S,R,R,S,R,R,R,R,S,R,R,SRR6807653
ndaro,SAMN04014893,PDT000380170.1,train,S,S,R,R,S,R,R,R,R,S,R,R,SRR6807654
ndaro,SAMN04014893,PDT000380170.1,train,S,S,R,R,S,R,R,R,R,S,R,R,SRR6807655
ndaro,SAMN04014897,PDT000290012.1,train,S,R,R,R,R,R,R,R,R,R,S,R,SRR3242008
ndaro,SAMN04014897,PDT000290012.1,train,S,R,R,R,R,R,R,R,R,R,S,R,SRR6703120
ndaro,SAMN04014897,PDT000290012.1,train,S,R,R,R,R,R,R,R,R,R,S,R,SRR6799415
ndaro,SAMN04014897,PDT000290012.1,train,S,R,R,R,R,R,R,R,R,R,S,R,SRR6799416
ndaro,SAMN04014904,PDT000290013.1,train,S,R,R,R,R,S,R,R,R,R,S,R,SRR3242011
ndaro,SAMN04014904,PDT000290013.1,train,S,R,R,R,R,S,R,R,R,R,S,R,SRR6703157
ndaro,SAMN04014904,PDT000290013.1,train,S,R,R,R,R,S,R,R,R,R,S,R,SRR6703158
ndaro,SAMN04014911,PDT000369044.1,train,S,S,R,R,S,R,R,R,R,S,R,R,SRR3242013
ndaro,SAMN04014911,PDT000369044.1,train,S,S,R,R,S,R,R,R,R,S,R,R,SRR6799410
ndaro,SAMN04014911,PDT000369044.1,train,S,S,R,R,S,R,R,R,R,S,R,R,SRR6799411
ndaro,SAMN04014911,PDT000369044.1,train,S,S,R,R,S,R,R,R,R,S,R,R,SRR6799412
ndaro,SAMN04014919,PDT000290015.1,test,R,R,R,R,R,R,R,R,R,R,R,S,SRR3242016
ndaro,SAMN04014919,PDT000290015.1,test,R,R,R,R,R,R,R,R,R,R,R,S,SRR6703494
ndaro,SAMN04014924,PDT000294792.1,test,R,R,R,R,R,R,R,R,R,R,R,R,SRR3242017
ndaro,SAMN04014924,PDT000294792.1,test,R,R,R,R,R,R,R,R,R,R,R,R,SRR6818604
ndaro,SAMN04014929,PDT000298100.1,train,R,R,R,R,R,R,R,R,R,R,R,R,SRR3242022
ndaro,SAMN04014929,PDT000298100.1,train,R,R,R,R,R,R,R,R,R,R,R,R,SRR6818605
ndaro,SAMN04014942,PDT000298144.1,train,R,R,R,R,R,R,R,R,R,R,R,R,SRR3242026
ndaro,SAMN04014942,PDT000298144.1,train,R,R,R,R,R,R,R,R,R,R,R,R,SRR6818793
ndaro,SAMN04014942,PDT000298144.1,train,R,R,R,R,R,R,R,R,R,R,R,R,SRR6818794
ndaro,SAMN04014943,PDT000298143.1,train,R,S,R,R,R,R,R,R,R,R,R,R,SRR3242027
ndaro,SAMN04014943,PDT000298143.1,train,R,S,R,R,R,R,R,R,R,R,R,R,SRR6818823
ndaro,SAMN04014943,PDT000298143.1,train,R,S,R,R,R,R,R,R,R,R,R,R,SRR6818824
ndaro,SAMN04229822,PDT000094631.1,train,NA,R,NA,S,NA,NA,NA,S,NA,NA,R,R,SRR2911725
ndaro,SAMN04229823,PDT000094633.1,train,R,NA,S,NA,NA,NA,R,S,NA,R,R,NA,SRR2911726
ndaro,SAMN04229824,PDT000094632.1,train,NA,R,R,NA,NA,NA,NA,S,NA,R,R,NA,SRR2911739
ndaro,SAMN04229825,PDT000094634.1,train,NA,NA,R,S,NA,NA,NA,R,NA,R,NA,NA,SRR2911742
ndaro,SAMN04229826,PDT000094636.1,train,NA,NA,NA,NA,NA,NA,NA,NA,NA,R,R,NA,SRR2911724
ndaro,SAMN04252827,PDT000094669.1,train,R,R,R,NA,NA,NA,R,NA,NA,R,NA,NA,SRR2954965
ndaro,SAMN04254727,PDT000094952.1,test,R,S,NA,NA,NA,NA,NA,R,NA,R,NA,NA,SRR2916656
ndaro,SAMN04254728,PDT000094960.1,test,NA,S,NA,NA,NA,NA,NA,NA,NA,R,R,NA,SRR2916633
ndaro,SAMN04254729,PDT000094959.1,train,R,NA,NA,NA,NA,NA,NA,R,NA,R,R,NA,SRR2916634
ndaro,SAMN04254730,PDT000094962.1,train,R,NA,NA,NA,NA,NA,NA,R,NA,R,NA,NA,SRR2916635
ndaro,SAMN04254731,PDT000094961.1,test,R,S,NA,NA,NA,NA,NA,R,NA,R,R,NA,SRR2916636
ndaro,SAMN04901665,PDT000152735.1,train,R,R,R,R,R,R,R,R,R,R,R,R,SRR4417583
ndaro,SAMN06827872,PDT000217701.1,train,S,R,R,R,R,R,NA,R,R,NA,NA,NA,SRR5477439
ndaro,SAMN06827873,PDT000217700.1,train,R,R,S,R,R,R,NA,R,R,NA,NA,NA,SRR5477437
ndaro,SAMN06827874,PDT000217697.1,train,S,R,R,R,R,R,NA,R,R,NA,NA,NA,SRR5477438
ndaro,SAMN06827875,PDT000217702.1,train,R,S,R,R,R,R,NA,R,R,NA,NA,NA,SRR5477436
ndaro,SAMN06827877,PDT000217698.1,test,R,R,R,R,R,R,NA,R,R,NA,NA,NA,SRR5477435
ndaro,SAMN06827878,PDT000217696.1,train,S,S,S,R,S,R,NA,R,S,NA,NA,NA,SRR5477433
ndaro,SAMN06827909,PDT000217695.1,train,R,R,R,R,R,R,NA,R,R,NA,NA,NA,SRR5477432
ndaro,SAMN06827910,PDT000217703.1,train,R,R,R,R,R,R,NA,R,R,NA,NA,NA,SRR5477440
ndaro,SAMN06837737,PDT000209073.1,train,R,R,R,R,R,R,NA,R,R,NA,NA,NA,SRR5511183
ndaro,SAMN06837740,PDT000209071.1,train,S,S,S,S,S,S,NA,S,S,NA,NA,NA,SRR5511086
ndaro,SAMN06837741,PDT000209072.1,train,R,R,R,R,R,R,NA,R,R,NA,NA,NA,SRR5511179
ndaro,SAMN06837742,PDT000209070.1,train,S,S,R,R,R,S,NA,S,R,NA,NA,NA,SRR5511084
ndaro,SAMN06837743,PDT000209013.1,test,S,S,R,R,R,R,NA,S,R,NA,NA,NA,SRR5511002
ndaro,SAMN06837744,PDT000209015.1,train,R,S,R,R,R,R,NA,R,R,NA,NA,NA,SRR5511003
ndaro,SAMN06837745,PDT000209014.1,train,S,S,S,S,S,S,NA,S,S,NA,NA,NA,SRR5511001
ndaro,SAMN06837748,PDT000209069.1,train,S,S,S,S,S,S,NA,S,S,NA,NA,NA,SRR5511083
ndaro,SAMN06837749,PDT000209476.1,train,S,S,S,R,S,S,NA,S,S,NA,NA,NA,SRR5511082
ndaro,SAMN06837750,PDT000209068.1,train,R,R,R,R,S,R,NA,R,R,NA,NA,NA,SRR5511079
ndaro,SAMN06837751,PDT000209067.1,train,R,S,R,R,R,R,NA,R,R,NA,NA,NA,SRR5511080
ndaro,SAMN06837752,PDT000209065.1,train,S,S,S,S,S,S,NA,S,S,NA,NA,NA,SRR5511077
ndaro,SAMN06837753,PDT000209066.1,train,S,S,R,R,R,R,NA,S,R,NA,NA,NA,SRR5511081
ndaro,SAMN06837756,PDT000209061.1,train,S,S,S,S,S,S,NA,S,S,NA,NA,NA,SRR5511051
ndaro,SAMN06837757,PDT000209062.1,train,R,S,R,R,R,R,NA,R,R,NA,NA,NA,SRR5511050
ndaro,SAMN06837758,PDT000209060.1,train,S,R,R,R,R,R,NA,R,R,NA,NA,NA,SRR5511049
ndaro,SAMN06837759,PDT000209059.1,train,R,R,R,R,R,R,NA,R,R,NA,NA,NA,SRR5511047
ndaro,SAMN06837761,PDT000209057.1,train,R,S,R,R,R,R,NA,R,R,NA,NA,NA,SRR5511048
ndaro,SAMN06837762,PDT000209056.1,train,S,R,R,R,R,R,NA,R,R,NA,NA,NA,SRR5511035
ndaro,SAMN06837763,PDT000209055.1,train,R,R,R,R,R,R,NA,R,R,NA,NA,NA,SRR5511034
ndaro,SAMN06837765,PDT000209054.1,train,R,R,R,R,R,R,NA,R,R,NA,NA,NA,SRR5511029
ndaro,SAMN06837767,PDT000209083.1,train,R,S,R,R,R,R,NA,R,R,NA,NA,NA,SRR5511031
ndaro,SAMN06837769,PDT000209080.1,train,S,S,S,S,S,S,NA,S,S,NA,NA,NA,SRR5511028
ndaro,SAMN06837771,PDT000209022.1,train,R,R,R,R,R,R,NA,R,R,NA,NA,NA,SRR5511027
ndaro,SAMN06837772,PDT000209020.1,train,S,S,S,R,S,S,NA,S,S,NA,NA,NA,SRR5511025
ndaro,SAMN06837773,PDT000209018.1,train,S,S,S,S,S,S,NA,S,S,NA,NA,NA,SRR5511005
ndaro,SAMN06837774,PDT000209019.1,train,R,R,R,R,R,R,NA,R,R,NA,NA,NA,SRR5511008
ndaro,SAMN06837775,PDT000209017.1,train,S,S,S,S,S,S,NA,S,S,NA,NA,NA,SRR5511006
ndaro,SAMN06837776,PDT000209016.1,train,S,S,S,S,S,S,NA,S,S,NA,NA,NA,SRR5511007
ndaro,SAMN06837783,PDT000209035.1,train,R,R,R,R,R,R,NA,R,R,NA,NA,NA,SRR5511222
ndaro,SAMN06837784,PDT000209034.1,train,R,R,R,R,R,R,NA,R,R,NA,NA,NA,SRR5511223
ndaro,SAMN06837786,PDT000209032.1,train,S,S,S,S,S,S,NA,S,S,NA,NA,NA,SRR5511220
ndaro,SAMN06837787,PDT000209030.1,test,S,S,S,S,S,S,NA,S,R,NA,NA,NA,SRR5511217
ndaro,SAMN06837788,PDT000209031.1,train,R,R,R,R,R,R,NA,R,R,NA,NA,NA,SRR5511219
ndaro,SAMN06837789,PDT000209029.1,train,R,R,R,R,R,R,NA,R,R,NA,NA,NA,SRR5511218
ndaro,SAMN06837791,PDT000209028.1,train,R,R,R,R,R,R,NA,R,R,NA,NA,NA,SRR5511213
ndaro,SAMN06837792,PDT000209027.1,train,S,S,S,S,S,S,NA,S,S,NA,NA,NA,SRR5511216
ndaro,SAMN06837794,PDT000209026.1,train,R,S,R,R,R,R,NA,S,S,NA,NA,NA,SRR5511215
ndaro,SAMN06837797,PDT000209024.1,train,R,S,R,R,R,R,NA,S,R,NA,NA,NA,SRR5511209
ndaro,SAMN06837799,PDT000209025.1,train,S,S,S,S,S,S,NA,S,S,NA,NA,NA,SRR5511212
ndaro,SAMN06837800,PDT000209023.1,train,R,R,R,R,R,R,NA,R,R,NA,NA,NA,SRR5511210
ndaro,SAMN06837802,PDT000209081.1,train,S,S,S,S,S,S,NA,S,S,NA,NA,NA,SRR5511211
ndaro,SAMN06837803,PDT000209076.1,train,R,R,R,R,R,R,NA,R,R,NA,NA,NA,SRR5511181
ndaro,SAMN06837807,PDT000209078.1,train,R,S,R,R,R,R,NA,R,R,NA,NA,NA,SRR5511182
ndaro,SAMN06837809,PDT000209046.1,train,S,S,S,S,S,S,NA,S,S,NA,NA,NA,SRR5511232
ndaro,SAMN06837810,PDT000209045.1,train,S,S,S,S,S,S,NA,S,S,NA,NA,NA,SRR5511235
ndaro,SAMN06837811,PDT000209043.1,train,S,S,S,S,S,S,NA,S,S,NA,NA,NA,SRR5511233
ndaro,SAMN06837812,PDT000209044.1,train,R,S,R,R,R,R,NA,R,R,NA,NA,NA,SRR5511227
ndaro,SAMN06837813,PDT000209042.1,train,S,S,S,R,S,R,NA,S,S,NA,NA,NA,SRR5511231
ndaro,SAMN06837814,PDT000209101.1,train,R,R,R,R,R,R,NA,R,R,NA,NA,NA,SRR5511288
ndaro,SAMN06837815,PDT000209100.1,train,R,R,R,R,R,R,NA,R,R,NA,NA,NA,SRR5511289
ndaro,SAMN06837816,PDT000209097.1,train,R,R,R,R,R,R,NA,R,R,NA,NA,NA,SRR5511286
ndaro,SAMN06837817,PDT000209099.1,train,R,R,R,R,R,R,NA,R,R,NA,NA,NA,SRR5511284
ndaro,SAMN06837818,PDT000209098.1,train,R,R,R,R,R,R,NA,R,R,NA,NA,NA,SRR5511285
ndaro,SAMN06837819,PDT000209096.1,train,R,R,R,R,R,R,NA,R,R,NA,NA,NA,SRR5511287
ndaro,SAMN06837821,PDT000209093.1,train,R,R,R,R,R,R,NA,R,R,NA,NA,NA,SRR5511250
ndaro,SAMN06837822,PDT000209092.1,train,S,S,S,S,S,S,NA,S,S,NA,NA,NA,SRR5511249
ndaro,SAMN06837823,PDT000209091.1,train,R,R,R,R,R,R,NA,R,R,NA,NA,NA,SRR5511247
ndaro,SAMN06837824,PDT000209090.1,train,S,S,S,S,R,S,NA,S,S,NA,NA,NA,SRR5511248
ndaro,SAMN06837825,PDT000209088.1,train,S,S,S,S,S,S,NA,S,S,NA,NA,NA,SRR5511243
ndaro,SAMN06837826,PDT000209089.1,train,R,R,R,R,R,R,NA,R,R,NA,NA,NA,SRR5511246
ndaro,SAMN06837828,PDT000209085.1,train,S,S,S,R,S,R,NA,S,S,NA,NA,NA,SRR5511244
ndaro,SAMN06837829,PDT000209086.1,train,S,R,R,R,R,R,NA,R,R,NA,NA,NA,SRR5511242
ndaro,SAMN06837830,PDT000209084.1,train,R,S,R,R,R,R,NA,R,R,NA,NA,NA,SRR5511241
ndaro,SAMN06837831,PDT000209082.1,train,R,R,R,R,R,R,NA,R,R,NA,NA,NA,SRR5511240
ndaro,SAMN06837832,PDT000209052.1,train,S,R,R,R,R,R,NA,R,R,NA,NA,NA,SRR5511237
ndaro,SAMN06837833,PDT000209050.1,train,R,R,R,R,R,R,NA,R,R,NA,NA,NA,SRR5511238
ndaro,SAMN06837834,PDT000209049.1,test,S,S,S,R,S,R,NA,S,S,NA,NA,NA,SRR5511239
ndaro,SAMN06837835,PDT000209048.1,train,R,R,R,R,R,R,NA,R,R,NA,NA,NA,SRR5511236
ndaro,SAMN06837836,PDT000209047.1,train,R,R,R,R,R,R,NA,R,R,NA,NA,NA,SRR5511234
ndaro,SAMN06892204,PDT000209533.1,train,S,R,R,R,R,R,NA,R,R,NA,NA,NA,SRR5519761
ndaro,SAMN06892205,PDT000209553.1,train,R,R,R,R,R,R,NA,R,R,NA,NA,NA,SRR5519760
ndaro,SAMN06892206,PDT000209551.1,train,S,R,R,R,R,R,NA,R,R,NA,NA,NA,SRR5519763
ndaro,SAMN06892209,PDT000209528.1,train,S,S,S,S,S,S,NA,S,S,NA,NA,NA,SRR5519645
ndaro,SAMN06892210,PDT000209525.1,train,S,S,S,S,S,S,NA,S,S,NA,NA,NA,SRR5519647
ndaro,SAMN06892211,PDT000209523.1,train,R,S,S,S,S,R,NA,S,R,NA,NA,NA,SRR5519638
ndaro,SAMN06892212,PDT000209530.1,train,S,S,S,R,R,R,NA,R,R,NA,NA,NA,SRR5519634
ndaro,SAMN06892213,PDT000209529.1,test,R,R,R,R,R,R,NA,R,R,NA,NA,NA,SRR5519632
ndaro,SAMN06892214,PDT000209524.1,train,S,S,S,S,S,R,NA,S,S,NA,NA,NA,SRR5519633
ndaro,SAMN06892215,PDT000209527.1,train,S,S,R,R,R,R,NA,S,R,NA,NA,NA,SRR5519636
ndaro,SAMN06892217,PDT000209519.1,train,R,R,R,R,R,R,NA,R,R,NA,NA,NA,SRR5519721
ndaro,SAMN06892218,PDT000209520.1,train,R,R,R,R,R,R,NA,R,R,NA,NA,NA,SRR5519720
ndaro,SAMN06892219,PDT000209521.1,train,R,R,R,R,R,R,NA,R,R,NA,NA,NA,SRR5519722
ndaro,SAMN06892220,PDT000209518.1,test,S,R,R,R,R,R,NA,R,R,NA,NA,NA,SRR5519716
ndaro,SAMN06892221,PDT000209517.1,train,S,S,S,S,S,S,NA,S,S,NA,NA,NA,SRR5519723
ndaro,SAMN06892222,PDT000209516.1,train,R,R,R,R,R,R,NA,R,R,NA,NA,NA,SRR5519714
ndaro,SAMN06892223,PDT000209515.1,train,R,R,R,R,R,R,NA,R,R,NA,NA,NA,SRR5519713
ndaro,SAMN06892224,PDT000209514.1,train,R,R,R,R,R,R,NA,R,R,NA,NA,NA,SRR5519674
ndaro,SAMN06892225,PDT000209513.1,train,R,R,R,R,R,R,NA,R,R,NA,NA,NA,SRR5519711
ndaro,SAMN06892226,PDT000209512.1,train,R,R,R,R,R,R,NA,R,R,NA,NA,NA,SRR5519712
ndaro,SAMN06892227,PDT000209511.1,train,S,S,S,S,S,S,NA,S,S,NA,NA,NA,SRR5519669
ndaro,SAMN06892231,PDT000209509.1,train,R,R,R,R,R,R,NA,R,R,NA,NA,NA,SRR5519672
ndaro,SAMN06892234,PDT000209508.1,train,R,R,R,R,R,R,NA,R,R,NA,NA,NA,SRR5519673
ndaro,SAMN06892237,PDT000209505.1,train,R,R,R,R,R,R,NA,R,R,NA,NA,NA,SRR5519667
ndaro,SAMN06892239,PDT000209504.1,train,S,S,S,S,S,S,NA,S,S,NA,NA,NA,SRR5519668
ndaro,SAMN06892241,PDT000209490.1,train,S,S,S,S,S,S,NA,S,S,NA,NA,NA,SRR5519665
ndaro,SAMN06892242,PDT000209500.1,train,R,R,R,R,R,R,NA,R,R,NA,NA,NA,SRR5519657
ndaro,SAMN06892244,PDT000209492.1,train,S,S,R,R,R,R,NA,S,S,NA,NA,NA,SRR5519654
ndaro,SAMN06892245,PDT000209501.1,train,R,S,R,R,R,R,NA,R,R,NA,NA,NA,SRR5519656
ndaro,SAMN06892248,PDT000209499.1,test,R,R,R,R,R,R,NA,R,R,NA,NA,NA,SRR5519650
ndaro,SAMN06892249,PDT000209491.1,train,R,R,R,R,R,R,NA,R,R,NA,NA,NA,SRR5519653
ndaro,SAMN06892254,PDT000209550.1,train,R,R,R,R,R,R,NA,R,R,NA,NA,NA,SRR5519758
ndaro,SAMN06892256,PDT000209548.1,train,R,S,R,R,R,R,NA,R,R,NA,NA,NA,SRR5519757
ndaro,SAMN06892257,PDT000209570.1,train,R,R,R,R,R,R,NA,R,R,NA,NA,NA,SRR5519759
ndaro,SAMN06892258,PDT000209549.1,train,S,S,S,S,S,S,NA,S,S,NA,NA,NA,SRR5519756
ndaro,SAMN06892260,PDT000209546.1,train,S,S,S,S,S,S,NA,S,S,NA,NA,NA,SRR5519748
ndaro,SAMN06892275,PDT000209568.1,train,S,S,S,S,S,S,NA,S,S,NA,NA,NA,SRR5519747
ndaro,SAMN06892276,PDT000209567.1,train,S,R,S,R,R,S,NA,R,R,NA,NA,NA,SRR5519746
ndaro,SAMN06892277,PDT000209547.1,train,R,R,S,R,R,S,NA,R,R,NA,NA,NA,SRR5519744
ndaro,SAMN06892281,PDT000209544.1,train,R,R,R,R,R,R,NA,R,R,NA,NA,NA,SRR5519742
ndaro,SAMN06892282,PDT000209498.1,train,S,S,S,S,S,S,NA,S,S,NA,NA,NA,SRR5519741
ndaro,SAMN06892283,PDT000209497.1,train,S,R,R,R,R,R,NA,R,R,NA,NA,NA,SRR5519739
ndaro,SAMN06892284,PDT000209488.1,train,S,R,R,R,R,R,NA,R,R,NA,NA,NA,SRR5519740
ndaro,SAMN06892285,PDT000209481.1,train,S,S,R,R,R,R,NA,R,R,NA,NA,NA,SRR5519735
ndaro,SAMN06892287,PDT000209502.1,train,S,R,R,R,R,R,NA,R,R,NA,NA,NA,SRR5519734
ndaro,SAMN06892288,PDT000209496.1,train,R,R,R,R,R,R,NA,R,R,NA,NA,NA,SRR5519736
ndaro,SAMN06892289,PDT000209485.1,train,R,S,R,R,R,R,NA,R,R,NA,NA,NA,SRR5519737
ndaro,SAMN06892290,PDT000209479.1,train,R,R,R,R,R,R,NA,R,R,NA,NA,NA,SRR5519733
ndaro,SAMN06892293,PDT000209494.1,train,S,R,R,R,R,R,NA,R,R,NA,NA,NA,SRR5519732
ndaro,SAMN06892294,PDT000209477.1,train,S,R,S,R,S,S,NA,S,S,NA,NA,NA,SRR5519730
ndaro,SAMN06892295,PDT000209486.1,train,R,R,R,R,R,R,NA,R,R,NA,NA,NA,SRR5519731
ndaro,SAMN06892296,PDT000209482.1,train,R,R,R,R,R,R,NA,R,R,NA,NA,NA,SRR5519727
ndaro,SAMN06892297,PDT000209480.1,train,R,R,R,R,R,R,NA,R,R,NA,NA,NA,SRR5519728
ndaro,SAMN06892299,PDT000209484.1,train,R,S,R,R,R,R,NA,R,R,NA,NA,NA,SRR5519725
ndaro,SAMN06892300,PDT000209495.1,test,R,S,R,R,R,R,NA,R,R,NA,NA,NA,SRR5519726
ndaro,SAMN06892308,PDT000209563.1,train,S,S,S,S,S,S,NA,S,S,NA,NA,NA,SRR5519899
ndaro,SAMN06892310,PDT000209541.1,train,S,S,S,S,S,S,NA,S,R,NA,NA,NA,SRR5519872
ndaro,SAMN06892311,PDT000209561.1,train,S,S,S,R,S,S,NA,S,S,NA,NA,NA,SRR5519871
ndaro,SAMN06892314,PDT000209539.1,train,S,S,S,S,S,S,NA,S,S,NA,NA,NA,SRR5519812
ndaro,SAMN06892315,PDT000209887.1,train,S,S,S,S,S,S,NA,S,S,NA,NA,NA,SRR5519810
ndaro,SAMN06892316,PDT000209886.1,test,S,S,S,S,S,S,NA,S,S,NA,NA,NA,SRR5519809
ndaro,SAMN06892318,PDT000209538.1,train,S,S,S,S,S,S,NA,S,S,NA,NA,NA,SRR5519811
ndaro,SAMN06892320,PDT000209537.1,train,S,R,R,R,R,R,NA,R,R,NA,NA,NA,SRR5519808
ndaro,SAMN06892321,PDT000209557.1,train,R,S,R,R,R,R,NA,R,R,NA,NA,NA,SRR5519806
ndaro,SAMN06892323,PDT000209559.1,train,R,R,R,R,R,R,NA,R,R,NA,NA,NA,SRR5519804
ndaro,SAMN06892324,PDT000209556.1,train,S,S,S,S,S,S,NA,S,S,NA,NA,NA,SRR5519805
ndaro,SAMN06892325,PDT000209535.1,train,R,R,R,R,R,R,NA,R,R,NA,NA,NA,SRR5519764
ndaro,SAMN06892326,PDT000209555.1,train,R,R,R,R,R,R,NA,R,R,NA,NA,NA,SRR5519767
ndaro,SAMN06892328,PDT000209885.1,train,R,R,R,R,R,R,NA,R,R,NA,NA,NA,SRR5519766
ndaro,SAMN06892329,PDT000209534.1,train,R,R,R,R,S,R,NA,R,R,NA,NA,NA,SRR5519768
ndaro,SAMN06892330,PDT000209554.1,test,R,S,R,R,S,R,NA,R,R,NA,NA,NA,SRR5519765
ndaro,SAMN06892331,PDT000209552.1,train,R,R,R,R,R,R,NA,R,R,NA,NA,NA,SRR5519762
ndaro,SAMN07203008,PDT000230879.1,test,NA,NA,NA,NA,NA,NA,NA,NA,NA,NA,NA,NA,SRR5660177
ndaro,SAMN07203009,PDT000230877.1,test,NA,NA,NA,NA,NA,NA,NA,NA,NA,NA,NA,NA,SRR5660183
ndaro,SAMN07203010,PDT000230878.1,test,NA,NA,NA,NA,NA,NA,NA,NA,NA,NA,NA,NA,SRR5660181
ndaro,SAMN07203011,PDT000230876.1,test,NA,NA,NA,NA,NA,NA,NA,NA,NA,NA,NA,NA,SRR5660178
ndaro,SAMN07445112,PDT000262748.1,train,S,NA,NA,NA,NA,NA,NA,S,NA,NA,NA,NA,SRR5891495
ndaro,SAMN07445112,PDT000262748.1,train,S,NA,NA,NA,NA,NA,NA,S,NA,NA,NA,NA,SRR5891496
ndaro,SAMN07450593,PDT000233360.1,test,NA,NA,NA,NA,NA,NA,NA,NA,NA,NA,NA,NA,SRR5943613
ndaro,SAMN07450594,PDT000233348.1,test,NA,NA,NA,NA,NA,NA,NA,NA,NA,NA,NA,NA,SRR5943612
ndaro,SAMN07450595,PDT000233347.1,test,NA,NA,NA,NA,NA,NA,NA,NA,NA,NA,NA,NA,SRR5943611
ndaro,SAMN07450596,PDT000233346.1,test,NA,NA,NA,NA,NA,NA,NA,NA,NA,NA,NA,NA,SRR5943610
ndaro,SAMN07450597,PDT000233358.1,test,NA,NA,NA,NA,NA,NA,NA,NA,NA,NA,NA,NA,SRR5943600
ndaro,SAMN07450598,PDT000233345.1,test,NA,NA,NA,NA,NA,NA,NA,NA,NA,NA,NA,NA,SRR5943601
ndaro,SAMN07450683,PDT000233343.1,test,NA,NA,NA,NA,NA,NA,NA,NA,NA,NA,NA,NA,SRR5943597
ndaro,SAMN07450684,PDT000233357.1,test,NA,NA,NA,NA,NA,NA,NA,NA,NA,NA,NA,NA,SRR5943599
ndaro,SAMN07450685,PDT000233341.1,test,NA,NA,NA,NA,NA,NA,NA,NA,NA,NA,NA,NA,SRR5943598
ndaro,SAMN07450686,PDT000233344.1,test,NA,NA,NA,NA,NA,NA,NA,NA,NA,NA,NA,NA,SRR5943596
ndaro,SAMN07450687,PDT000233342.1,test,NA,NA,NA,NA,NA,NA,NA,NA,NA,NA,NA,NA,SRR5943594
ndaro,SAMN07450688,PDT000233340.1,test,NA,NA,NA,NA,NA,NA,NA,NA,NA,NA,NA,NA,SRR5943595
ndaro,SAMN07450689,PDT000233339.1,test,NA,NA,NA,NA,NA,NA,NA,NA,NA,NA,NA,NA,SRR5943593
ndaro,SAMN07450714,PDT000233356.1,test,NA,NA,NA,NA,NA,NA,NA,NA,NA,NA,NA,NA,SRR5943622
ndaro,SAMN07450715,PDT000233355.1,test,NA,NA,NA,NA,NA,NA,NA,NA,NA,NA,NA,NA,SRR5943620
ndaro,SAMN07450716,PDT000233353.1,test,NA,NA,NA,NA,NA,NA,NA,NA,NA,NA,NA,NA,SRR5943621
ndaro,SAMN07450717,PDT000233354.1,test,NA,NA,NA,NA,NA,NA,NA,NA,NA,NA,NA,NA,SRR5943619
ndaro,SAMN07450718,PDT000233359.1,test,NA,NA,NA,NA,NA,NA,NA,NA,NA,NA,NA,NA,SRR5943618
ndaro,SAMN07450719,PDT000233352.1,test,NA,NA,NA,NA,NA,NA,NA,NA,NA,NA,NA,NA,SRR5943617
ndaro,SAMN07450720,PDT000233350.1,test,NA,NA,NA,NA,NA,NA,NA,NA,NA,NA,NA,NA,SRR5943615
ndaro,SAMN07450721,PDT000233351.1,test,NA,NA,NA,NA,NA,NA,NA,NA,NA,NA,NA,NA,SRR5943616
ndaro,SAMN07450722,PDT000233349.1,test,NA,NA,NA,NA,NA,NA,NA,NA,NA,NA,NA,NA,SRR5943614
ndaro,SAMN07602915,PDT000326963.1,train,R,NA,R,R,NA,R,R,R,R,R,R,R,SRR6037662
ndaro,SAMN07602915,PDT000326963.1,train,R,NA,R,R,NA,R,R,R,R,R,R,R,SRR6037664
patric,SAMN03248539,470.775,test,R,R,R,R,NA,R,R,NA,NA,R,R,NA,SRR8204826
patric,SAMN03571960,470.2143,train,NA,NA,R,R,NA,NA,NA,R,NA,NA,NA,NA,SRR2075860
patric,SAMN03575971,470.2142,train,NA,NA,R,R,NA,NA,NA,R,NA,NA,NA,NA,SRR2075876
patric,SAMN03575972,470.2425,train,NA,NA,R,R,NA,NA,NA,R,NA,NA,NA,NA,SRR2075877
patric,SAMN03575974,470.2426,train,NA,NA,R,R,NA,NA,NA,R,NA,NA,NA,NA,SRR2075878
patric,SAMN03576356,470.2427,train,NA,NA,R,R,NA,NA,NA,R,NA,NA,NA,NA,SRR2075879
patric,SAMN03576358,470.2428,train,NA,NA,R,R,NA,NA,NA,R,NA,NA,NA,NA,SRR2075880
patric,SAMN03576359,470.2429,test,NA,NA,R,R,NA,NA,NA,R,NA,NA,NA,NA,SRR2075881
patric,SAMN03576362,470.2431,train,NA,NA,R,R,NA,NA,NA,R,NA,NA,NA,NA,SRR2075883
patric,SAMN03576363,470.2432,train,NA,NA,R,R,NA,NA,NA,R,NA,NA,NA,NA,SRR2075884
patric,SAMN03576364,470.2433,train,NA,NA,R,R,NA,NA,NA,R,NA,NA,NA,NA,SRR2075885
patric,SAMN03576365,470.2435,test,NA,NA,R,R,NA,NA,NA,R,NA,NA,NA,NA,SRR2075887
patric,SAMN03576366,470.2434,train,NA,NA,R,R,NA,NA,NA,R,NA,NA,NA,NA,SRR2075890
patric,SAMN03576441,470.2155,test,NA,NA,R,R,NA,NA,NA,R,NA,NA,NA,NA,SRR2075891
patric,SAMN03576442,470.2156,train,NA,NA,R,R,NA,NA,NA,R,NA,NA,NA,NA,SRR2075893
patric,SAMN03576445,470.2157,train,NA,NA,R,R,NA,NA,NA,R,NA,NA,NA,NA,SRR2075895
patric,SAMN03576446,470.2158,train,NA,NA,R,R,NA,NA,NA,R,NA,NA,NA,NA,SRR2075896
patric,SAMN03576448,470.2159,train,NA,NA,R,R,NA,NA,NA,R,NA,NA,NA,NA,SRR2075897
patric,SAMN03576505,470.2161,train,NA,NA,R,R,NA,NA,NA,R,NA,NA,NA,NA,SRR2075899
patric,SAMN03576511,470.2162,train,NA,NA,S,R,NA,NA,NA,R,NA,NA,NA,NA,SRR2075900
patric,SAMN03576512,470.2163,train,NA,NA,R,R,NA,NA,NA,R,NA,NA,NA,NA,SRR2075902
patric,SAMN03577725,470.2436,train,NA,NA,R,R,NA,NA,NA,R,NA,NA,NA,NA,SRR2075903
patric,SAMN03577726,470.2165,train,NA,NA,R,R,NA,NA,NA,R,NA,NA,NA,NA,SRR2075906
patric,SAMN03577727,470.2166,train,NA,NA,R,R,NA,NA,NA,R,NA,NA,NA,NA,SRR2075907
patric,SAMN03577728,470.2167,train,NA,NA,R,R,NA,NA,NA,R,NA,NA,NA,NA,SRR2075948
patric,SAMN03577729,470.2168,train,NA,NA,R,R,NA,NA,NA,R,NA,NA,NA,NA,SRR2075950
patric,SAMN03577730,470.2437,train,NA,NA,R,R,NA,NA,NA,R,NA,NA,NA,NA,SRR2075951
patric,SAMN04022941,470.735,train,NA,NA,NA,NA,NA,R,NA,NA,NA,NA,NA,R,SRR2976831
patric,SAMN04339712,470.7338,train,NA,NA,NA,NA,NA,NA,NA,NA,NA,NA,NA,R,SRR3057118
patric,SAMN04445872,470.8079,train,NA,NA,NA,NA,NA,NA,NA,S,NA,R,NA,R,SRR3130307
patric,SAMN04445873,470.8092,test,NA,NA,NA,NA,NA,NA,NA,NA,NA,R,NA,NA,SRR3130308
patric,SAMN04445874,470.8094,test,NA,S,NA,NA,NA,NA,NA,R,NA,R,NA,S,SRR3130309
patric,SAMN04445875,470.8096,test,NA,S,NA,NA,NA,NA,NA,NA,NA,R,NA,R,SRR3130310
patric,SAMN04445876,470.8081,train,R,NA,NA,R,NA,NA,NA,R,NA,R,NA,NA,SRR3130311
patric,SAMN04446435,470.746,train,R,S,NA,R,NA,NA,NA,NA,NA,R,NA,NA,SRR3131127
patric,SAMN04446436,470.7574,train,R,S,NA,NA,NA,NA,NA,NA,NA,R,NA,NA,SRR3131130
patric,SAMN04446437,470.7575,train,R,S,NA,NA,NA,NA,NA,R,NA,R,NA,R,SRR3131131
patric,SAMN04446438,470.8095,train,NA,S,NA,NA,NA,NA,NA,NA,NA,R,S,R,SRR3131132
patric,SAMN04446439,470.7467,train,NA,NA,R,R,NA,R,R,R,NA,S,R,NA,SRR3131145
patric,SAMN04446440,470.7469,train,NA,NA,R,R,NA,R,R,S,NA,NA,R,NA,SRR3131146
patric,SAMN04446442,470.7632,train,NA,NA,R,NA,NA,R,NA,NA,NA,S,NA,NA,SRR3131148
patric,SAMN04446443,470.7675,train,NA,NA,R,S,NA,R,NA,NA,NA,R,NA,NA,SRR3131149
patric,SAMN04446444,470.7726,train,NA,R,NA,NA,NA,R,NA,NA,NA,NA,NA,NA,SRR3131150
patric,SAMN04446445,470.7824,train,NA,NA,R,NA,NA,R,R,R,NA,S,NA,NA,SRR3131151
patric,SAMN04446446,470.7843,train,NA,NA,R,NA,NA,NA,R,R,NA,S,S,NA,SRR3131152
patric,SAMN04446449,470.7979,train,NA,NA,R,NA,NA,R,R,R,NA,S,NA,NA,SRR3131155
patric,SAMN04446450,470.8059,train,NA,NA,R,R,NA,R,R,NA,NA,S,NA,NA,SRR3131156
patric,SAMN04446451,470.752,train,NA,S,NA,NA,NA,NA,NA,NA,NA,R,R,R,SRR3131157
patric,SAMN04446452,470.7526,train,NA,S,NA,NA,NA,NA,NA,NA,NA,R,R,R,SRR3131158
patric,SAMN04446453,470.7561,train,NA,NA,NA,NA,NA,NA,NA,NA,NA,R,R,R,SRR3131159
patric,SAMN04446456,470.7584,train,R,NA,NA,NA,NA,NA,NA,NA,NA,R,R,R,SRR3131162
patric,SAMN04446457,470.8072,train,NA,NA,NA,NA,NA,NA,NA,NA,NA,R,R,NA,SRR3131163
patric,SAMN04446458,470.8073,train,NA,R,NA,NA,NA,NA,R,NA,NA,R,R,R,SRR3131164
patric,SAMN04446459,470.8074,train,NA,S,NA,NA,NA,NA,NA,NA,R,R,R,NA,SRR3131165
patric,SAMN04446460,470.8076,train,NA,NA,NA,NA,NA,NA,R,NA,NA,R,NA,R,SRR3131166
patric,SAMN04446461,470.8082,train,NA,R,NA,NA,NA,NA,NA,NA,NA,R,R,NA,SRR3131167
patric,SAMN04446462,470.8083,test,NA,S,NA,NA,NA,NA,NA,NA,NA,R,NA,R,SRR3131168
patric,SAMN04446463,470.8093,train,NA,NA,NA,NA,NA,NA,NA,NA,NA,R,NA,R,SRR3131169
patric,SAMN04446464,470.8101,train,NA,R,NA,NA,NA,NA,R,NA,NA,R,R,R,SRR3131170
patric,SAMN04446465,470.8104,train,NA,NA,NA,NA,NA,NA,NA,NA,NA,R,NA,R,SRR3131171
patric,SAMN04446466,470.8106,test,R,NA,NA,NA,NA,NA,NA,NA,NA,S,NA,R,SRR3131172
patric,SAMN04446467,470.8107,test,NA,R,NA,NA,NA,NA,NA,NA,NA,R,NA,R,SRR3131173
patric,SAMN04446468,470.7566,train,NA,S,R,NA,NA,R,R,S,NA,S,R,S,SRR3131206
patric,SAMN04446469,470.7653,train,NA,NA,R,NA,NA,NA,R,NA,NA,NA,NA,NA,SRR3131207
patric,SAMN04446470,470.7666,test,NA,NA,NA,S,NA,NA,NA,NA,NA,R,R,NA,SRR3131208
patric,SAMN04446471,470.7681,train,NA,NA,NA,NA,NA,R,NA,NA,NA,R,NA,NA,SRR3131209
patric,SAMN04446472,470.7762,train,NA,NA,R,NA,NA,R,R,NA,NA,S,R,NA,SRR3131210
patric,SAMN04446473,470.7789,test,NA,NA,R,NA,NA,R,R,R,NA,S,NA,NA,SRR3131211
patric,SAMN04446474,470.7811,train,NA,R,NA,NA,NA,R,R,R,NA,S,NA,NA,SRR3131212
patric,SAMN04446475,470.7837,train,NA,NA,R,NA,NA,R,NA,R,NA,S,NA,NA,SRR3131213
patric,SAMN04446477,470.7875,train,NA,NA,NA,NA,NA,R,R,R,NA,S,NA,NA,SRR3131215
patric,SAMN04446520,470.8047,test,S,NA,NA,R,NA,NA,NA,R,NA,R,NA,NA,SRR3131216
patric,SAMN04446535,470.7581,train,NA,R,NA,NA,NA,NA,NA,NA,NA,R,R,R,SRR3131240
patric,SAMN04446538,470.7418,train,R,NA,NA,R,NA,NA,NA,NA,NA,R,NA,NA,SRR3131217
patric,SAMN04446540,470.7423,test,R,NA,NA,R,NA,NA,R,NA,NA,R,NA,NA,SRR3131219
patric,SAMN04446541,470.7424,train,R,R,NA,R,NA,NA,R,NA,NA,R,NA,NA,SRR3131220
patric,SAMN04446542,470.7425,test,R,R,NA,R,NA,NA,R,NA,NA,R,NA,NA,SRR3131221
patric,SAMN04446543,470.7436,train,R,NA,NA,R,NA,NA,R,NA,NA,R,R,NA,SRR3131222
patric,SAMN04446544,470.7437,train,R,NA,NA,R,NA,NA,R,NA,NA,R,R,NA,SRR3131223
patric,SAMN04446545,470.7441,train,R,R,NA,R,NA,NA,R,NA,NA,R,R,NA,SRR3131224
patric,SAMN04446546,470.7443,train,R,NA,R,R,NA,NA,R,NA,NA,R,R,NA,SRR3131225
patric,SAMN04446547,470.7449,test,R,R,NA,R,NA,NA,R,NA,NA,NA,NA,NA,SRR3131226
patric,SAMN04446548,470.7462,test,R,R,NA,R,NA,NA,R,NA,NA,R,NA,NA,SRR3131227
patric,SAMN04446549,470.7463,test,R,NA,NA,R,NA,NA,R,NA,NA,R,NA,NA,SRR3131228
patric,SAMN04446550,470.7511,train,R,NA,R,NA,NA,NA,R,NA,NA,NA,NA,NA,SRR3131229
patric,SAMN04446551,470.7515,test,NA,R,NA,NA,NA,NA,NA,NA,NA,NA,NA,NA,SRR3131230
patric,SAMN04446555,470.8008,test,NA,NA,NA,NA,NA,NA,NA,R,NA,R,NA,NA,SRR3131234
patric,SAMN04446556,470.8017,test,NA,NA,NA,NA,NA,NA,NA,R,NA,R,NA,NA,SRR3131235
patric,SAMN04446557,470.8031,train,R,R,R,R,NA,NA,NA,R,NA,R,NA,NA,SRR3131236
patric,SAMN04446558,470.8041,test,R,R,NA,R,NA,NA,NA,R,NA,R,NA,NA,SRR3131237
patric,SAMN04446559,470.8071,train,R,NA,NA,NA,NA,NA,R,NA,R,R,NA,NA,SRR3131238
patric,SAMN04446560,470.8087,test,R,NA,NA,R,NA,NA,NA,R,NA,S,R,NA,SRR3131239
patric,SAMN04447699,470.7643,train,NA,R,R,NA,NA,R,R,NA,NA,S,NA,NA,SRR3133084
patric,SAMN04447701,470.7728,train,NA,R,NA,NA,NA,R,R,NA,NA,NA,NA,NA,SRR3133086
patric,SAMN04447702,470.7743,train,NA,NA,R,NA,NA,R,R,NA,NA,NA,NA,NA,SRR3133087
patric,SAMN04447703,470.7751,train,NA,NA,R,NA,NA,R,R,NA,NA,S,NA,NA,SRR3133088
patric,SAMN04447704,470.7778,train,NA,NA,R,NA,NA,R,R,R,NA,S,NA,NA,SRR3133089
patric,SAMN04447705,470.7782,train,NA,R,R,NA,NA,R,R,R,NA,S,NA,NA,SRR3133090
patric,SAMN04447706,470.7794,train,NA,NA,R,NA,NA,R,R,R,NA,S,NA,NA,SRR3133091
patric,SAMN04447707,470.7797,train,NA,R,R,NA,NA,R,R,R,NA,S,NA,NA,SRR3133092
patric,SAMN04447708,470.7798,train,NA,R,R,NA,NA,R,NA,R,NA,S,R,NA,SRR3133093
patric,SAMN04447709,470.7806,train,NA,NA,R,NA,NA,R,R,R,NA,S,NA,NA,SRR3133094
patric,SAMN04447710,470.7809,train,NA,NA,R,NA,NA,R,NA,R,NA,S,NA,NA,SRR3133095
patric,SAMN04447711,470.7817,train,NA,NA,R,NA,NA,R,R,R,NA,S,NA,NA,SRR3133096
patric,SAMN04447712,470.7823,train,NA,S,R,NA,NA,R,NA,R,NA,S,NA,NA,SRR3133097
patric,SAMN04447713,470.7836,train,NA,NA,R,NA,NA,R,R,R,NA,S,NA,NA,SRR3133098
patric,SAMN04447714,470.7847,test,R,R,NA,NA,NA,NA,NA,R,NA,R,NA,NA,SRR3133099
patric,SAMN04447715,470.7855,train,NA,NA,R,NA,NA,R,R,R,NA,S,NA,NA,SRR3133100
patric,SAMN04447716,470.7856,train,NA,NA,R,NA,NA,R,NA,R,NA,S,NA,NA,SRR3133101
patric,SAMN04447717,470.7857,train,NA,R,R,NA,NA,R,NA,R,NA,S,NA,NA,SRR3133102
patric,SAMN04447718,470.7867,train,NA,NA,NA,NA,NA,NA,NA,R,NA,S,S,NA,SRR3133103
patric,SAMN04447719,470.7871,train,NA,NA,R,NA,NA,NA,R,R,R,S,NA,NA,SRR3133104
patric,SAMN04447720,470.7884,train,NA,R,NA,NA,NA,R,R,R,NA,S,NA,NA,SRR3133105
patric,SAMN04447721,470.7946,train,NA,NA,NA,NA,NA,R,R,R,NA,S,NA,NA,SRR3133106
patric,SAMN04447722,470.7949,train,S,NA,R,NA,NA,NA,R,R,NA,NA,R,NA,SRR3133107
patric,SAMN04448596,470.7638,test,R,NA,NA,NA,NA,NA,NA,NA,NA,R,R,NA,SRR3135171
patric,SAMN04448648,470.7603,test,NA,NA,NA,NA,NA,NA,NA,NA,NA,R,NA,NA,SRR3135275
patric,SAMN04450953,470.7501,test,R,NA,R,NA,NA,NA,R,R,NA,R,NA,NA,SRR3137567
patric,SAMN04450954,470.7502,test,R,S,R,NA,NA,NA,R,NA,NA,R,NA,NA,SRR3137568
patric,SAMN04450955,470.7503,train,NA,NA,R,NA,NA,NA,R,S,NA,R,NA,NA,SRR3137569
patric,SAMN04450956,470.7504,train,NA,NA,R,NA,NA,NA,R,S,NA,R,NA,NA,SRR3137570
patric,SAMN04450957,470.7505,train,NA,NA,R,NA,NA,NA,R,S,NA,R,NA,NA,SRR3137571
patric,SAMN04450958,470.7506,test,R,NA,R,NA,NA,NA,R,S,NA,R,R,NA,SRR3137572
patric,SAMN04450960,470.7512,train,NA,NA,S,NA,NA,NA,NA,S,NA,NA,NA,NA,SRR3137574
patric,SAMN04450961,470.7516,train,NA,NA,NA,R,NA,NA,NA,S,NA,NA,NA,NA,SRR3137575
patric,SAMN04450965,470.7567,train,NA,S,NA,NA,NA,NA,NA,S,NA,S,NA,R,SRR3137579
patric,SAMN04450966,470.7568,test,NA,S,NA,NA,NA,NA,NA,S,NA,R,R,R,SRR3137580
patric,SAMN04450967,470.7569,test,NA,S,NA,NA,NA,NA,NA,S,NA,R,NA,R,SRR3137581
patric,SAMN04450968,470.757,train,R,S,NA,NA,NA,NA,NA,R,NA,R,NA,R,SRR3137582
patric,SAMN04450969,470.8085,train,S,NA,NA,R,NA,NA,NA,R,NA,R,NA,NA,SRR3137583
patric,SAMN04450970,470.8086,test,R,NA,NA,R,NA,NA,NA,R,NA,R,NA,R,SRR3137584
patric,SAMN04450971,470.8097,test,NA,S,NA,NA,NA,NA,NA,NA,NA,R,NA,R,SRR3137585
patric,SAMN04450972,470.8098,test,NA,S,NA,NA,NA,NA,NA,NA,NA,R,NA,R,SRR3137586
patric,SAMN04450973,470.8099,test,NA,S,NA,NA,NA,NA,NA,NA,NA,R,NA,R,SRR3137587
patric,SAMN04450974,470.8102,test,NA,S,NA,NA,NA,NA,NA,NA,NA,R,NA,R,SRR3137588
patric,SAMN04450975,470.8103,test,NA,S,NA,NA,NA,NA,NA,NA,NA,R,NA,R,SRR3137589
patric,SAMN04450976,470.8105,test,NA,S,NA,NA,NA,NA,NA,NA,NA,R,NA,R,SRR3137590
patric,SAMN04456595,470.7342,train,NA,NA,NA,NA,NA,S,NA,R,NA,NA,S,S,SRR3168640
patric,SAMN04457322,470.7466,train,NA,NA,R,R,NA,R,R,R,NA,NA,R,NA,SRR3146378
patric,SAMN04457323,470.7822,train,NA,R,R,NA,NA,R,R,R,NA,S,NA,NA,SRR3146379
patric,SAMN04457324,470.7826,train,NA,NA,R,NA,NA,S,R,R,R,S,S,NA,SRR3146380
patric,SAMN04457325,470.7828,train,NA,R,R,NA,NA,R,R,R,NA,S,NA,NA,SRR3146381
patric,SAMN04457326,470.7829,train,NA,NA,R,NA,NA,R,R,R,NA,S,NA,NA,SRR3146382
patric,SAMN04457327,470.7831,train,NA,NA,R,NA,NA,R,R,R,NA,S,NA,NA,SRR3146383
patric,SAMN04457328,470.7833,train,NA,NA,R,NA,NA,R,NA,R,NA,S,NA,NA,SRR3146384
patric,SAMN04457329,470.7834,train,NA,NA,R,NA,NA,NA,R,R,NA,S,R,NA,SRR3146385
patric,SAMN04457331,470.7852,train,NA,NA,R,NA,NA,R,R,R,NA,S,NA,NA,SRR3146387
patric,SAMN04479996,470.7771,train,NA,NA,NA,NA,NA,S,NA,R,NA,S,S,NA,SRR3151889
patric,SAMN04479997,470.7958,train,S,NA,R,R,NA,R,R,NA,NA,R,S,R,SRR3151890
patric,SAMN04480078,470.7536,test,NA,NA,R,NA,NA,NA,R,NA,NA,R,NA,NA,SRR3152160
patric,SAMN04480650,470.7485,train,R,NA,NA,R,NA,R,NA,NA,NA,R,NA,NA,SRR3152492
patric,SAMN04480653,470.7519,train,NA,NA,NA,NA,NA,NA,NA,S,NA,NA,NA,NA,SRR3152495
patric,SAMN04480654,470.7521,train,NA,NA,NA,NA,NA,NA,NA,S,NA,R,NA,R,SRR3152496
patric,SAMN04480658,470.7525,train,NA,S,NA,NA,NA,NA,NA,NA,NA,R,R,R,SRR3152500
patric,SAMN04480661,470.7571,train,NA,S,NA,NA,NA,S,NA,S,NA,S,S,S,SRR3152503
patric,SAMN04480664,470.7577,train,NA,NA,NA,NA,NA,NA,NA,R,NA,S,NA,NA,SRR3152506
patric,SAMN04480665,470.7579,train,R,NA,NA,NA,NA,R,NA,NA,NA,R,R,NA,SRR3152507
patric,SAMN04480666,470.7583,train,NA,S,S,NA,NA,NA,NA,S,NA,S,NA,R,SRR3152508
patric,SAMN04482433,470.7709,train,NA,R,R,NA,NA,R,R,NA,NA,NA,NA,S,SRR3159148
patric,SAMN04482435,470.7744,train,NA,NA,R,NA,NA,R,R,NA,NA,S,NA,NA,SRR3159150
patric,SAMN04482436,470.7745,train,NA,R,R,NA,NA,R,R,NA,NA,S,NA,NA,SRR3159151
patric,SAMN04482437,470.7747,train,NA,NA,R,NA,NA,R,R,NA,NA,S,NA,NA,SRR3159152
patric,SAMN04482438,470.7757,train,NA,NA,R,NA,NA,R,R,NA,NA,NA,NA,NA,SRR3159153
patric,SAMN04482439,470.7761,train,NA,NA,R,NA,NA,R,R,NA,NA,S,NA,NA,SRR3159154
patric,SAMN04482440,470.7774,train,NA,NA,R,NA,NA,R,R,R,NA,S,NA,NA,SRR3159155
patric,SAMN04482441,470.7779,train,NA,NA,R,NA,NA,R,R,R,NA,S,NA,NA,SRR3159156
patric,SAMN04482442,470.7781,train,NA,R,R,NA,NA,R,R,R,NA,S,NA,NA,SRR3159157
patric,SAMN04482445,470.7792,train,NA,NA,R,NA,NA,R,NA,R,NA,S,R,NA,SRR3159160
patric,SAMN04482447,470.7795,train,NA,NA,R,NA,NA,R,R,R,NA,S,NA,NA,SRR3159162
patric,SAMN04482448,470.7799,train,NA,NA,R,NA,NA,R,R,R,NA,S,NA,NA,SRR3159163
patric,SAMN04482450,470.7805,train,NA,NA,R,NA,NA,R,R,R,NA,S,NA,NA,SRR3159165
patric,SAMN04482451,470.7807,train,NA,NA,R,NA,NA,R,R,R,NA,S,NA,NA,SRR3159166
patric,SAMN04482452,470.7808,train,NA,NA,NA,NA,NA,NA,NA,R,NA,S,NA,NA,SRR3159167
patric,SAMN04482454,470.7813,train,NA,NA,R,NA,NA,R,R,R,NA,S,NA,NA,SRR3159169
patric,SAMN04482455,470.7818,train,NA,NA,R,NA,NA,R,R,R,NA,S,NA,NA,SRR3159170
patric,SAMN04485901,470.7415,train,NA,NA,NA,R,NA,NA,NA,NA,NA,R,R,NA,SRR3170241
patric,SAMN04485902,470.7417,train,NA,NA,NA,NA,NA,NA,NA,S,NA,NA,NA,NA,SRR3170242
patric,SAMN04485907,470.743,train,R,NA,NA,R,NA,NA,NA,S,NA,S,R,NA,SRR3170229
patric,SAMN04485909,470.7439,train,NA,NA,NA,R,NA,NA,NA,S,NA,R,NA,NA,SRR3170231
patric,SAMN04485910,470.7453,train,NA,S,NA,NA,NA,NA,NA,S,NA,NA,NA,NA,SRR3170232
patric,SAMN04485912,470.7464,test,R,NA,NA,NA,NA,NA,NA,NA,NA,R,NA,NA,SRR3170234
patric,SAMN04485914,470.7478,train,NA,NA,NA,NA,NA,NA,NA,S,NA,S,NA,NA,SRR3170236
patric,SAMN04485915,470.7484,test,R,NA,NA,R,NA,NA,NA,S,NA,R,R,NA,SRR3170237
patric,SAMN04485917,470.7493,test,R,R,R,NA,NA,NA,R,S,NA,R,NA,NA,SRR3170239
patric,SAMN04485918,470.8084,test,R,NA,NA,R,NA,NA,NA,R,NA,R,NA,NA,SRR3170240
patric,SAMN04487132,470.7499,test,R,R,R,NA,NA,NA,R,S,NA,R,NA,NA,SRR3170530
patric,SAMN04487135,470.7508,train,NA,NA,S,NA,NA,NA,NA,S,NA,NA,NA,NA,SRR3170254
patric,SAMN04487137,470.7513,train,NA,NA,S,NA,NA,NA,NA,S,NA,S,NA,NA,SRR3170256
patric,SAMN04487138,470.7514,train,NA,NA,R,NA,NA,NA,R,S,NA,R,NA,NA,SRR3170257
patric,SAMN04487142,470.7533,train,NA,NA,NA,NA,NA,NA,NA,S,NA,S,NA,NA,SRR3170261
patric,SAMN04487144,470.7538,test,NA,NA,R,NA,NA,NA,R,S,NA,R,NA,NA,SRR3170263
patric,SAMN04487145,470.7539,test,R,R,R,NA,NA,NA,R,S,NA,R,R,NA,SRR3170264
patric,SAMN04488269,470.7589,train,R,NA,NA,NA,NA,NA,NA,NA,NA,R,R,NA,SRR3170588
patric,SAMN04488270,470.7595,test,NA,NA,NA,NA,NA,NA,NA,NA,NA,R,NA,NA,SRR3170589
patric,SAMN04488271,470.7617,test,R,NA,NA,NA,NA,NA,NA,NA,NA,R,NA,NA,SRR3170590
patric,SAMN04488272,470.7623,test,R,NA,NA,NA,NA,NA,NA,NA,NA,R,NA,NA,SRR3170591
patric,SAMN04488273,470.7637,train,R,NA,NA,NA,NA,NA,NA,NA,NA,R,NA,NA,SRR3170592
patric,SAMN04488275,470.7656,test,R,NA,NA,NA,NA,NA,NA,NA,NA,R,NA,NA,SRR3170594
patric,SAMN04488276,470.766,train,NA,NA,NA,NA,NA,NA,NA,NA,NA,NA,R,NA,SRR3170595
patric,SAMN04488277,470.7678,train,NA,NA,NA,NA,NA,NA,NA,NA,NA,R,R,NA,SRR3170596
patric,SAMN04488278,470.7693,train,NA,NA,NA,NA,NA,NA,NA,NA,NA,R,NA,NA,SRR3170597
patric,SAMN04488279,470.7724,train,R,NA,NA,NA,NA,NA,NA,NA,NA,R,NA,NA,SRR3170598
patric,SAMN04488280,470.7748,train,R,NA,NA,NA,NA,NA,NA,NA,NA,R,NA,NA,SRR3170599
patric,SAMN04488281,470.7768,train,NA,NA,NA,NA,NA,NA,NA,R,NA,R,NA,NA,SRR3170600
patric,SAMN04488282,470.7773,train,R,NA,NA,NA,NA,NA,NA,R,NA,R,NA,NA,SRR3170601
patric,SAMN04488283,470.7788,train,R,NA,NA,NA,NA,NA,NA,R,NA,R,NA,NA,SRR3170602
patric,SAMN04488286,470.7845,train,S,NA,NA,NA,NA,NA,NA,R,NA,R,R,S,SRR3170605
patric,SAMN04488287,470.7848,test,R,NA,NA,NA,NA,NA,NA,R,NA,R,NA,NA,SRR3170606
patric,SAMN04488289,470.7861,train,R,NA,NA,NA,NA,NA,NA,R,NA,R,NA,NA,SRR3170608
patric,SAMN04488290,470.7862,train,R,NA,NA,R,NA,NA,NA,R,NA,S,NA,NA,SRR3170609
patric,SAMN04488291,470.7866,test,NA,NA,NA,NA,NA,NA,S,R,NA,R,NA,NA,SRR3170610
patric,SAMN04491035,470.7518,test,NA,NA,NA,NA,NA,NA,R,NA,NA,R,NA,R,SRR3170733
patric,SAMN04491037,470.7573,train,NA,R,NA,NA,NA,NA,NA,NA,NA,R,NA,R,SRR3170735
patric,SAMN04491039,470.7582,train,R,NA,NA,NA,NA,NA,R,NA,NA,R,NA,R,SRR3170737
patric,SAMN04491040,470.8024,test,R,R,NA,R,NA,NA,NA,R,NA,R,NA,NA,SRR3170738
patric,SAMN04491435,470.7688,test,NA,NA,NA,NA,NA,NA,NA,NA,NA,R,NA,NA,SRR3170770
patric,SAMN04491438,470.7691,test,NA,NA,NA,NA,NA,NA,NA,NA,NA,R,NA,NA,SRR3170773
patric,SAMN04491439,470.7816,train,NA,NA,NA,NA,NA,NA,NA,R,NA,R,NA,NA,SRR3170774
patric,SAMN04491440,470.7832,test,NA,NA,NA,NA,NA,NA,NA,R,NA,R,NA,NA,SRR3170775
patric,SAMN04491441,470.7849,train,NA,NA,NA,NA,NA,NA,R,R,NA,R,NA,NA,SRR3170776
patric,SAMN04491442,470.7869,test,NA,NA,NA,NA,NA,NA,NA,R,NA,R,NA,NA,SRR3170777
patric,SAMN04491443,470.7883,test,S,NA,NA,NA,NA,NA,NA,R,NA,R,NA,NA,SRR3170778
patric,SAMN04491444,470.7918,train,R,S,NA,NA,NA,NA,R,R,R,R,NA,NA,SRR3170779
patric,SAMN04491445,470.7933,train,R,S,NA,NA,NA,NA,NA,R,NA,R,NA,NA,SRR3170780
patric,SAMN04491446,470.7936,train,R,NA,NA,NA,NA,NA,R,R,NA,R,NA,NA,SRR3170781
patric,SAMN04491447,470.7954,train,R,R,R,NA,NA,NA,R,R,NA,R,NA,NA,SRR3170782
patric,SAMN04491448,470.7962,train,R,NA,NA,NA,NA,NA,R,R,NA,R,NA,NA,SRR3170783
patric,SAMN04491449,470.7965,train,R,NA,NA,NA,NA,NA,R,R,NA,R,NA,NA,SRR3170784
patric,SAMN04491451,470.7982,test,S,NA,NA,NA,NA,NA,NA,R,NA,R,S,NA,SRR3170786
patric,SAMN04491453,470.7991,train,R,NA,NA,NA,NA,NA,R,R,NA,R,NA,NA,SRR3170788
patric,SAMN04491454,470.8007,train,R,NA,NA,NA,NA,S,NA,R,NA,R,S,NA,SRR3170789
patric,SAMN04515390,470.7444,train,S,NA,R,R,NA,R,R,S,NA,R,S,R,SRR3217321
patric,SAMN04515391,470.7456,train,S,S,S,S,NA,S,S,S,NA,S,S,S,SRR3217267
patric,SAMN04515392,470.7475,train,R,NA,R,R,NA,R,R,S,NA,R,S,R,SRR3217322
patric,SAMN04515395,470.7604,test,R,S,R,R,NA,R,R,NA,NA,R,R,R,SRR3217268
patric,SAMN04515397,470.7625,test,R,S,R,R,NA,R,R,NA,NA,R,R,R,SRR3217269
patric,SAMN04515400,470.7662,test,R,S,R,R,NA,R,R,NA,NA,R,R,R,SRR3217325
patric,SAMN04515401,470.7672,train,S,S,R,R,NA,R,R,NA,NA,R,R,R,SRR3216436
patric,SAMN04515403,470.7699,test,R,S,R,R,NA,R,R,NA,NA,R,R,R,SRR3217329
patric,SAMN04515404,470.771,train,R,S,R,R,NA,R,R,NA,NA,R,R,R,SRR3217330
patric,SAMN04515405,470.7722,train,R,S,S,R,NA,R,R,NA,NA,R,R,R,SRR3217272
patric,SAMN04515406,470.7735,test,S,S,R,R,NA,R,R,NA,NA,R,R,R,SRR3217331
patric,SAMN04515407,470.7749,train,S,NA,R,R,NA,R,S,NA,NA,S,R,R,SRR3216437
patric,SAMN04515408,470.7775,test,R,S,R,R,NA,R,R,NA,NA,R,R,R,SRR3217332
patric,SAMN04515791,470.7474,train,S,NA,R,R,NA,R,R,S,NA,R,S,R,SRR3217389
patric,SAMN04515793,470.7591,train,R,NA,R,R,NA,R,R,NA,NA,R,R,R,SRR3217391
patric,SAMN04515794,470.7602,train,S,S,R,R,NA,R,R,NA,NA,R,R,R,SRR3217392
patric,SAMN04515797,470.7649,test,R,S,R,R,NA,R,R,NA,NA,R,R,R,SRR3217395
patric,SAMN04515799,470.7671,test,R,S,R,R,NA,R,R,NA,NA,R,R,R,SRR3217397
patric,SAMN04515801,470.7698,test,R,S,R,R,NA,R,R,NA,NA,R,R,R,SRR3217399
patric,SAMN04515803,470.7721,test,R,S,R,R,NA,R,R,NA,NA,R,R,R,SRR3217401
patric,SAMN04515804,470.7734,train,R,NA,R,R,NA,R,R,NA,NA,R,R,R,SRR3217402
patric,SAMN04515805,470.7746,test,S,S,R,R,NA,R,R,NA,NA,R,R,R,SRR3217403
patric,SAMN04515807,470.7772,train,S,S,S,S,NA,S,S,NA,NA,S,S,S,SRR3217405
patric,SAMN04515808,470.7791,train,S,S,S,S,NA,S,S,NA,NA,S,S,S,SRR3217406
patric,SAMN04515809,470.7815,train,S,NA,R,R,NA,R,R,NA,NA,R,R,S,SRR3217407
patric,SAMN04525190,470.7948,test,S,S,R,R,NA,R,R,NA,NA,R,R,R,SRR3197590
patric,SAMN04525192,470.7961,train,R,NA,R,R,NA,R,S,NA,NA,S,R,R,SRR3197592
patric,SAMN04525195,470.7988,test,R,S,R,R,NA,R,R,NA,NA,R,R,R,SRR3197595
patric,SAMN04525199,470.7999,train,S,NA,R,R,NA,R,S,NA,NA,R,R,S,SRR3197599
patric,SAMN04525202,470.8025,train,S,S,S,S,NA,S,S,NA,NA,S,S,S,SRR3197603
patric,SAMN04525203,470.8029,test,R,S,R,R,NA,R,R,NA,NA,R,R,S,SRR3197604
patric,SAMN04525204,470.8033,train,S,NA,R,R,NA,R,R,NA,NA,R,S,R,SRR3197605
patric,SAMN04525206,470.8048,test,R,S,R,R,NA,R,R,NA,NA,R,R,R,SRR3197607
patric,SAMN04525207,470.8054,train,S,S,R,R,NA,R,R,NA,NA,R,R,R,SRR3197608
patric,SAMN04525208,470.8062,train,R,NA,R,R,NA,R,R,S,NA,R,R,R,SRR3197609
patric,SAMN04525209,470.8067,test,R,S,R,S,NA,R,S,S,NA,S,R,R,SRR3197610
patric,SAMN04544429,470.759,train,S,S,R,R,NA,R,S,NA,NA,R,R,R,SRR3216439
patric,SAMN04544430,470.7648,test,R,S,R,R,NA,R,R,NA,NA,R,R,R,SRR3216440
patric,SAMN04544431,470.7659,train,R,NA,R,R,NA,R,R,NA,NA,R,S,R,SRR3216441
patric,SAMN04544432,470.7697,train,R,NA,R,R,NA,R,R,NA,NA,R,R,R,SRR3216442
patric,SAMN04545389,470.7487,test,R,R,R,R,NA,R,R,S,NA,R,R,R,SRR3218381
patric,SAMN04545390,470.7543,train,R,NA,R,R,NA,R,R,S,NA,R,R,R,SRR3218382
patric,SAMN04545393,470.7863,test,R,S,R,R,NA,R,R,NA,NA,R,R,R,SRR3218385
patric,SAMN04545394,470.7877,train,R,NA,R,R,NA,R,R,NA,NA,R,R,R,SRR3218386
patric,SAMN04545396,470.7898,train,S,NA,R,R,NA,R,R,NA,NA,R,S,R,SRR3218388
patric,SAMN04545397,470.7907,train,S,NA,R,R,NA,R,R,NA,NA,R,S,R,SRR3218389
patric,SAMN04545398,470.7916,test,R,S,R,R,NA,R,R,NA,NA,R,R,R,SRR3218390
patric,SAMN04545400,470.7941,train,S,NA,R,R,NA,R,R,NA,NA,R,S,R,SRR3218392
patric,SAMN04545401,470.7952,train,S,NA,R,R,NA,R,R,NA,NA,R,S,R,SRR3218393
patric,SAMN04545403,470.7973,train,R,NA,R,R,NA,R,R,NA,NA,R,R,R,SRR3218395
patric,SAMN04545404,470.7987,test,R,S,R,R,NA,R,R,NA,NA,R,R,R,SRR3218396
patric,SAMN04545405,470.8003,test,R,S,R,R,NA,R,R,NA,NA,R,R,R,SRR3218397
patric,SAMN04545407,470.8027,train,S,S,S,S,NA,S,S,NA,NA,S,S,S,SRR3218399
patric,SAMN04545409,470.8053,train,S,R,R,R,NA,R,S,NA,NA,R,R,R,SRR3218401
patric,SAMN04545410,470.8066,train,R,NA,R,R,NA,R,R,S,NA,R,R,R,SRR3218402
patric,SAMN04546717,470.7454,test,R,S,R,R,NA,R,R,S,NA,R,R,R,SRR3222485
patric,SAMN04546718,470.7472,train,S,S,S,S,NA,S,S,S,NA,S,S,S,SRR3222486
patric,SAMN04546719,470.7486,test,R,S,R,R,NA,R,R,S,NA,R,R,R,SRR3222487
patric,SAMN04546722,470.7622,test,S,S,R,R,NA,R,R,NA,NA,R,R,R,SRR3222490
patric,SAMN04546723,470.7633,train,S,S,S,S,NA,R,S,NA,NA,S,R,S,SRR3222491
patric,SAMN04546724,470.7683,test,S,S,R,R,NA,R,R,NA,NA,R,R,R,SRR3222492
patric,SAMN04546726,470.7719,test,R,S,R,R,NA,R,R,NA,NA,R,R,S,SRR3222494
patric,SAMN04546731,470.8091,test,R,S,R,R,NA,R,R,NA,NA,R,R,R,SRR3222499
patric,SAMN04547088,470.7488,train,S,S,S,S,NA,S,S,S,NA,S,S,S,SRR3223161
patric,SAMN04547089,470.7527,test,R,S,R,R,NA,R,R,S,NA,R,R,R,SRR3223162
patric,SAMN04547090,470.7544,train,R,NA,R,R,NA,R,R,S,NA,R,R,R,SRR3223163
patric,SAMN04547091,470.7557,test,S,S,S,S,NA,S,S,S,NA,S,S,S,SRR3223164
patric,SAMN04547093,470.7864,train,S,NA,R,R,NA,R,R,NA,NA,R,S,R,SRR3223166
patric,SAMN04547094,470.7878,train,R,NA,R,R,NA,R,R,NA,NA,R,R,R,SRR3223167
patric,SAMN04547097,470.7908,train,S,NA,R,R,NA,R,R,NA,NA,R,R,S,SRR3223170
patric,SAMN04547100,470.7953,test,S,S,R,R,NA,R,R,NA,NA,R,R,R,SRR3223173
patric,SAMN04547101,470.7964,train,R,NA,R,R,NA,R,R,NA,NA,R,S,R,SRR3223174
patric,SAMN04547102,470.7974,train,S,NA,R,R,NA,R,R,NA,NA,R,S,R,SRR3223175
patric,SAMN04547104,470.8004,train,S,NA,R,R,NA,R,S,NA,NA,R,R,S,SRR3223177
patric,SAMN04547105,470.8016,train,S,NA,R,R,NA,R,R,NA,NA,R,S,R,SRR3223178
patric,SAMN04547106,470.8042,train,S,NA,R,R,NA,R,R,NA,NA,R,S,R,SRR3223179
patric,SAMN04547107,470.8068,train,R,S,R,S,NA,R,S,R,NA,S,R,R,SRR3223180
patric,SAMN04549256,470.7528,train,S,R,R,S,NA,R,S,S,NA,NA,R,R,SRR3223466
patric,SAMN04549257,470.7545,train,S,R,R,R,NA,R,S,S,NA,R,R,R,SRR3223467
patric,SAMN04549259,470.7841,train,R,NA,R,R,NA,R,R,NA,NA,R,R,R,SRR3223469
patric,SAMN04549260,470.7865,train,S,S,S,S,NA,S,S,NA,NA,S,S,S,SRR3223470
patric,SAMN04549262,470.7891,train,S,NA,R,R,NA,R,R,NA,NA,S,R,R,SRR3223472
patric,SAMN04549266,470.7943,train,S,NA,R,R,NA,R,R,NA,NA,R,S,R,SRR3223476
patric,SAMN04549268,470.7966,train,R,NA,R,R,NA,R,R,NA,NA,R,R,R,SRR3223478
patric,SAMN04549269,470.7976,train,S,S,S,S,NA,S,S,NA,NA,S,S,S,SRR3223479
patric,SAMN04549271,470.8018,train,S,S,S,R,NA,S,R,NA,NA,R,S,R,SRR3223481
patric,SAMN04549272,470.8028,test,S,S,S,R,NA,R,R,NA,NA,S,R,S,SRR3223482
patric,SAMN04549302,470.7842,train,R,NA,R,R,NA,R,R,NA,NA,R,R,R,SRR3223552
patric,SAMN04549305,470.7903,test,R,S,R,R,NA,R,R,NA,NA,R,R,R,SRR3223555
patric,SAMN04549306,470.7909,train,S,NA,R,R,NA,R,R,NA,NA,R,S,R,SRR3223556
patric,SAMN04549307,470.7919,train,S,NA,R,R,NA,R,R,NA,NA,R,R,R,SRR3223557
patric,SAMN04549310,470.7967,test,R,S,R,R,NA,R,R,NA,NA,R,R,R,SRR3223560
patric,SAMN04549312,470.7993,train,S,NA,R,R,NA,R,R,NA,NA,R,S,R,SRR3223562
patric,SAMN04549314,470.8019,train,S,NA,R,R,NA,R,R,NA,NA,R,S,R,SRR3223564
patric,SAMN04549497,470.7414,test,R,R,R,R,NA,R,R,NA,NA,R,R,R,SRR3223910
patric,SAMN04549499,470.7531,train,S,NA,R,R,NA,R,S,S,NA,S,R,R,SRR3223912
patric,SAMN04549500,470.7547,train,S,S,S,S,NA,S,S,S,NA,R,S,S,SRR3223913
patric,SAMN04549502,470.7868,train,S,NA,R,R,NA,R,R,NA,NA,R,S,R,SRR3223915
patric,SAMN04549504,470.7893,test,R,S,R,R,NA,R,R,NA,NA,R,R,R,SRR3223917
patric,SAMN04549507,470.7921,train,R,NA,R,R,NA,R,S,NA,NA,S,R,R,SRR3223920
patric,SAMN04549508,470.7934,test,R,S,R,R,NA,R,R,NA,NA,R,R,R,SRR3223921
patric,SAMN04549509,470.7944,train,S,NA,R,R,NA,R,R,NA,NA,R,S,R,SRR3223922
patric,SAMN04549510,470.7968,train,S,NA,R,R,NA,R,R,NA,NA,R,S,R,SRR3223923
patric,SAMN04549511,470.7978,train,S,S,S,R,NA,R,R,NA,NA,S,R,R,SRR3223924
patric,SAMN04549512,470.7994,test,S,S,R,R,NA,R,R,NA,NA,R,R,S,SRR3223925
patric,SAMN04549514,470.8032,train,S,S,R,R,NA,S,R,NA,NA,R,S,R,SRR3223927
patric,SAMN04549516,470.8057,test,R,S,R,R,NA,R,R,NA,NA,R,R,R,SRR3223929
patric,SAMN04549546,470.7494,train,S,NA,R,R,NA,R,R,S,NA,R,S,S,SRR3224227
patric,SAMN04549547,470.7532,train,S,NA,R,R,NA,R,R,S,NA,R,S,R,SRR3224228
patric,SAMN04549550,470.7882,train,S,NA,R,R,NA,R,R,NA,NA,R,S,R,SRR3224231
patric,SAMN04549551,470.7894,train,S,NA,R,R,NA,R,R,NA,NA,R,S,R,SRR3224232
patric,SAMN04549552,470.7911,test,R,S,R,R,NA,R,R,NA,NA,R,R,R,SRR3224233
patric,SAMN04549553,470.7922,train,S,S,S,S,NA,S,S,NA,NA,S,S,S,SRR3224234
patric,SAMN04549555,470.7945,test,S,NA,S,R,NA,R,S,NA,NA,R,S,R,SRR3224236
patric,SAMN04549557,470.7969,train,S,NA,R,R,NA,R,R,NA,NA,R,S,R,SRR3224238
patric,SAMN04549559,470.8009,train,S,S,S,S,NA,S,S,NA,NA,S,S,S,SRR3224240
patric,SAMN04549560,470.8021,train,S,NA,R,R,NA,S,R,NA,NA,R,S,S,SRR3224241
patric,SAMN04549562,470.8046,train,S,NA,R,R,NA,R,R,NA,NA,R,S,R,SRR3224243
patric,SAMN04549563,470.8058,test,S,S,R,R,NA,R,R,NA,NA,R,R,R,SRR3224244
patric,SAMN04549825,470.7496,test,S,S,R,R,NA,R,R,S,NA,R,R,R,SRR3224794
patric,SAMN04549827,470.755,train,R,NA,R,R,NA,R,R,S,NA,R,R,R,SRR3224796
patric,SAMN04549828,470.7853,train,R,NA,R,R,NA,R,S,NA,NA,S,R,R,SRR3224797
patric,SAMN04549830,470.7886,test,R,S,R,R,NA,R,R,NA,NA,R,R,R,SRR3224799
patric,SAMN04549831,470.7896,train,S,R,R,R,NA,R,R,NA,NA,R,S,NA,SRR3224800
patric,SAMN04549832,470.7905,test,S,NA,S,R,NA,R,S,NA,NA,R,S,R,SRR3224801
patric,SAMN04549834,470.7924,train,S,NA,R,R,NA,R,R,NA,NA,R,S,R,SRR3224803
patric,SAMN04549835,470.7938,train,S,NA,R,R,NA,R,R,NA,NA,R,S,R,SRR3224804
patric,SAMN04549837,470.7972,train,R,NA,R,R,NA,R,R,NA,NA,R,R,R,SRR3224805
patric,SAMN04549840,470.8011,train,R,NA,R,R,NA,R,R,NA,NA,R,S,R,SRR3224808
patric,SAMN04549842,470.8036,train,S,NA,R,R,NA,R,R,NA,NA,R,S,R,SRR3224810
patric,SAMN04549844,470.8061,train,S,NA,R,R,NA,R,R,S,NA,R,S,S,SRR3224812
patric,SAMN04549866,470.7495,test,R,R,R,R,NA,R,R,S,NA,R,R,R,SRR3224984
patric,SAMN04549867,470.7535,test,S,S,R,R,NA,R,R,S,NA,R,R,R,SRR3224985
patric,SAMN04549868,470.7548,train,R,NA,R,R,NA,R,R,S,NA,R,R,R,SRR3224986
patric,SAMN04549869,470.7851,train,R,NA,R,R,NA,R,R,NA,NA,R,R,R,SRR3224987
patric,SAMN04549871,470.7885,test,S,S,S,S,NA,R,S,NA,NA,R,R,R,SRR3224989
patric,SAMN04549872,470.7895,train,S,NA,R,R,NA,R,R,NA,NA,R,S,R,SRR3224990
patric,SAMN04549874,470.7923,train,S,NA,R,R,NA,R,R,NA,NA,R,S,R,SRR3224992
patric,SAMN04549875,470.7937,test,S,S,S,R,NA,S,S,NA,NA,R,S,S,SRR3224993
patric,SAMN04549878,470.7971,train,S,NA,R,R,NA,R,R,NA,NA,R,S,R,SRR3224996
patric,SAMN04549879,470.7981,test,R,S,R,R,NA,R,R,NA,NA,R,R,R,SRR3224997
patric,SAMN04549880,470.7997,train,S,S,R,R,NA,R,S,NA,NA,R,R,R,SRR3224998
patric,SAMN04549884,470.8049,test,R,S,R,R,NA,R,R,NA,NA,R,R,S,SRR3225002
patric,SAMN04550075,470.7428,train,S,NA,R,R,NA,R,R,S,NA,R,S,R,SRR3225041
patric,SAMN04550076,470.7497,train,S,S,S,S,NA,S,S,S,NA,S,S,S,SRR3225042
patric,SAMN04550078,470.7552,train,S,S,S,S,NA,S,S,S,NA,R,S,S,SRR3225044
patric,SAMN04550082,470.7887,train,S,S,S,S,NA,S,S,NA,NA,S,S,S,SRR3225048
patric,SAMN04550085,470.7914,train,S,NA,R,R,NA,R,R,NA,NA,R,S,R,SRR3225051
patric,SAMN04550086,470.7925,train,S,NA,R,R,NA,R,R,NA,NA,R,S,R,SRR3225052
patric,SAMN04550092,470.8012,test,S,S,R,R,NA,R,R,NA,NA,R,R,R,SRR3225058
patric,SAMN04550093,470.8037,train,R,NA,R,R,NA,R,S,NA,NA,S,R,R,SRR3225059
patric,SAMN04550105,470.7429,train,S,S,S,S,NA,R,S,S,NA,R,R,R,SRR3225230
patric,SAMN04550107,470.7541,train,R,NA,R,R,NA,R,R,S,NA,R,R,R,SRR3225232
patric,SAMN04550108,470.7553,test,S,S,S,S,NA,R,S,S,NA,R,R,S,SRR3225233
patric,SAMN04550110,470.7859,train,S,S,R,S,NA,R,S,NA,NA,R,R,R,SRR3225235
patric,SAMN04550111,470.7876,train,S,S,S,S,NA,S,S,NA,NA,S,S,S,SRR3225236
patric,SAMN04550112,470.7888,train,S,NA,R,R,NA,R,R,NA,NA,R,S,R,SRR3225237
patric,SAMN04550113,470.7899,train,S,NA,R,R,NA,R,R,NA,NA,S,R,R,SRR3225238
patric,SAMN04550114,470.7915,train,R,NA,R,R,NA,R,R,NA,NA,R,S,R,SRR3225240
patric,SAMN04550115,470.7926,test,S,NA,S,R,NA,R,S,NA,NA,R,S,R,SRR3225241
patric,SAMN04550117,470.7951,test,R,R,R,R,NA,R,S,NA,NA,R,R,R,SRR3225243
patric,SAMN04550118,470.7986,train,S,S,S,R,NA,R,R,NA,NA,S,R,R,SRR3225244
patric,SAMN04550119,470.8002,train,S,NA,R,R,NA,R,R,NA,NA,R,S,R,SRR3225245
patric,SAMN04550123,470.8052,train,S,NA,R,R,NA,R,R,NA,NA,R,S,R,SRR3225249
patric,SAMN04550124,470.8064,test,S,S,R,R,NA,R,R,S,NA,R,R,R,SRR3225250
patric,SAMN04555175,470.7465,test,R,S,R,R,NA,R,R,S,NA,R,R,R,SRR3226989
patric,SAMN04555176,470.748,train,S,NA,R,R,NA,R,R,S,NA,R,S,R,SRR3226990
patric,SAMN04555179,470.7618,test,R,S,R,R,NA,R,R,NA,NA,R,R,R,SRR3226993
patric,SAMN04555181,470.7642,test,R,S,R,R,NA,R,R,NA,NA,R,R,R,SRR3226995
patric,SAMN04555184,470.7677,train,S,NA,R,R,NA,R,R,NA,NA,R,S,R,SRR3226998
patric,SAMN04555185,470.7692,test,S,R,R,R,NA,R,R,NA,NA,R,R,R,SRR3226999
patric,SAMN04555188,470.7729,test,R,S,R,R,NA,R,R,NA,NA,R,R,R,SRR3227002
patric,SAMN04555191,470.7803,train,R,NA,R,R,NA,R,R,NA,NA,R,R,R,SRR3227005
patric,SAMN04555192,470.8078,train,S,S,R,R,NA,R,R,R,NA,R,S,R,SRR3227006
patric,SAMN04555193,470.7433,test,S,S,S,S,NA,S,S,S,NA,S,S,S,SRR3227007
patric,SAMN04555194,470.745,train,S,NA,R,R,NA,R,R,S,NA,R,S,R,SRR3227008
patric,SAMN04555195,470.7468,test,S,R,R,R,NA,R,R,S,NA,R,R,R,SRR3227009
patric,SAMN04555198,470.7609,test,S,S,R,R,NA,R,R,NA,NA,R,R,R,SRR3227012
patric,SAMN04555205,470.7704,test,R,S,R,R,NA,R,R,NA,NA,R,R,R,SRR3227019
patric,SAMN04555207,470.773,train,S,NA,R,R,NA,R,R,NA,NA,R,S,R,SRR3227021
patric,SAMN04555209,470.7755,train,S,S,R,R,NA,R,R,NA,NA,R,S,R,SRR3227023
patric,SAMN04555210,470.7765,train,R,NA,R,R,NA,R,R,NA,NA,R,S,R,SRR3227024
patric,SAMN04555211,470.7783,train,R,NA,R,R,NA,R,R,NA,NA,R,R,R,SRR3227025
patric,SAMN04555212,470.7804,train,R,NA,R,R,NA,R,R,NA,NA,R,S,R,SRR3227026
patric,SAMN04555214,470.7438,train,S,S,S,S,NA,S,S,S,NA,R,S,R,SRR3227028
patric,SAMN04555216,470.7471,train,S,S,S,S,NA,S,S,S,NA,S,S,S,SRR3227030
patric,SAMN04555217,470.7483,test,R,S,R,R,NA,R,R,S,NA,R,R,R,SRR3227031
patric,SAMN04555220,470.7611,test,R,S,R,R,NA,R,R,NA,NA,R,R,R,SRR3227034
patric,SAMN04555221,470.7621,test,R,S,R,R,NA,R,R,NA,NA,R,R,R,SRR3227035
patric,SAMN04555223,470.7647,test,R,S,R,R,NA,R,R,NA,NA,R,R,R,SRR3227037
patric,SAMN04555224,470.7658,train,S,NA,R,R,NA,R,R,NA,NA,R,S,R,SRR3227038
patric,SAMN04555226,470.7696,train,S,NA,R,R,NA,R,R,NA,NA,R,S,R,SRR3227040
patric,SAMN04555233,470.7787,test,R,S,R,R,NA,R,R,NA,NA,R,R,S,SRR3227047
patric,SAMN04555234,470.8089,test,R,S,R,R,NA,R,R,NA,NA,R,R,R,SRR3227048
patric,SAMN04555289,470.7434,train,S,NA,R,R,NA,R,R,S,NA,R,S,R,SRR3228473
patric,SAMN04555290,470.7451,train,S,NA,R,R,NA,R,R,S,NA,R,S,R,SRR3228474
patric,SAMN04555292,470.7482,train,R,NA,R,R,NA,R,R,S,NA,R,S,R,SRR3228476
patric,SAMN04555294,470.7599,train,R,NA,R,R,NA,R,R,NA,NA,R,R,R,SRR3228478
patric,SAMN04555295,470.761,train,R,NA,R,R,NA,R,R,NA,NA,R,R,R,SRR3228479
patric,SAMN04555297,470.763,train,R,S,R,R,NA,R,R,NA,NA,R,R,R,SRR3228481
patric,SAMN04555300,470.7682,test,S,S,R,R,NA,R,R,NA,NA,R,R,R,SRR3228488
patric,SAMN04555302,470.7705,test,R,S,R,R,NA,R,R,NA,NA,R,R,R,SRR3228490
patric,SAMN04555303,470.7716,train,R,S,S,R,NA,R,R,NA,NA,R,R,R,SRR3228491
patric,SAMN04555304,470.7731,train,R,NA,R,R,NA,R,R,NA,NA,R,R,R,SRR3228492
patric,SAMN04555306,470.7756,test,R,S,R,R,NA,R,R,NA,NA,R,R,R,SRR3228494
patric,SAMN04555307,470.7766,train,R,NA,R,R,NA,R,R,NA,NA,R,S,R,SRR3228495
patric,SAMN04555308,470.7785,test,R,S,R,R,NA,R,R,NA,NA,R,R,S,SRR3228496
patric,SAMN04555309,470.7812,test,R,S,R,R,NA,R,R,NA,NA,R,R,S,SRR3228497
patric,SAMN04555310,470.8088,test,R,S,R,R,NA,R,R,NA,NA,R,R,R,SRR3228498
patric,SAMN04555479,470.7445,train,S,S,R,S,NA,R,S,S,NA,R,R,R,SRR3228533
patric,SAMN04555481,470.7476,train,R,S,R,R,NA,R,R,S,NA,R,R,R,SRR3228535
patric,SAMN04555482,470.7564,test,R,S,R,R,NA,R,R,S,NA,S,R,S,SRR3228536
patric,SAMN04555483,470.7594,test,S,S,S,S,NA,R,S,NA,NA,R,R,S,SRR3228537
patric,SAMN04555485,470.7614,test,R,S,R,R,NA,R,R,NA,NA,R,R,R,SRR3228539
patric,SAMN04555486,470.7626,train,R,NA,R,R,NA,R,R,NA,NA,R,R,R,SRR3228540
patric,SAMN04555487,470.7639,train,R,NA,R,R,NA,R,R,NA,NA,R,R,R,SRR3228541
patric,SAMN04555489,470.7663,test,R,S,R,R,NA,R,R,NA,NA,R,R,NA,SRR3228543
patric,SAMN04555490,470.7673,train,R,S,S,R,NA,R,R,NA,NA,R,R,R,SRR3228544
patric,SAMN04555491,470.7686,train,R,NA,R,R,NA,R,R,NA,NA,R,R,R,SRR3228545
patric,SAMN04555494,470.7723,train,R,NA,R,R,NA,R,R,NA,NA,R,R,R,SRR3228548
patric,SAMN04555495,470.7736,train,S,S,S,S,NA,S,S,NA,NA,S,S,S,SRR3228549
patric,SAMN04555498,470.7776,train,R,NA,R,R,NA,R,R,NA,NA,R,S,R,SRR3228552
patric,SAMN04555505,470.7596,train,R,NA,R,R,NA,R,R,NA,NA,R,S,R,SRR3228559
patric,SAMN04555507,470.7616,train,S,S,S,S,NA,S,S,NA,NA,S,S,S,SRR3228561
patric,SAMN04555508,470.7628,train,R,NA,R,R,NA,R,R,NA,NA,R,R,R,SRR3228562
patric,SAMN04555509,470.7641,train,S,NA,R,R,NA,R,R,NA,NA,R,S,R,SRR3228563
patric,SAMN04555513,470.7702,test,R,S,R,R,NA,R,R,NA,NA,R,R,R,SRR3228567
patric,SAMN04555514,470.7714,test,R,S,R,R,NA,R,R,NA,NA,R,R,R,SRR3228568
patric,SAMN04555516,470.7738,test,S,S,R,R,NA,R,R,NA,NA,R,R,R,SRR3228570
patric,SAMN04555517,470.7753,train,R,NA,R,R,NA,R,R,NA,NA,R,R,R,SRR3228571
patric,SAMN04555518,470.7764,test,R,S,R,R,NA,R,R,NA,NA,R,R,R,SRR3228572
patric,SAMN04568503,470.7458,train,S,S,S,S,NA,S,S,S,NA,S,S,R,SRR3242034
patric,SAMN04568505,470.7565,train,S,NA,R,S,NA,R,S,S,NA,S,S,R,SRR3242036
patric,SAMN04568506,470.7593,test,R,S,R,R,NA,R,R,NA,NA,R,R,R,SRR3242037
patric,SAMN04568508,470.7615,train,S,S,R,S,NA,R,S,NA,NA,S,R,R,SRR3242039
patric,SAMN04568510,470.764,train,R,S,R,R,NA,R,R,NA,NA,R,R,R,SRR3242041
patric,SAMN04568511,470.7652,test,R,S,R,R,NA,R,R,NA,NA,R,R,R,SRR3242042
patric,SAMN04568512,470.7664,test,R,S,R,R,NA,R,R,NA,NA,R,R,R,SRR3242043
patric,SAMN04568513,470.7674,test,S,S,R,S,NA,R,S,NA,NA,R,R,R,SRR3242044
patric,SAMN04568514,470.7687,train,S,S,R,R,NA,R,S,NA,NA,S,R,S,SRR3242045
patric,SAMN04568515,470.7701,train,S,S,R,R,NA,R,S,NA,NA,R,S,S,SRR3242046
patric,SAMN04568516,470.7712,test,R,S,R,R,NA,R,R,NA,NA,R,R,R,SRR3242047
patric,SAMN04568517,470.7725,test,R,S,R,R,NA,R,R,NA,NA,R,R,R,SRR3242048
patric,SAMN04568518,470.7737,train,R,NA,R,R,NA,R,R,NA,NA,R,R,R,SRR3242049
patric,SAMN04568519,470.7752,test,R,S,R,R,NA,R,R,NA,NA,R,R,R,SRR3242050
patric,SAMN04568521,470.7801,train,R,NA,R,R,NA,R,R,NA,NA,R,R,R,SRR3242052
patric,SAMN04901663,470.7374,train,R,R,R,R,R,R,R,R,R,R,R,R,SRR4417569
patric,SAMN04901664,470.7375,train,S,R,R,R,R,R,R,R,R,R,S,R,SRR4417570
patric,SAMN04901667,470.7377,train,S,R,R,R,R,R,R,R,R,R,R,R,SRR4417608
patric,SAMN04901668,470.7378,train,R,R,R,R,R,R,R,R,R,R,R,R,SRR4417610
patric,SAMN04901669,470.7379,train,R,R,R,R,R,R,R,R,R,R,R,R,SRR4417611
patric,SAMN04901670,470.738,train,S,R,R,R,R,R,R,S,R,R,S,R,SRR4417612
patric,SAMN04901671,470.7381,train,S,R,R,R,R,R,R,R,R,R,S,R,SRR4417613
patric,SAMN04901672,470.7382,train,R,R,R,R,R,R,R,R,R,R,R,R,SRR4417614
patric,SAMN04901673,470.7383,train,R,R,R,R,R,R,R,R,R,R,R,R,SRR4417571
patric,SAMN04901674,470.7384,train,R,R,R,R,R,R,R,R,R,R,R,R,SRR4417572
patric,SAMN04901675,470.7385,train,R,R,R,R,R,R,R,R,R,R,R,R,SRR4417573
patric,SAMN04901676,470.7386,train,R,R,R,R,R,R,R,R,R,R,R,R,SRR4417574
patric,SAMN04901677,470.7387,train,R,R,R,R,R,S,R,R,R,R,R,R,SRR4417575
patric,SAMN04901678,470.7388,train,R,R,R,R,R,R,R,R,R,R,R,R,SRR4417577
patric,SAMN04901679,470.7389,train,R,R,R,R,R,R,R,R,R,R,R,R,SRR4417578
patric,SAMN04901681,470.7391,train,R,R,R,R,R,R,R,R,R,R,R,R,SRR4417581
patric,SAMN04901682,470.7392,train,R,R,R,R,R,R,R,R,R,R,R,S,SRR4417582
patric,SAMN04901683,470.7393,train,R,R,R,R,R,R,R,R,R,R,R,S,SRR4417585
patric,SAMN04901684,470.7394,train,R,R,R,R,R,R,R,R,R,R,S,R,SRR4417586
patric,SAMN04901685,470.7395,train,S,R,R,R,R,S,R,R,R,R,S,R,SRR4417587
patric,SAMN04901686,470.7396,test,R,R,R,R,R,R,R,R,R,R,R,R,SRR4417589
patric,SAMN04901687,470.7397,train,R,R,R,R,R,R,R,R,R,R,R,R,SRR4417590
patric,SAMN04901688,470.7398,train,R,R,R,R,R,R,R,R,R,R,R,R,SRR4417591
patric,SAMN04901689,470.7399,train,R,R,R,R,R,R,R,R,R,R,R,R,SRR4417592
patric,SAMN04901691,470.7401,train,R,R,R,R,R,R,R,R,R,R,R,R,SRR4417594
patric,SAMN04901692,470.7402,train,R,R,R,R,R,R,R,R,R,R,R,R,SRR4417595
patric,SAMN04901693,470.7403,train,R,R,R,R,R,R,R,R,R,R,R,R,SRR4417598
patric,SAMN04901694,470.7404,train,R,R,R,R,R,R,R,R,R,R,R,R,SRR4417599
patric,SAMN04901695,470.7405,train,R,R,R,R,R,R,R,R,R,S,R,R,SRR4417600
patric,SAMN04901696,470.7406,train,R,R,R,R,R,R,R,R,R,R,R,R,SRR4417601
patric,SAMN04901697,470.7407,train,R,R,R,R,R,R,R,R,R,R,R,R,SRR4417602
patric,SAMN04901698,470.7408,train,R,R,R,R,R,R,R,R,R,R,R,R,SRR4417603
patric,SAMN04901699,470.7409,train,R,R,R,R,R,R,R,R,R,R,R,R,SRR4417604
patric,SAMN04901700,470.741,train,R,R,R,R,R,R,R,R,R,R,R,R,SRR4417605
patric,SAMN04901701,470.7411,train,R,R,R,R,R,R,R,R,R,R,R,R,SRR4417606
patric,SAMN04901702,470.7412,test,S,R,R,R,R,R,R,R,R,R,R,R,SRR4417607
patric,SAMN04901703,470.7413,test,S,R,R,R,R,R,R,R,R,R,S,R,SRR4417609
patric,SAMN06007771,470.7343,train,NA,NA,NA,NA,R,S,NA,NA,NA,NA,S,R,SRR5120223
patric,SAMN06311521,470.7344,train,NA,NA,NA,NA,NA,NA,NA,NA,NA,NA,NA,S,SRR5237398
patric,SAMN06754729,470.7345,train,NA,NA,NA,NA,R,S,NA,NA,NA,NA,S,R,SRR5445925
patric,SAMN06754731,470.7346,train,NA,NA,NA,NA,R,S,NA,NA,NA,NA,S,R,SRR5445923
patric,SAMN06827876,470.3768,test,S,S,R,R,R,R,NA,R,R,NA,NA,NA,SRR5477434
patric,SAMN07410709,470.7347,train,NA,NA,NA,NA,R,S,NA,NA,NA,NA,S,R,SRR5862475
patric,SAMN07410719,470.7348,train,NA,NA,NA,NA,NA,R,NA,NA,NA,NA,S,R,SRR5862467
patric,SAMN07445113,470.8125,train,S,NA,R,R,R,R,NA,S,NA,NA,R,NA,SRR5891493
patric,SAMN07445113,470.8125,train,S,NA,R,R,R,R,NA,S,NA,NA,R,NA,SRR5891494
patric,SAMN07445114,470.8123,train,S,NA,R,R,R,R,NA,S,NA,NA,R,NA,SRR5891491
patric,SAMN07445115,470.8126,train,R,NA,R,R,R,R,NA,R,NA,NA,R,NA,SRR5891492
patric,SAMN07445116,470.8127,train,S,NA,R,R,R,R,NA,S,NA,NA,R,NA,SRR5891499
patric,SAMN07445118,470.8124,train,S,NA,R,R,R,R,NA,NA,NA,NA,R,NA,SRR5891487
patric,SAMN07445118,470.8124,train,S,NA,R,R,R,R,NA,NA,NA,NA,R,NA,SRR5891488
patric,SAMN07445119,470.8121,train,R,NA,R,R,R,R,NA,S,NA,NA,R,NA,SRR5891485
patric,SAMN07445120,470.8122,train,R,NA,R,R,R,R,NA,R,NA,NA,R,NA,SRR5891486
patric,SAMN07445123,470.8118,train,NA,NA,R,R,R,R,NA,R,NA,NA,R,NA,SRR5891481
patric,SAMN07445123,470.8118,train,NA,NA,R,R,R,R,NA,R,NA,NA,R,NA,SRR5891482
patric,SAMN07445124,470.8117,train,S,NA,R,R,R,R,NA,S,NA,NA,R,NA,SRR5891479
patric,SAMN07445126,470.8114,train,R,NA,R,R,R,R,NA,S,NA,NA,R,NA,SRR5891475
patric,SAMN07445127,470.8113,train,R,NA,R,R,R,R,NA,R,NA,NA,R,NA,SRR5891473
patric,SAMN07445127,470.8113,train,R,NA,R,R,R,R,NA,R,NA,NA,R,NA,SRR5891474
patric,SAMN07445128,470.8112,train,NA,NA,R,R,R,R,NA,R,NA,NA,R,NA,SRR5891472
patric,SAMN07445132,470.8116,train,S,NA,R,R,R,R,NA,S,NA,NA,R,NA,SRR5891477
patric,SAMN07450848,470.7349,train,NA,NA,NA,NA,R,S,NA,NA,NA,NA,S,R,SRR5901132
patric,SAMN10036071,470.7351,train,R,NA,NA,R,R,NA,NA,NA,R,NA,NA,NA,SRR7821051
patric,SAMN10036072,470.7352,train,R,NA,NA,R,R,NA,NA,NA,R,NA,NA,NA,SRR7821052
patric,SAMN10036073,470.7353,train,R,NA,NA,R,R,NA,NA,NA,R,NA,NA,NA,SRR7821049
patric,SAMN10036074,470.7354,train,R,NA,NA,R,R,NA,NA,NA,R,NA,NA,NA,SRR7821050
patric,SAMN10036075,470.7355,train,R,NA,NA,R,R,NA,NA,NA,R,NA,NA,NA,SRR7821055
patric,SAMN10036076,470.7356,train,R,NA,NA,R,R,NA,NA,NA,R,NA,NA,NA,SRR7821056
patric,SAMN10036077,470.7357,train,R,NA,NA,R,R,NA,NA,NA,R,NA,NA,NA,SRR7821053
patric,SAMN10036078,470.7358,train,R,NA,NA,R,R,NA,NA,NA,R,NA,NA,NA,SRR7821054
patric,SAMN10036079,470.7359,train,R,NA,NA,R,R,NA,NA,NA,R,NA,NA,NA,SRR7821057
patric,SAMN10036080,470.736,train,R,NA,NA,R,R,NA,NA,NA,R,NA,NA,NA,SRR7821058
patric,SAMN10036081,470.7361,train,R,NA,NA,R,R,NA,NA,NA,R,NA,NA,NA,SRR7821061
patric,SAMN10036082,470.7362,train,R,NA,NA,R,R,NA,NA,NA,R,NA,NA,NA,SRR7821062
patric,SAMN10036083,470.7363,train,R,NA,NA,R,R,NA,NA,NA,R,NA,NA,NA,SRR7821059
patric,SAMN10036084,470.7364,train,R,NA,NA,R,R,NA,NA,NA,R,NA,NA,NA,SRR7821060
patric,SAMN10036085,470.7365,train,R,NA,NA,R,R,NA,NA,NA,R,NA,NA,NA,SRR7821065
patric,SAMN10036086,470.7366,train,S,NA,NA,R,R,NA,NA,NA,R,NA,NA,NA,SRR7821066
patric,SAMN10036087,470.7367,train,R,NA,NA,R,R,NA,NA,NA,R,NA,NA,NA,SRR7821063
patric,SAMN10036088,470.7368,train,R,NA,NA,R,R,NA,NA,NA,R,NA,NA,NA,SRR7821064
patric,SAMN10036089,470.7369,train,S,NA,NA,R,R,NA,NA,NA,R,NA,NA,NA,SRR7821067
patric,SAMN10036091,470.7371,train,S,NA,NA,R,R,NA,NA,NA,R,NA,NA,NA,SRR7821071
patric,SAMN10036092,470.7372,train,S,NA,NA,R,R,NA,NA,NA,R,NA,NA,NA,SRR7821070
patric,SAMN10036093,470.7373,train,R,NA,NA,R,R,NA,NA,NA,R,NA,NA,NA,SRR7821069
