data_source,sample_name,isolate_name,fraction,AMI,AZT,CAZ,CIP,FEP,GEN,IMI,LEV,MER,PTZ,TOB,accession,run_accession
ndaro,SAMN04014895,PDT000167137.1,test,S,R,R,R,R,R,R,R,R,R,R,NA,SRR3112316
ndaro,SAMN04014895,PDT000167137.1,test,S,R,R,R,R,R,R,R,R,R,R,NA,SRR3886564
ndaro,SAMN04014895,PDT000167137.1,test,S,R,R,R,R,R,R,R,R,R,R,NA,SRR3886584
ndaro,SAMN04014905,PDT000167138.1,train,S,R,R,R,R,S,R,R,R,R,S,NA,SRR3290649
ndaro,SAMN04014905,PDT000167138.1,train,S,R,R,R,R,S,R,R,R,R,S,NA,SRR3666066
ndaro,SAMN04014931,PDT000167134.1,test,R,R,R,R,R,R,R,R,R,R,R,NA,SRR3112335
ndaro,SAMN04014931,PDT000167134.1,test,R,R,R,R,R,R,R,R,R,R,R,NA,SRR3886562
ndaro,SAMN04014931,PDT000167134.1,test,R,R,R,R,R,R,R,R,R,R,R,NA,SRR3886563
ndaro,SAMN04014931,PDT000167134.1,test,R,R,R,R,R,R,R,R,R,R,R,NA,SRR3886565
ndaro,SAMN04014933,PDT000167133.1,train,R,R,R,R,R,R,R,R,R,R,R,NA,SRR3112336
ndaro,SAMN04014933,PDT000167133.1,train,R,R,R,R,R,R,R,R,R,R,R,NA,SRR3666068
ndaro,SAMN04014935,PDT000167139.1,train,R,R,R,R,R,R,R,R,R,R,S,NA,SRR3112337
ndaro,SAMN04014935,PDT000167139.1,train,R,R,R,R,R,R,R,R,R,R,S,NA,SRR3886583
ndaro,SAMN04014936,PDT000294804.1,train,S,R,S,R,S,S,R,R,R,R,S,NA,SRR3242025
ndaro,SAMN04014936,PDT000294804.1,train,S,R,S,R,S,S,R,R,R,R,S,NA,SRR6818871
ndaro,SAMN04014936,PDT000294804.1,train,S,R,S,R,S,S,R,R,R,R,S,NA,SRR6818872
ndaro,SAMN04014936,PDT000294804.1,train,S,R,S,R,S,S,R,R,R,R,S,NA,SRR6818873
ndaro,SAMN04014936,PDT000294804.1,train,S,R,S,R,S,S,R,R,R,R,S,NA,SRR6818874
ndaro,SAMN04014936,PDT000294804.1,train,S,R,S,R,S,S,R,R,R,R,S,NA,SRR6818875
ndaro,SAMN04014941,PDT000167135.1,train,R,R,R,R,R,R,R,R,R,R,R,NA,SRR3112340
ndaro,SAMN04014941,PDT000167135.1,train,R,R,R,R,R,R,R,R,R,R,R,NA,SRR3666031
ndaro,SAMN04014944,PDT000167132.1,test,R,R,R,R,R,R,R,R,R,S,R,NA,SRR3112341
ndaro,SAMN04014944,PDT000167132.1,test,R,R,R,R,R,R,R,R,R,S,R,NA,SRR3666049
ndaro,SAMN04014946,PDT000167136.1,train,S,R,R,R,R,R,S,R,R,R,R,NA,SRR3112342
ndaro,SAMN04014946,PDT000167136.1,train,S,R,R,R,R,R,S,R,R,R,R,NA,SRR3666069
ndaro,SAMN04014951,PDT000331118.1,train,R,S,R,R,R,R,R,R,R,R,R,NA,SRR3112345
ndaro,SAMN04014951,PDT000331118.1,train,R,S,R,R,R,R,R,R,R,R,R,NA,SRR7252691
ndaro,SAMN04014952,PDT000380983.1,train,R,S,R,R,R,R,R,R,R,R,R,NA,SRR3112346
ndaro,SAMN04014952,PDT000380983.1,train,R,S,R,R,R,R,R,R,R,R,R,NA,SRR7818938
ndaro,SAMN04901620,PDT000292996.1,train,R,S,R,R,R,R,R,R,R,R,R,NA,SRR4417531
ndaro,SAMN04901620,PDT000292996.1,train,R,S,R,R,R,R,R,R,R,R,R,NA,SRR6807658
ndaro,SAMN04901620,PDT000292996.1,train,R,S,R,R,R,R,R,R,R,R,R,NA,SRR6807659
ndaro,SAMN04901620,PDT000292996.1,train,R,S,R,R,R,R,R,R,R,R,R,NA,SRR6807660
ndaro,SAMN04901631,PDT000352616.1,test,R,R,R,R,R,R,R,R,R,R,R,NA,SRR5122324
ndaro,SAMN04901631,PDT000352616.1,test,R,R,R,R,R,R,R,R,R,R,R,NA,SRR6985658
ndaro,SAMN04901631,PDT000352616.1,test,R,R,R,R,R,R,R,R,R,R,R,NA,SRR6985659
ndaro,SAMN07291494,PDT000294808.1,train,R,R,R,R,R,R,R,R,R,R,R,NA,SRR6799221
ndaro,SAMN07291494,PDT000294808.1,train,R,R,R,R,R,R,R,R,R,R,R,NA,SRR6799222
ndaro,SAMN07291494,PDT000294808.1,train,R,R,R,R,R,R,R,R,R,R,R,NA,SRR6799223
ndaro,SAMN07291495,PDT000352617.1,test,S,R,R,R,R,S,R,R,R,R,S,NA,SRR6985662
ndaro,SAMN07291495,PDT000352617.1,test,S,R,R,R,R,S,R,R,R,R,S,NA,SRR6985663
ndaro,SAMN07291496,PDT000292995.1,test,R,R,R,R,R,R,R,R,R,R,R,NA,SRR6799371
ndaro,SAMN07291496,PDT000292995.1,test,R,R,R,R,R,R,R,R,R,R,R,NA,SRR6799372
ndaro,SAMN07291496,PDT000292995.1,test,R,R,R,R,R,R,R,R,R,R,R,NA,SRR6799373
ndaro,SAMN07291497,PDT000292994.1,train,S,R,R,R,R,R,R,R,R,R,R,NA,SRR6799375
ndaro,SAMN07291497,PDT000292994.1,train,S,R,R,R,R,R,R,R,R,R,R,NA,SRR6799376
ndaro,SAMN07291498,PDT000294805.1,train,S,R,R,R,R,S,R,R,R,R,S,NA,SRR6799377
ndaro,SAMN07291498,PDT000294805.1,train,S,R,R,R,R,S,R,R,R,R,S,NA,SRR6799378
ndaro,SAMN07291499,PDT000292997.1,train,S,R,R,S,R,R,R,S,R,R,R,NA,SRR6799380
ndaro,SAMN07291499,PDT000292997.1,train,S,R,R,S,R,R,R,S,R,R,R,NA,SRR6799381
ndaro,SAMN07291500,PDT000292998.1,train,R,R,R,R,R,R,R,R,R,R,R,NA,SRR6799382
ndaro,SAMN07291500,PDT000292998.1,train,R,R,R,R,R,R,R,R,R,R,R,NA,SRR6799383
ndaro,SAMN07291502,PDT000294806.1,train,S,R,R,R,R,S,R,R,R,R,S,NA,SRR6799387
ndaro,SAMN07291502,PDT000294806.1,train,S,R,R,R,R,S,R,R,R,R,S,NA,SRR6799388
ndaro,SAMN07291503,PDT000292993.1,train,S,R,R,S,R,S,R,S,R,R,S,NA,SRR6799389
ndaro,SAMN07291503,PDT000292993.1,train,S,R,R,S,R,S,R,S,R,R,S,NA,SRR6799390
ndaro,SAMN07291532,PDT000311293.1,test,R,S,R,R,R,R,R,R,R,S,R,NA,SRR6994985
ndaro,SAMN07291532,PDT000311293.1,test,R,S,R,R,R,R,R,R,R,S,R,NA,SRR6994986
ndaro,SAMN07291533,PDT000311294.1,train,S,R,R,R,R,S,R,R,R,R,S,NA,SRR6994987
ndaro,SAMN07291533,PDT000311294.1,train,S,R,R,R,R,S,R,R,R,R,S,NA,SRR6994988
ndaro,SAMN07291534,PDT000311290.1,train,S,R,R,R,R,R,R,R,R,R,R,NA,SRR6985679
ndaro,SAMN07291534,PDT000311290.1,train,S,R,R,R,R,R,R,R,R,R,R,NA,SRR6985680
ndaro,SAMN07291535,PDT000311292.1,train,S,R,R,R,R,R,R,R,R,R,R,NA,SRR6994989
ndaro,SAMN07291535,PDT000311292.1,train,S,R,R,R,R,R,R,R,R,R,R,NA,SRR6994990
ndaro,SAMN07291536,PDT000311295.1,train,S,R,R,R,R,R,R,R,R,R,R,NA,SRR6985681
ndaro,SAMN07291536,PDT000311295.1,train,S,R,R,R,R,R,R,R,R,R,R,NA,SRR6985682
ndaro,SAMN07291537,PDT000311289.1,train,R,R,R,R,R,R,R,R,R,R,R,NA,SRR6985683
ndaro,SAMN07291537,PDT000311289.1,train,R,R,R,R,R,R,R,R,R,R,R,NA,SRR6985684
ndaro,SAMN07291538,PDT000311291.1,test,R,R,R,R,R,R,R,R,R,R,R,NA,SRR6985685
ndaro,SAMN07291538,PDT000311291.1,test,R,R,R,R,R,R,R,R,R,R,R,NA,SRR6985686
ndaro,SAMN07291539,PDT000326660.1,test,S,R,R,R,R,S,R,R,R,R,S,NA,SRR6994991
ndaro,SAMN07291539,PDT000326660.1,test,S,R,R,R,R,S,R,R,R,R,S,NA,SRR6994992
ndaro,SAMN07291540,PDT000336705.1,test,S,S,S,S,S,S,R,S,S,S,S,NA,SRR6985731
ndaro,SAMN07291540,PDT000336705.1,test,S,S,S,S,S,S,R,S,S,S,S,NA,SRR6985732
ndaro,SAMN07291542,PDT000352615.1,test,S,R,R,R,R,R,R,R,R,R,R,NA,SRR6985689
ndaro,SAMN07291542,PDT000352615.1,test,S,R,R,R,R,R,R,R,R,R,R,NA,SRR6985690
ndaro,SAMN07291542,PDT000352615.1,test,S,R,R,R,R,R,R,R,R,R,R,NA,SRR6985691
ndaro,SAMN07291548,PDT000343386.1,train,S,R,R,R,R,S,R,R,R,R,S,NA,SRR6985695
ndaro,SAMN07291548,PDT000343386.1,train,S,R,R,R,R,S,R,R,R,R,S,NA,SRR6985696
ndaro,SAMN07291549,PDT000352614.1,train,S,R,R,R,R,S,R,R,R,R,S,NA,SRR6994997
ndaro,SAMN07291549,PDT000352614.1,train,S,R,R,R,R,S,R,R,R,R,S,NA,SRR6994998
ndaro,SAMN07291550,PDT000352613.1,train,S,R,R,R,R,S,R,R,R,R,R,NA,SRR6985697
ndaro,SAMN07291550,PDT000352613.1,train,S,R,R,R,R,S,R,R,R,R,R,NA,SRR6985698
ndaro,SAMN07291550,PDT000352613.1,train,S,R,R,R,R,S,R,R,R,R,R,NA,SRR6985699
ndaro,SAMN07291551,PDT000343390.1,test,S,R,R,S,R,R,R,R,S,R,S,NA,SRR6994999
ndaro,SAMN07291551,PDT000343390.1,test,S,R,R,S,R,R,R,R,S,R,S,NA,SRR6995000
ndaro,SAMN07291553,PDT000343385.1,train,R,R,R,R,R,R,R,R,R,R,R,NA,SRR6995003
ndaro,SAMN07291553,PDT000343385.1,train,R,R,R,R,R,R,R,R,R,R,R,NA,SRR6995004
ndaro,SAMN07602569,PDT000326681.1,train,S,R,R,R,NA,S,R,R,R,R,S,NA,SRR6037658
ndaro,SAMN07602569,PDT000326681.1,train,S,R,R,R,NA,S,R,R,R,R,S,NA,SRR6037663
kos_pa,SAMN03105380,AZPAE12135,train,S,NA,NA,NA,NA,NA,NA,S,S,NA,NA,JUAZ00000000,NA
kos_pa,SAMN03105381,AZPAE12136,train,S,NA,NA,NA,NA,NA,NA,R,S,NA,NA,JUAY00000000,NA
kos_pa,SAMN03105382,AZPAE12137,train,R,NA,NA,NA,NA,NA,NA,R,R,NA,NA,JUAX00000000,NA
kos_pa,SAMN03105383,AZPAE12138,train,R,NA,NA,NA,NA,NA,NA,R,S,NA,NA,JUAW00000000,NA
kos_pa,SAMN03105384,AZPAE12140,train,S,NA,NA,NA,NA,NA,NA,S,R,NA,NA,JUAV00000000,NA
kos_pa,SAMN03105385,AZPAE12142,train,R,NA,NA,NA,NA,NA,NA,R,R,NA,NA,JUAU00000000,NA
kos_pa,SAMN03105386,AZPAE12143,train,S,NA,NA,NA,NA,NA,NA,R,R,NA,NA,JUAT00000000,NA
kos_pa,SAMN03105388,AZPAE12145,train,R,NA,NA,NA,NA,NA,NA,R,R,NA,NA,JUAR00000000,NA
kos_pa,SAMN03105389,AZPAE12146,train,S,NA,NA,NA,NA,NA,NA,S,S,NA,NA,JUAQ00000000,NA
kos_pa,SAMN03105390,AZPAE12147,train,R,NA,NA,NA,NA,NA,NA,R,R,NA,NA,JUAP00000000,NA
kos_pa,SAMN03105391,AZPAE12148,train,R,NA,NA,NA,NA,NA,NA,R,S,NA,NA,JUAO00000000,NA
kos_pa,SAMN03105392,AZPAE12149,train,R,NA,NA,NA,NA,NA,NA,R,R,NA,NA,JUAN00000000,NA
kos_pa,SAMN03105393,AZPAE12150,test,S,NA,NA,NA,NA,NA,NA,R,S,NA,NA,JUAM00000000,NA
kos_pa,SAMN03105394,AZPAE12151,train,R,NA,NA,NA,NA,NA,NA,R,R,NA,NA,JUAL00000000,NA
kos_pa,SAMN03105396,AZPAE12153,train,R,NA,NA,NA,NA,NA,NA,R,R,NA,NA,JUAJ00000000,NA
kos_pa,SAMN03105397,AZPAE12154,train,R,NA,NA,NA,NA,NA,NA,R,R,NA,NA,JUAI00000000,NA
kos_pa,SAMN03105398,AZPAE12155,train,S,NA,NA,NA,NA,NA,NA,R,S,NA,NA,JUAH00000000,NA
kos_pa,SAMN03105399,AZPAE12156,train,R,NA,NA,NA,NA,NA,NA,R,R,NA,NA,JUAG00000000,NA
kos_pa,SAMN03105400,AZPAE12409,train,S,NA,NA,NA,NA,NA,NA,S,S,NA,NA,JUAF00000000,NA
kos_pa,SAMN03105401,AZPAE12410,train,S,NA,NA,NA,NA,NA,NA,R,S,NA,NA,JUAE00000000,NA
kos_pa,SAMN03105402,AZPAE12411,train,S,NA,NA,NA,NA,NA,NA,S,S,NA,NA,JUAD00000000,NA
kos_pa,SAMN03105403,AZPAE12412,test,S,NA,NA,NA,NA,NA,NA,S,S,NA,NA,JUAC00000000,NA
kos_pa,SAMN03105404,AZPAE12413,train,R,NA,NA,NA,NA,NA,NA,R,R,NA,NA,JUAB00000000,NA
kos_pa,SAMN03105405,AZPAE12414,train,S,NA,NA,NA,NA,NA,NA,R,R,NA,NA,JUAA00000000,NA
kos_pa,SAMN03105406,AZPAE12415,train,R,NA,NA,NA,NA,NA,NA,R,R,NA,NA,JTZZ00000000,NA
kos_pa,SAMN03105407,AZPAE12416,train,R,NA,NA,NA,NA,NA,NA,R,R,NA,NA,JTZY00000000,NA
kos_pa,SAMN03105408,AZPAE12417,test,S,NA,NA,NA,NA,NA,NA,R,S,NA,NA,JTZX00000000,NA
kos_pa,SAMN03105409,AZPAE12418,train,R,NA,NA,NA,NA,NA,NA,R,S,NA,NA,JTZW00000000,NA
kos_pa,SAMN03105410,AZPAE12419,train,S,NA,NA,NA,NA,NA,NA,R,S,NA,NA,JTZV00000000,NA
kos_pa,SAMN03105411,AZPAE12420,train,S,NA,NA,NA,NA,NA,NA,R,S,NA,NA,JTZU00000000,NA
kos_pa,SAMN03105412,AZPAE12421,test,R,NA,NA,NA,NA,NA,NA,R,S,NA,NA,JTZT00000000,NA
kos_pa,SAMN03105413,AZPAE12422,train,R,NA,NA,NA,NA,NA,NA,R,S,NA,NA,JTZS00000000,NA
kos_pa,SAMN03105414,AZPAE12423,train,R,NA,NA,NA,NA,NA,NA,S,S,NA,NA,JTZR00000000,NA
kos_pa,SAMN03105415,AZPAE13756,test,R,NA,NA,NA,NA,NA,NA,R,R,NA,NA,JTZQ00000000,NA
kos_pa,SAMN03105416,AZPAE13757,train,R,NA,NA,NA,NA,NA,NA,R,R,NA,NA,JTZP00000000,NA
kos_pa,SAMN03105417,AZPAE13848,train,R,NA,NA,NA,NA,NA,NA,R,S,NA,NA,JTZO00000000,NA
kos_pa,SAMN03105418,AZPAE13850,train,R,NA,NA,NA,NA,NA,NA,R,R,NA,NA,JTZN00000000,NA
kos_pa,SAMN03105419,AZPAE13853,train,R,NA,NA,NA,NA,NA,NA,R,R,NA,NA,JTZM00000000,NA
kos_pa,SAMN03105420,AZPAE13856,test,R,NA,NA,NA,NA,NA,NA,R,S,NA,NA,JTZL00000000,NA
kos_pa,SAMN03105421,AZPAE13858,train,R,NA,NA,NA,NA,NA,NA,R,R,NA,NA,JTZK00000000,NA
kos_pa,SAMN03105422,AZPAE13860,test,R,NA,NA,NA,NA,NA,NA,R,R,NA,NA,JTZJ00000000,NA
kos_pa,SAMN03105423,AZPAE13864,train,R,NA,NA,NA,NA,NA,NA,R,S,NA,NA,JTZI00000000,NA
kos_pa,SAMN03105424,AZPAE13866,train,S,NA,NA,NA,NA,NA,NA,S,S,NA,NA,JTZH00000000,NA
kos_pa,SAMN03105425,AZPAE13872,train,R,NA,NA,NA,NA,NA,NA,R,R,NA,NA,JTZG00000000,NA
kos_pa,SAMN03105426,AZPAE13876,train,S,NA,NA,NA,NA,NA,NA,R,R,NA,NA,JTZF00000000,NA
kos_pa,SAMN03105427,AZPAE13877,train,R,NA,NA,NA,NA,NA,NA,R,R,NA,NA,JTZE00000000,NA
kos_pa,SAMN03105428,AZPAE13879,train,S,NA,NA,NA,NA,NA,NA,R,R,NA,NA,JTZD00000000,NA
kos_pa,SAMN03105429,AZPAE13880,train,R,NA,NA,NA,NA,NA,NA,R,R,NA,NA,JTZC00000000,NA
kos_pa,SAMN03105430,AZPAE14352,train,S,NA,NA,NA,NA,NA,NA,S,S,NA,NA,JTZB00000000,NA
kos_pa,SAMN03105431,AZPAE14353,train,S,NA,NA,NA,NA,NA,NA,R,R,NA,NA,JTZA00000000,NA
kos_pa,SAMN03105432,AZPAE14359,train,S,NA,NA,NA,NA,NA,NA,R,R,NA,NA,JTYZ00000000,NA
kos_pa,SAMN03105433,AZPAE14372,train,S,NA,NA,NA,NA,NA,NA,R,R,NA,NA,JTYY00000000,NA
kos_pa,SAMN03105434,AZPAE14373,train,S,NA,NA,NA,NA,NA,NA,S,R,NA,NA,JTYX00000000,NA
kos_pa,SAMN03105435,AZPAE14379,train,S,NA,NA,NA,NA,NA,NA,R,R,NA,NA,JTYW00000000,NA
kos_pa,SAMN03105436,AZPAE14381,test,R,NA,NA,NA,NA,NA,NA,R,R,NA,NA,JTYV00000000,NA
kos_pa,SAMN03105437,AZPAE14390,train,S,NA,NA,NA,NA,NA,NA,S,S,NA,NA,JTYU00000000,NA
kos_pa,SAMN03105438,AZPAE14393,train,S,NA,NA,NA,NA,NA,NA,S,S,NA,NA,JTYT00000000,NA
kos_pa,SAMN03105439,AZPAE14394,train,S,NA,NA,NA,NA,NA,NA,R,R,NA,NA,JTYS00000000,NA
kos_pa,SAMN03105440,AZPAE14395,train,S,NA,NA,NA,NA,NA,NA,S,S,NA,NA,JTYR00000000,NA
kos_pa,SAMN03105441,AZPAE14398,train,S,NA,NA,NA,NA,NA,NA,S,S,NA,NA,JTYQ00000000,NA
kos_pa,SAMN03105442,AZPAE14402,train,S,NA,NA,NA,NA,NA,NA,S,S,NA,NA,JTYP00000000,NA
kos_pa,SAMN03105443,AZPAE14403,train,S,NA,NA,NA,NA,NA,NA,R,R,NA,NA,JTYO00000000,NA
kos_pa,SAMN03105444,AZPAE14404,train,S,NA,NA,NA,NA,NA,NA,S,S,NA,NA,JTYN00000000,NA
kos_pa,SAMN03105445,AZPAE14410,train,S,NA,NA,NA,NA,NA,NA,S,S,NA,NA,JTYM00000000,NA
kos_pa,SAMN03105446,AZPAE14415,test,S,NA,NA,NA,NA,NA,NA,R,S,NA,NA,JTYL00000000,NA
kos_pa,SAMN03105447,AZPAE14422,train,S,NA,NA,NA,NA,NA,NA,R,R,NA,NA,JTYK00000000,NA
kos_pa,SAMN03105448,AZPAE14437,train,S,NA,NA,NA,NA,NA,NA,R,S,NA,NA,JTYJ00000000,NA
kos_pa,SAMN03105449,AZPAE14441,train,S,NA,NA,NA,NA,NA,NA,R,R,NA,NA,JTYI00000000,NA
kos_pa,SAMN03105450,AZPAE14442,train,R,NA,NA,NA,NA,NA,NA,R,R,NA,NA,JTYH00000000,NA
kos_pa,SAMN03105451,AZPAE14443,test,S,NA,NA,NA,NA,NA,NA,R,S,NA,NA,JTYG00000000,NA
kos_pa,SAMN03105452,AZPAE14453,test,R,NA,NA,NA,NA,NA,NA,R,R,NA,NA,JTYF00000000,NA
kos_pa,SAMN03105453,AZPAE14463,test,R,NA,NA,NA,NA,NA,NA,R,R,NA,NA,JTYE00000000,NA
kos_pa,SAMN03105454,AZPAE14499,train,S,NA,NA,NA,NA,NA,NA,S,S,NA,NA,JTYD00000000,NA
kos_pa,SAMN03105455,AZPAE14505,test,S,NA,NA,NA,NA,NA,NA,R,R,NA,NA,JTYC00000000,NA
kos_pa,SAMN03105456,AZPAE14509,train,S,NA,NA,NA,NA,NA,NA,S,S,NA,NA,JTYB00000000,NA
kos_pa,SAMN03105457,AZPAE14526,train,S,NA,NA,NA,NA,NA,NA,S,S,NA,NA,JTYA00000000,NA
kos_pa,SAMN03105458,AZPAE14533,train,S,NA,NA,NA,NA,NA,NA,S,S,NA,NA,JTXZ00000000,NA
kos_pa,SAMN03105459,AZPAE14535,test,S,NA,NA,NA,NA,NA,NA,R,S,NA,NA,JTXY00000000,NA
kos_pa,SAMN03105460,AZPAE14538,train,S,NA,NA,NA,NA,NA,NA,R,R,NA,NA,JTXX00000000,NA
kos_pa,SAMN03105461,AZPAE14550,train,S,NA,NA,NA,NA,NA,NA,S,S,NA,NA,JTXW00000000,NA
kos_pa,SAMN03105462,AZPAE14554,test,S,NA,NA,NA,NA,NA,NA,R,R,NA,NA,JTXV00000000,NA
kos_pa,SAMN03105463,AZPAE14557,train,S,NA,NA,NA,NA,NA,NA,S,R,NA,NA,JTXU00000000,NA
kos_pa,SAMN03105464,AZPAE14566,test,S,NA,NA,NA,NA,NA,NA,R,S,NA,NA,JTXT00000000,NA
kos_pa,SAMN03105465,AZPAE14570,train,S,NA,NA,NA,NA,NA,NA,R,S,NA,NA,JTXS00000000,NA
kos_pa,SAMN03105466,AZPAE14687,train,R,NA,NA,NA,NA,NA,NA,R,R,NA,NA,JTXR00000000,NA
kos_pa,SAMN03105467,AZPAE14688,train,R,NA,NA,NA,NA,NA,NA,R,R,NA,NA,JTXQ00000000,NA
kos_pa,SAMN03105468,AZPAE14689,train,R,NA,NA,NA,NA,NA,NA,R,R,NA,NA,JTXP00000000,NA
kos_pa,SAMN03105469,AZPAE14690,train,S,NA,NA,NA,NA,NA,NA,R,R,NA,NA,JTXO00000000,NA
kos_pa,SAMN03105470,AZPAE14691,train,S,NA,NA,NA,NA,NA,NA,S,R,NA,NA,JTXN00000000,NA
kos_pa,SAMN03105471,AZPAE14692,train,R,NA,NA,NA,NA,NA,NA,R,R,NA,NA,JTXM00000000,NA
kos_pa,SAMN03105472,AZPAE14693,train,S,NA,NA,NA,NA,NA,NA,R,S,NA,NA,JTXL00000000,NA
kos_pa,SAMN03105473,AZPAE14694,train,R,NA,NA,NA,NA,NA,NA,R,R,NA,NA,JTXK00000000,NA
kos_pa,SAMN03105474,AZPAE14695,train,S,NA,NA,NA,NA,NA,NA,R,S,NA,NA,JTXJ00000000,NA
kos_pa,SAMN03105475,AZPAE14697,train,S,NA,NA,NA,NA,NA,NA,R,S,NA,NA,JTXI00000000,NA
kos_pa,SAMN03105476,AZPAE14698,train,S,NA,NA,NA,NA,NA,NA,R,S,NA,NA,JTXH00000000,NA
kos_pa,SAMN03105477,AZPAE14699,train,S,NA,NA,NA,NA,NA,NA,R,R,NA,NA,JTXG00000000,NA
kos_pa,SAMN03105478,AZPAE14700,train,R,NA,NA,NA,NA,NA,NA,R,R,NA,NA,JTXF00000000,NA
kos_pa,SAMN03105479,AZPAE14701,train,S,NA,NA,NA,NA,NA,NA,R,S,NA,NA,JTXE00000000,NA
kos_pa,SAMN03105480,AZPAE14702,train,S,NA,NA,NA,NA,NA,NA,R,R,NA,NA,JTXD00000000,NA
kos_pa,SAMN03105481,AZPAE14703,train,S,NA,NA,NA,NA,NA,NA,R,R,NA,NA,JTXC00000000,NA
kos_pa,SAMN03105482,AZPAE14704,train,S,NA,NA,NA,NA,NA,NA,R,R,NA,NA,JTXB00000000,NA
kos_pa,SAMN03105483,AZPAE14705,train,S,NA,NA,NA,NA,NA,NA,R,R,NA,NA,JTXA00000000,NA
kos_pa,SAMN03105484,AZPAE14706,train,R,NA,NA,NA,NA,NA,NA,R,R,NA,NA,JTWZ00000000,NA
kos_pa,SAMN03105485,AZPAE14707,test,R,NA,NA,NA,NA,NA,NA,R,R,NA,NA,JTWY00000000,NA
kos_pa,SAMN03105486,AZPAE14708,train,S,NA,NA,NA,NA,NA,NA,R,R,NA,NA,JTWX00000000,NA
kos_pa,SAMN03105487,AZPAE14710,train,S,NA,NA,NA,NA,NA,NA,R,R,NA,NA,JTWW00000000,NA
kos_pa,SAMN03105488,AZPAE14711,test,S,NA,NA,NA,NA,NA,NA,R,S,NA,NA,JTWV00000000,NA
kos_pa,SAMN03105489,AZPAE14712,train,R,NA,NA,NA,NA,NA,NA,R,R,NA,NA,JTWU00000000,NA
kos_pa,SAMN03105490,AZPAE14713,test,R,NA,NA,NA,NA,NA,NA,R,R,NA,NA,JTWT00000000,NA
kos_pa,SAMN03105491,AZPAE14714,test,R,NA,NA,NA,NA,NA,NA,R,R,NA,NA,JTWS00000000,NA
kos_pa,SAMN03105492,AZPAE14715,test,S,NA,NA,NA,NA,NA,NA,R,R,NA,NA,JTWR00000000,NA
kos_pa,SAMN03105493,AZPAE14716,train,R,NA,NA,NA,NA,NA,NA,R,R,NA,NA,JTWQ00000000,NA
kos_pa,SAMN03105494,AZPAE14717,train,S,NA,NA,NA,NA,NA,NA,R,R,NA,NA,JTWP00000000,NA
kos_pa,SAMN03105495,AZPAE14718,train,R,NA,NA,NA,NA,NA,NA,R,R,NA,NA,JTWO00000000,NA
kos_pa,SAMN03105496,AZPAE14719,train,S,NA,NA,NA,NA,NA,NA,R,R,NA,NA,JTWN00000000,NA
kos_pa,SAMN03105497,AZPAE14720,train,R,NA,NA,NA,NA,NA,NA,R,R,NA,NA,JTWM00000000,NA
kos_pa,SAMN03105498,AZPAE14721,train,S,NA,NA,NA,NA,NA,NA,R,R,NA,NA,JTWL00000000,NA
kos_pa,SAMN03105499,AZPAE14722,train,S,NA,NA,NA,NA,NA,NA,R,R,NA,NA,JTWK00000000,NA
kos_pa,SAMN03105500,AZPAE14723,train,S,NA,NA,NA,NA,NA,NA,R,R,NA,NA,JTWJ00000000,NA
kos_pa,SAMN03105501,AZPAE14724,test,S,NA,NA,NA,NA,NA,NA,R,R,NA,NA,JTWI00000000,NA
kos_pa,SAMN03105502,AZPAE14725,train,S,NA,NA,NA,NA,NA,NA,R,S,NA,NA,JTWH00000000,NA
kos_pa,SAMN03105503,AZPAE14726,train,S,NA,NA,NA,NA,NA,NA,R,S,NA,NA,JTWG00000000,NA
kos_pa,SAMN03105504,AZPAE14727,test,S,NA,NA,NA,NA,NA,NA,R,R,NA,NA,JTWF00000000,NA
kos_pa,SAMN03105505,AZPAE14728,test,S,NA,NA,NA,NA,NA,NA,R,R,NA,NA,JTWE00000000,NA
kos_pa,SAMN03105506,AZPAE14729,test,R,NA,NA,NA,NA,NA,NA,R,R,NA,NA,JTWD00000000,NA
kos_pa,SAMN03105507,AZPAE14730,train,R,NA,NA,NA,NA,NA,NA,R,R,NA,NA,JTWC00000000,NA
kos_pa,SAMN03105508,AZPAE14731,train,R,NA,NA,NA,NA,NA,NA,R,R,NA,NA,JTWB00000000,NA
kos_pa,SAMN03105509,AZPAE14732,train,S,NA,NA,NA,NA,NA,NA,S,R,NA,NA,JTWA00000000,NA
kos_pa,SAMN03105510,AZPAE14809,train,S,NA,NA,NA,NA,NA,NA,S,S,NA,NA,JTVZ00000000,NA
kos_pa,SAMN03105511,AZPAE14810,test,S,NA,NA,NA,NA,NA,NA,S,S,NA,NA,JTVY00000000,NA
kos_pa,SAMN03105512,AZPAE14811,train,R,NA,NA,NA,NA,NA,NA,R,R,NA,NA,JTVX00000000,NA
kos_pa,SAMN03105513,AZPAE14812,test,S,NA,NA,NA,NA,NA,NA,S,S,NA,NA,JTVW00000000,NA
kos_pa,SAMN03105514,AZPAE14813,train,S,NA,NA,NA,NA,NA,NA,S,S,NA,NA,JTVV00000000,NA
kos_pa,SAMN03105515,AZPAE14814,train,S,NA,NA,NA,NA,NA,NA,S,S,NA,NA,JTVU00000000,NA
kos_pa,SAMN03105516,AZPAE14815,train,S,NA,NA,NA,NA,NA,NA,S,S,NA,NA,JTVT00000000,NA
kos_pa,SAMN03105517,AZPAE14816,test,S,NA,NA,NA,NA,NA,NA,S,S,NA,NA,JTVS00000000,NA
kos_pa,SAMN03105518,AZPAE14817,train,S,NA,NA,NA,NA,NA,NA,S,S,NA,NA,JTVR00000000,NA
kos_pa,SAMN03105519,AZPAE14818,train,S,NA,NA,NA,NA,NA,NA,R,S,NA,NA,JTVQ00000000,NA
kos_pa,SAMN03105520,AZPAE14819,train,R,NA,NA,NA,NA,NA,NA,R,R,NA,NA,JTVP00000000,NA
kos_pa,SAMN03105521,AZPAE14820,train,S,NA,NA,NA,NA,NA,NA,S,S,NA,NA,JTVO00000000,NA
kos_pa,SAMN03105522,AZPAE14821,train,R,NA,NA,NA,NA,NA,NA,R,R,NA,NA,JTVN00000000,NA
kos_pa,SAMN03105523,AZPAE14822,train,R,NA,NA,NA,NA,NA,NA,R,R,NA,NA,JTVM00000000,NA
kos_pa,SAMN03105524,AZPAE14823,test,S,NA,NA,NA,NA,NA,NA,S,S,NA,NA,JTVL00000000,NA
kos_pa,SAMN03105525,AZPAE14824,train,S,NA,NA,NA,NA,NA,NA,R,S,NA,NA,JTVK00000000,NA
kos_pa,SAMN03105526,AZPAE14825,train,S,NA,NA,NA,NA,NA,NA,R,S,NA,NA,JTVJ00000000,NA
kos_pa,SAMN03105527,AZPAE14826,test,S,NA,NA,NA,NA,NA,NA,R,S,NA,NA,JTVI00000000,NA
kos_pa,SAMN03105528,AZPAE14827,test,S,NA,NA,NA,NA,NA,NA,R,R,NA,NA,JTVH00000000,NA
kos_pa,SAMN03105529,AZPAE14828,train,S,NA,NA,NA,NA,NA,NA,S,S,NA,NA,JTVG00000000,NA
kos_pa,SAMN03105530,AZPAE14829,train,S,NA,NA,NA,NA,NA,NA,S,R,NA,NA,JTVF00000000,NA
kos_pa,SAMN03105531,AZPAE14830,train,R,NA,NA,NA,NA,NA,NA,R,S,NA,NA,JTVE00000000,NA
kos_pa,SAMN03105532,AZPAE14831,train,S,NA,NA,NA,NA,NA,NA,S,S,NA,NA,JTVD00000000,NA
kos_pa,SAMN03105533,AZPAE14832,test,S,NA,NA,NA,NA,NA,NA,S,S,NA,NA,JTVC00000000,NA
kos_pa,SAMN03105534,AZPAE14833,train,R,NA,NA,NA,NA,NA,NA,R,S,NA,NA,JTVB00000000,NA
kos_pa,SAMN03105535,AZPAE14834,train,R,NA,NA,NA,NA,NA,NA,R,R,NA,NA,JTVA00000000,NA
kos_pa,SAMN03105536,AZPAE14835,test,S,NA,NA,NA,NA,NA,NA,R,R,NA,NA,JTUZ00000000,NA
kos_pa,SAMN03105537,AZPAE14836,test,S,NA,NA,NA,NA,NA,NA,R,R,NA,NA,JTUY00000000,NA
kos_pa,SAMN03105538,AZPAE14837,test,S,NA,NA,NA,NA,NA,NA,R,R,NA,NA,JTUX00000000,NA
kos_pa,SAMN03105539,AZPAE14838,train,S,NA,NA,NA,NA,NA,NA,R,R,NA,NA,JTUW00000000,NA
kos_pa,SAMN03105540,AZPAE14839,test,S,NA,NA,NA,NA,NA,NA,R,R,NA,NA,JTUV00000000,NA
kos_pa,SAMN03105541,AZPAE14840,train,R,NA,NA,NA,NA,NA,NA,R,S,NA,NA,JTUU00000000,NA
kos_pa,SAMN03105542,AZPAE14841,train,S,NA,NA,NA,NA,NA,NA,S,S,NA,NA,JTUT00000000,NA
kos_pa,SAMN03105543,AZPAE14842,train,S,NA,NA,NA,NA,NA,NA,R,S,NA,NA,JTUS00000000,NA
kos_pa,SAMN03105544,AZPAE14843,train,S,NA,NA,NA,NA,NA,NA,R,S,NA,NA,JTUR00000000,NA
kos_pa,SAMN03105545,AZPAE14844,train,S,NA,NA,NA,NA,NA,NA,S,S,NA,NA,JTUQ00000000,NA
kos_pa,SAMN03105546,AZPAE14845,train,S,NA,NA,NA,NA,NA,NA,S,S,NA,NA,JTUP00000000,NA
kos_pa,SAMN03105547,AZPAE14846,test,S,NA,NA,NA,NA,NA,NA,R,R,NA,NA,JTUO00000000,NA
kos_pa,SAMN03105548,AZPAE14847,train,S,NA,NA,NA,NA,NA,NA,S,S,NA,NA,JTUN00000000,NA
kos_pa,SAMN03105549,AZPAE14848,test,S,NA,NA,NA,NA,NA,NA,S,S,NA,NA,JTUM00000000,NA
kos_pa,SAMN03105550,AZPAE14850,train,S,NA,NA,NA,NA,NA,NA,R,S,NA,NA,JTUL00000000,NA
kos_pa,SAMN03105551,AZPAE14851,train,S,NA,NA,NA,NA,NA,NA,S,S,NA,NA,JTUK00000000,NA
kos_pa,SAMN03105552,AZPAE14852,train,R,NA,NA,NA,NA,NA,NA,R,R,NA,NA,JTUJ00000000,NA
kos_pa,SAMN03105553,AZPAE14853,train,R,NA,NA,NA,NA,NA,NA,R,R,NA,NA,JTUI00000000,NA
kos_pa,SAMN03105554,AZPAE14855,train,S,NA,NA,NA,NA,NA,NA,R,S,NA,NA,JTUH00000000,NA
kos_pa,SAMN03105555,AZPAE14856,test,S,NA,NA,NA,NA,NA,NA,S,S,NA,NA,JTUG00000000,NA
kos_pa,SAMN03105556,AZPAE14857,train,S,NA,NA,NA,NA,NA,NA,S,S,NA,NA,JTUF00000000,NA
kos_pa,SAMN03105557,AZPAE14858,train,S,NA,NA,NA,NA,NA,NA,S,S,NA,NA,JTUE00000000,NA
kos_pa,SAMN03105558,AZPAE14859,train,S,NA,NA,NA,NA,NA,NA,S,S,NA,NA,JTUD00000000,NA
kos_pa,SAMN03105559,AZPAE14860,train,S,NA,NA,NA,NA,NA,NA,R,S,NA,NA,JTUC00000000,NA
kos_pa,SAMN03105560,AZPAE14861,test,S,NA,NA,NA,NA,NA,NA,R,S,NA,NA,JTUB00000000,NA
kos_pa,SAMN03105561,AZPAE14862,train,S,NA,NA,NA,NA,NA,NA,R,S,NA,NA,JTUA00000000,NA
kos_pa,SAMN03105562,AZPAE14863,train,S,NA,NA,NA,NA,NA,NA,R,S,NA,NA,JTTZ00000000,NA
kos_pa,SAMN03105563,AZPAE14864,train,S,NA,NA,NA,NA,NA,NA,S,S,NA,NA,JTTY00000000,NA
kos_pa,SAMN03105564,AZPAE14865,train,R,NA,NA,NA,NA,NA,NA,R,R,NA,NA,JTTX00000000,NA
kos_pa,SAMN03105565,AZPAE14866,train,S,NA,NA,NA,NA,NA,NA,S,S,NA,NA,JTTW00000000,NA
kos_pa,SAMN03105566,AZPAE14867,train,S,NA,NA,NA,NA,NA,NA,S,S,NA,NA,JTTV00000000,NA
kos_pa,SAMN03105567,AZPAE14868,train,S,NA,NA,NA,NA,NA,NA,S,S,NA,NA,JTTU00000000,NA
kos_pa,SAMN03105568,AZPAE14869,train,S,NA,NA,NA,NA,NA,NA,R,S,NA,NA,JTTT00000000,NA
kos_pa,SAMN03105569,AZPAE14870,train,R,NA,NA,NA,NA,NA,NA,R,R,NA,NA,JTTS00000000,NA
kos_pa,SAMN03105570,AZPAE14871,train,S,NA,NA,NA,NA,NA,NA,S,S,NA,NA,JTTR00000000,NA
kos_pa,SAMN03105571,AZPAE14872,train,S,NA,NA,NA,NA,NA,NA,R,R,NA,NA,JTTQ00000000,NA
kos_pa,SAMN03105572,AZPAE14873,train,S,NA,NA,NA,NA,NA,NA,S,S,NA,NA,JTTP00000000,NA
kos_pa,SAMN03105573,AZPAE14874,train,S,NA,NA,NA,NA,NA,NA,R,R,NA,NA,JTTO00000000,NA
kos_pa,SAMN03105574,AZPAE14875,train,S,NA,NA,NA,NA,NA,NA,S,S,NA,NA,JTTN00000000,NA
kos_pa,SAMN03105575,AZPAE14876,train,S,NA,NA,NA,NA,NA,NA,S,S,NA,NA,JTTM00000000,NA
kos_pa,SAMN03105576,AZPAE14877,train,S,NA,NA,NA,NA,NA,NA,R,S,NA,NA,JTTL00000000,NA
kos_pa,SAMN03105577,AZPAE14878,test,S,NA,NA,NA,NA,NA,NA,R,R,NA,NA,JTTK00000000,NA
kos_pa,SAMN03105578,AZPAE14879,train,S,NA,NA,NA,NA,NA,NA,R,S,NA,NA,JTTJ00000000,NA
kos_pa,SAMN03105579,AZPAE14880,train,S,NA,NA,NA,NA,NA,NA,R,S,NA,NA,JTTI00000000,NA
kos_pa,SAMN03105580,AZPAE14881,train,S,NA,NA,NA,NA,NA,NA,R,S,NA,NA,JTTH00000000,NA
kos_pa,SAMN03105581,AZPAE14882,train,S,NA,NA,NA,NA,NA,NA,R,R,NA,NA,JTTG00000000,NA
kos_pa,SAMN03105582,AZPAE14883,train,S,NA,NA,NA,NA,NA,NA,S,S,NA,NA,JTTF00000000,NA
kos_pa,SAMN03105583,AZPAE14884,train,S,NA,NA,NA,NA,NA,NA,S,R,NA,NA,JTTE00000000,NA
kos_pa,SAMN03105584,AZPAE14885,train,S,NA,NA,NA,NA,NA,NA,S,S,NA,NA,JTTD00000000,NA
kos_pa,SAMN03105585,AZPAE14886,test,S,NA,NA,NA,NA,NA,NA,S,R,NA,NA,JTTC00000000,NA
kos_pa,SAMN03105586,AZPAE14887,train,R,NA,NA,NA,NA,NA,NA,R,R,NA,NA,JTTB00000000,NA
kos_pa,SAMN03105587,AZPAE14888,test,S,NA,NA,NA,NA,NA,NA,R,S,NA,NA,JTTA00000000,NA
kos_pa,SAMN03105588,AZPAE14889,train,S,NA,NA,NA,NA,NA,NA,S,S,NA,NA,JTSZ00000000,NA
kos_pa,SAMN03105589,AZPAE14890,train,S,NA,NA,NA,NA,NA,NA,R,R,NA,NA,JTSY00000000,NA
kos_pa,SAMN03105590,AZPAE14891,train,S,NA,NA,NA,NA,NA,NA,S,S,NA,NA,JTSX00000000,NA
kos_pa,SAMN03105591,AZPAE14892,train,S,NA,NA,NA,NA,NA,NA,S,R,NA,NA,JTSW00000000,NA
kos_pa,SAMN03105592,AZPAE14893,train,S,NA,NA,NA,NA,NA,NA,S,S,NA,NA,JTSV00000000,NA
kos_pa,SAMN03105593,AZPAE14894,train,S,NA,NA,NA,NA,NA,NA,S,R,NA,NA,JTSU00000000,NA
kos_pa,SAMN03105594,AZPAE14895,train,S,NA,NA,NA,NA,NA,NA,S,S,NA,NA,JTST00000000,NA
kos_pa,SAMN03105595,AZPAE14897,train,S,NA,NA,NA,NA,NA,NA,S,S,NA,NA,JTSS00000000,NA
kos_pa,SAMN03105596,AZPAE14898,test,S,NA,NA,NA,NA,NA,NA,S,S,NA,NA,JTSR00000000,NA
kos_pa,SAMN03105597,AZPAE14899,train,S,NA,NA,NA,NA,NA,NA,S,S,NA,NA,JTSQ00000000,NA
kos_pa,SAMN03105598,AZPAE14900,train,S,NA,NA,NA,NA,NA,NA,R,R,NA,NA,JTSP00000000,NA
kos_pa,SAMN03105599,AZPAE14901,train,S,NA,NA,NA,NA,NA,NA,S,S,NA,NA,JTSO00000000,NA
kos_pa,SAMN03105600,AZPAE14902,train,R,NA,NA,NA,NA,NA,NA,S,R,NA,NA,JTSN00000000,NA
kos_pa,SAMN03105601,AZPAE14903,train,S,NA,NA,NA,NA,NA,NA,S,S,NA,NA,JTSM00000000,NA
kos_pa,SAMN03105602,AZPAE14904,train,S,NA,NA,NA,NA,NA,NA,R,R,NA,NA,JTSL00000000,NA
kos_pa,SAMN03105603,AZPAE14905,test,S,NA,NA,NA,NA,NA,NA,R,S,NA,NA,JTSK00000000,NA
kos_pa,SAMN03105604,AZPAE14906,test,S,NA,NA,NA,NA,NA,NA,R,S,NA,NA,JTSJ00000000,NA
kos_pa,SAMN03105605,AZPAE14907,train,S,NA,NA,NA,NA,NA,NA,S,R,NA,NA,JTSI00000000,NA
kos_pa,SAMN03105606,AZPAE14908,train,S,NA,NA,NA,NA,NA,NA,S,S,NA,NA,JTSH00000000,NA
kos_pa,SAMN03105607,AZPAE14909,train,S,NA,NA,NA,NA,NA,NA,R,R,NA,NA,JTSG00000000,NA
kos_pa,SAMN03105608,AZPAE14910,train,S,NA,NA,NA,NA,NA,NA,S,S,NA,NA,JTSF00000000,NA
kos_pa,SAMN03105609,AZPAE14911,train,S,NA,NA,NA,NA,NA,NA,R,S,NA,NA,JTSE00000000,NA
kos_pa,SAMN03105610,AZPAE14912,train,R,NA,NA,NA,NA,NA,NA,R,R,NA,NA,JTSD00000000,NA
kos_pa,SAMN03105611,AZPAE14913,train,S,NA,NA,NA,NA,NA,NA,S,S,NA,NA,JTSC00000000,NA
kos_pa,SAMN03105612,AZPAE14914,test,S,NA,NA,NA,NA,NA,NA,R,S,NA,NA,JTSB00000000,NA
kos_pa,SAMN03105613,AZPAE14915,train,S,NA,NA,NA,NA,NA,NA,R,S,NA,NA,JTSA00000000,NA
kos_pa,SAMN03105614,AZPAE14916,train,R,NA,NA,NA,NA,NA,NA,R,R,NA,NA,JTRZ00000000,NA
kos_pa,SAMN03105615,AZPAE14917,train,S,NA,NA,NA,NA,NA,NA,R,R,NA,NA,JTRY00000000,NA
kos_pa,SAMN03105616,AZPAE14918,train,S,NA,NA,NA,NA,NA,NA,S,S,NA,NA,JTRX00000000,NA
kos_pa,SAMN03105617,AZPAE14919,train,S,NA,NA,NA,NA,NA,NA,S,S,NA,NA,JTRW00000000,NA
kos_pa,SAMN03105618,AZPAE14920,test,S,NA,NA,NA,NA,NA,NA,R,R,NA,NA,JTRV00000000,NA
kos_pa,SAMN03105619,AZPAE14921,train,S,NA,NA,NA,NA,NA,NA,R,S,NA,NA,JTRU00000000,NA
kos_pa,SAMN03105620,AZPAE14922,train,R,NA,NA,NA,NA,NA,NA,R,R,NA,NA,JTRT00000000,NA
kos_pa,SAMN03105621,AZPAE14923,train,R,NA,NA,NA,NA,NA,NA,R,R,NA,NA,JTRS00000000,NA
kos_pa,SAMN03105622,AZPAE14924,test,S,NA,NA,NA,NA,NA,NA,S,S,NA,NA,JTRR00000000,NA
kos_pa,SAMN03105623,AZPAE14925,train,S,NA,NA,NA,NA,NA,NA,S,S,NA,NA,JTRQ00000000,NA
kos_pa,SAMN03105624,AZPAE14926,test,S,NA,NA,NA,NA,NA,NA,R,R,NA,NA,JTRP00000000,NA
kos_pa,SAMN03105625,AZPAE14927,train,S,NA,NA,NA,NA,NA,NA,S,S,NA,NA,JTRO00000000,NA
kos_pa,SAMN03105626,AZPAE14928,train,S,NA,NA,NA,NA,NA,NA,S,S,NA,NA,JTRN00000000,NA
kos_pa,SAMN03105627,AZPAE14929,train,R,NA,NA,NA,NA,NA,NA,R,R,NA,NA,JTRM00000000,NA
kos_pa,SAMN03105628,AZPAE14930,test,S,NA,NA,NA,NA,NA,NA,S,S,NA,NA,JTRL00000000,NA
kos_pa,SAMN03105629,AZPAE14931,train,S,NA,NA,NA,NA,NA,NA,R,R,NA,NA,JTRK00000000,NA
kos_pa,SAMN03105630,AZPAE14932,train,S,NA,NA,NA,NA,NA,NA,S,R,NA,NA,JTRJ00000000,NA
kos_pa,SAMN03105631,AZPAE14933,test,R,NA,NA,NA,NA,NA,NA,R,S,NA,NA,JTRI00000000,NA
kos_pa,SAMN03105632,AZPAE14934,train,S,NA,NA,NA,NA,NA,NA,S,S,NA,NA,JTRH00000000,NA
kos_pa,SAMN03105633,AZPAE14935,train,S,NA,NA,NA,NA,NA,NA,S,S,NA,NA,JTRG00000000,NA
kos_pa,SAMN03105634,AZPAE14936,train,S,NA,NA,NA,NA,NA,NA,R,S,NA,NA,JTRF00000000,NA
kos_pa,SAMN03105635,AZPAE14937,train,S,NA,NA,NA,NA,NA,NA,R,R,NA,NA,JTRE00000000,NA
kos_pa,SAMN03105636,AZPAE14938,test,S,NA,NA,NA,NA,NA,NA,R,R,NA,NA,JTRD00000000,NA
kos_pa,SAMN03105637,AZPAE14939,train,S,NA,NA,NA,NA,NA,NA,R,R,NA,NA,JTRC00000000,NA
kos_pa,SAMN03105638,AZPAE14940,train,S,NA,NA,NA,NA,NA,NA,R,R,NA,NA,JTRB00000000,NA
kos_pa,SAMN03105639,AZPAE14941,train,S,NA,NA,NA,NA,NA,NA,S,S,NA,NA,JTRA00000000,NA
kos_pa,SAMN03105640,AZPAE14942,train,S,NA,NA,NA,NA,NA,NA,S,R,NA,NA,JTQZ00000000,NA
kos_pa,SAMN03105641,AZPAE14943,train,S,NA,NA,NA,NA,NA,NA,S,S,NA,NA,JTQY00000000,NA
kos_pa,SAMN03105642,AZPAE14944,train,S,NA,NA,NA,NA,NA,NA,S,S,NA,NA,JTQX00000000,NA
kos_pa,SAMN03105643,AZPAE14945,test,S,NA,NA,NA,NA,NA,NA,S,S,NA,NA,JTQW00000000,NA
kos_pa,SAMN03105644,AZPAE14946,train,S,NA,NA,NA,NA,NA,NA,R,R,NA,NA,JTQV00000000,NA
kos_pa,SAMN03105645,AZPAE14947,train,S,NA,NA,NA,NA,NA,NA,R,R,NA,NA,JTQU00000000,NA
kos_pa,SAMN03105646,AZPAE14948,train,S,NA,NA,NA,NA,NA,NA,S,R,NA,NA,JTQT00000000,NA
kos_pa,SAMN03105647,AZPAE14949,train,R,NA,NA,NA,NA,NA,NA,S,R,NA,NA,JTQS00000000,NA
kos_pa,SAMN03105648,AZPAE14950,train,S,NA,NA,NA,NA,NA,NA,R,S,NA,NA,JTQR00000000,NA
kos_pa,SAMN03105649,AZPAE14951,train,R,NA,NA,NA,NA,NA,NA,R,R,NA,NA,JTQQ00000000,NA
kos_pa,SAMN03105650,AZPAE14952,train,S,NA,NA,NA,NA,NA,NA,S,S,NA,NA,JTQP00000000,NA
kos_pa,SAMN03105651,AZPAE14953,test,S,NA,NA,NA,NA,NA,NA,S,S,NA,NA,JTQO00000000,NA
kos_pa,SAMN03105652,AZPAE14954,train,S,NA,NA,NA,NA,NA,NA,R,R,NA,NA,JTQN00000000,NA
kos_pa,SAMN03105653,AZPAE14955,test,S,NA,NA,NA,NA,NA,NA,S,S,NA,NA,JTQM00000000,NA
kos_pa,SAMN03105654,AZPAE14956,train,R,NA,NA,NA,NA,NA,NA,R,R,NA,NA,JTQL00000000,NA
kos_pa,SAMN03105655,AZPAE14957,train,S,NA,NA,NA,NA,NA,NA,R,S,NA,NA,JTQK00000000,NA
kos_pa,SAMN03105656,AZPAE14958,train,R,NA,NA,NA,NA,NA,NA,R,R,NA,NA,JTQJ00000000,NA
kos_pa,SAMN03105657,AZPAE14959,train,R,NA,NA,NA,NA,NA,NA,R,R,NA,NA,JTQI00000000,NA
kos_pa,SAMN03105658,AZPAE14960,train,S,NA,NA,NA,NA,NA,NA,S,S,NA,NA,JTQH00000000,NA
kos_pa,SAMN03105659,AZPAE14961,test,S,NA,NA,NA,NA,NA,NA,R,R,NA,NA,JTQG00000000,NA
kos_pa,SAMN03105660,AZPAE14962,train,S,NA,NA,NA,NA,NA,NA,S,S,NA,NA,JTQF00000000,NA
kos_pa,SAMN03105661,AZPAE14963,train,S,NA,NA,NA,NA,NA,NA,R,R,NA,NA,JTQE00000000,NA
kos_pa,SAMN03105662,AZPAE14964,train,S,NA,NA,NA,NA,NA,NA,S,S,NA,NA,JTQD00000000,NA
kos_pa,SAMN03105663,AZPAE14965,train,S,NA,NA,NA,NA,NA,NA,S,S,NA,NA,JTQC00000000,NA
kos_pa,SAMN03105664,AZPAE14967,train,S,NA,NA,NA,NA,NA,NA,S,S,NA,NA,JTQB00000000,NA
kos_pa,SAMN03105665,AZPAE14968,train,S,NA,NA,NA,NA,NA,NA,R,R,NA,NA,JTQA00000000,NA
kos_pa,SAMN03105666,AZPAE14969,train,S,NA,NA,NA,NA,NA,NA,R,S,NA,NA,JTPZ00000000,NA
kos_pa,SAMN03105667,AZPAE14970,train,S,NA,NA,NA,NA,NA,NA,R,R,NA,NA,JTPY00000000,NA
kos_pa,SAMN03105668,AZPAE14971,test,S,NA,NA,NA,NA,NA,NA,S,S,NA,NA,JTPX00000000,NA
kos_pa,SAMN03105669,AZPAE14972,train,S,NA,NA,NA,NA,NA,NA,S,S,NA,NA,JTPW00000000,NA
kos_pa,SAMN03105670,AZPAE14973,train,S,NA,NA,NA,NA,NA,NA,S,R,NA,NA,JTPV00000000,NA
kos_pa,SAMN03105671,AZPAE14974,train,S,NA,NA,NA,NA,NA,NA,S,S,NA,NA,JTPU00000000,NA
kos_pa,SAMN03105672,AZPAE14975,test,S,NA,NA,NA,NA,NA,NA,S,S,NA,NA,JTPT00000000,NA
kos_pa,SAMN03105673,AZPAE14976,train,S,NA,NA,NA,NA,NA,NA,R,R,NA,NA,JTPS00000000,NA
kos_pa,SAMN03105674,AZPAE14977,train,S,NA,NA,NA,NA,NA,NA,S,S,NA,NA,JTPR00000000,NA
kos_pa,SAMN03105675,AZPAE14978,train,S,NA,NA,NA,NA,NA,NA,R,R,NA,NA,JTPQ00000000,NA
kos_pa,SAMN03105676,AZPAE14979,train,S,NA,NA,NA,NA,NA,NA,R,S,NA,NA,JTPP00000000,NA
kos_pa,SAMN03105677,AZPAE14980,train,S,NA,NA,NA,NA,NA,NA,R,R,NA,NA,JTPO00000000,NA
kos_pa,SAMN03105678,AZPAE14981,test,S,NA,NA,NA,NA,NA,NA,S,S,NA,NA,JTPN00000000,NA
kos_pa,SAMN03105679,AZPAE14982,train,S,NA,NA,NA,NA,NA,NA,S,S,NA,NA,JTPM00000000,NA
kos_pa,SAMN03105680,AZPAE14983,test,S,NA,NA,NA,NA,NA,NA,R,R,NA,NA,JTPL00000000,NA
kos_pa,SAMN03105681,AZPAE14984,train,R,NA,NA,NA,NA,NA,NA,R,R,NA,NA,JTPK00000000,NA
kos_pa,SAMN03105682,AZPAE14985,train,S,NA,NA,NA,NA,NA,NA,S,S,NA,NA,JTPJ00000000,NA
kos_pa,SAMN03105683,AZPAE14986,train,S,NA,NA,NA,NA,NA,NA,R,S,NA,NA,JTPI00000000,NA
kos_pa,SAMN03105684,AZPAE14987,train,S,NA,NA,NA,NA,NA,NA,S,S,NA,NA,JTPH00000000,NA
kos_pa,SAMN03105685,AZPAE14988,train,S,NA,NA,NA,NA,NA,NA,R,S,NA,NA,JTPG00000000,NA
kos_pa,SAMN03105686,AZPAE14989,train,S,NA,NA,NA,NA,NA,NA,R,R,NA,NA,JTPF00000000,NA
kos_pa,SAMN03105687,AZPAE14990,train,S,NA,NA,NA,NA,NA,NA,S,S,NA,NA,JTPE00000000,NA
kos_pa,SAMN03105688,AZPAE14991,train,S,NA,NA,NA,NA,NA,NA,S,S,NA,NA,JTPD00000000,NA
kos_pa,SAMN03105689,AZPAE14992,train,S,NA,NA,NA,NA,NA,NA,S,S,NA,NA,JTPC00000000,NA
kos_pa,SAMN03105690,AZPAE14993,train,S,NA,NA,NA,NA,NA,NA,R,S,NA,NA,JTPB00000000,NA
kos_pa,SAMN03105691,AZPAE14994,train,S,NA,NA,NA,NA,NA,NA,S,R,NA,NA,JTPA00000000,NA
kos_pa,SAMN03105692,AZPAE14995,train,S,NA,NA,NA,NA,NA,NA,S,S,NA,NA,JTOZ00000000,NA
kos_pa,SAMN03105693,AZPAE14996,train,S,NA,NA,NA,NA,NA,NA,S,S,NA,NA,JTOY00000000,NA
kos_pa,SAMN03105694,AZPAE14997,train,S,NA,NA,NA,NA,NA,NA,R,S,NA,NA,JTOX00000000,NA
kos_pa,SAMN03105695,AZPAE14998,train,S,NA,NA,NA,NA,NA,NA,S,S,NA,NA,JTOW00000000,NA
kos_pa,SAMN03105696,AZPAE14999,train,S,NA,NA,NA,NA,NA,NA,S,S,NA,NA,JTOV00000000,NA
kos_pa,SAMN03105697,AZPAE15000,train,S,NA,NA,NA,NA,NA,NA,R,R,NA,NA,JTOU00000000,NA
kos_pa,SAMN03105698,AZPAE15001,train,S,NA,NA,NA,NA,NA,NA,S,R,NA,NA,JTOT00000000,NA
kos_pa,SAMN03105699,AZPAE15002,test,R,NA,NA,NA,NA,NA,NA,R,R,NA,NA,JTOS00000000,NA
kos_pa,SAMN03105700,AZPAE15003,train,R,NA,NA,NA,NA,NA,NA,R,R,NA,NA,JTOR00000000,NA
kos_pa,SAMN03105701,AZPAE15004,train,S,NA,NA,NA,NA,NA,NA,S,S,NA,NA,JTOQ00000000,NA
kos_pa,SAMN03105702,AZPAE15005,train,S,NA,NA,NA,NA,NA,NA,R,S,NA,NA,JTOP00000000,NA
kos_pa,SAMN03105703,AZPAE15006,train,S,NA,NA,NA,NA,NA,NA,R,R,NA,NA,JTOO00000000,NA
kos_pa,SAMN03105704,AZPAE15007,test,S,NA,NA,NA,NA,NA,NA,R,S,NA,NA,JTON00000000,NA
kos_pa,SAMN03105705,AZPAE15008,train,S,NA,NA,NA,NA,NA,NA,R,R,NA,NA,JTOM00000000,NA
kos_pa,SAMN03105706,AZPAE15009,test,S,NA,NA,NA,NA,NA,NA,R,S,NA,NA,JTOL00000000,NA
kos_pa,SAMN03105707,AZPAE15010,train,S,NA,NA,NA,NA,NA,NA,R,S,NA,NA,JTOK00000000,NA
kos_pa,SAMN03105708,AZPAE15011,train,S,NA,NA,NA,NA,NA,NA,R,R,NA,NA,JTOJ00000000,NA
kos_pa,SAMN03105709,AZPAE15012,train,S,NA,NA,NA,NA,NA,NA,S,S,NA,NA,JTOI00000000,NA
kos_pa,SAMN03105710,AZPAE15013,train,S,NA,NA,NA,NA,NA,NA,S,S,NA,NA,JTOH00000000,NA
kos_pa,SAMN03105711,AZPAE15014,train,S,NA,NA,NA,NA,NA,NA,S,S,NA,NA,JTOG00000000,NA
kos_pa,SAMN03105712,AZPAE15015,train,S,NA,NA,NA,NA,NA,NA,R,S,NA,NA,JTOF00000000,NA
kos_pa,SAMN03105713,AZPAE15016,train,S,NA,NA,NA,NA,NA,NA,R,S,NA,NA,JTOE00000000,NA
kos_pa,SAMN03105714,AZPAE15017,train,S,NA,NA,NA,NA,NA,NA,R,S,NA,NA,JTOD00000000,NA
kos_pa,SAMN03105715,AZPAE15018,train,S,NA,NA,NA,NA,NA,NA,R,S,NA,NA,JTOC00000000,NA
kos_pa,SAMN03105716,AZPAE15019,train,S,NA,NA,NA,NA,NA,NA,S,S,NA,NA,JTOB00000000,NA
kos_pa,SAMN03105717,AZPAE15020,train,S,NA,NA,NA,NA,NA,NA,R,R,NA,NA,JTOA00000000,NA
kos_pa,SAMN03105718,AZPAE15021,train,R,NA,NA,NA,NA,NA,NA,R,S,NA,NA,JTNZ00000000,NA
kos_pa,SAMN03105719,AZPAE15022,test,S,NA,NA,NA,NA,NA,NA,R,S,NA,NA,JTNY00000000,NA
kos_pa,SAMN03105720,AZPAE15023,test,S,NA,NA,NA,NA,NA,NA,R,R,NA,NA,JTNX00000000,NA
kos_pa,SAMN03105721,AZPAE15024,train,S,NA,NA,NA,NA,NA,NA,S,S,NA,NA,JTNW00000000,NA
kos_pa,SAMN03105722,AZPAE15025,train,S,NA,NA,NA,NA,NA,NA,S,S,NA,NA,JTNV00000000,NA
kos_pa,SAMN03105723,AZPAE15026,train,S,NA,NA,NA,NA,NA,NA,S,S,NA,NA,JTNU00000000,NA
kos_pa,SAMN03105724,AZPAE15027,test,S,NA,NA,NA,NA,NA,NA,S,S,NA,NA,JTNT00000000,NA
kos_pa,SAMN03105725,AZPAE15028,train,S,NA,NA,NA,NA,NA,NA,S,S,NA,NA,JTNS00000000,NA
kos_pa,SAMN03105726,AZPAE15029,train,R,NA,NA,NA,NA,NA,NA,R,R,NA,NA,JTNR00000000,NA
kos_pa,SAMN03105727,AZPAE15030,train,S,NA,NA,NA,NA,NA,NA,R,R,NA,NA,JTNQ00000000,NA
kos_pa,SAMN03105728,AZPAE15031,train,S,NA,NA,NA,NA,NA,NA,S,S,NA,NA,JTNP00000000,NA
kos_pa,SAMN03105729,AZPAE15032,train,S,NA,NA,NA,NA,NA,NA,S,S,NA,NA,JTNO00000000,NA
kos_pa,SAMN03105730,AZPAE15033,test,S,NA,NA,NA,NA,NA,NA,S,S,NA,NA,JTNN00000000,NA
kos_pa,SAMN03105731,AZPAE15034,train,S,NA,NA,NA,NA,NA,NA,R,S,NA,NA,JTNM00000000,NA
kos_pa,SAMN03105732,AZPAE15035,test,S,NA,NA,NA,NA,NA,NA,R,R,NA,NA,JTNL00000000,NA
kos_pa,SAMN03105733,AZPAE15036,train,S,NA,NA,NA,NA,NA,NA,S,S,NA,NA,JTNK00000000,NA
kos_pa,SAMN03105734,AZPAE15037,train,S,NA,NA,NA,NA,NA,NA,S,S,NA,NA,JTNJ00000000,NA
kos_pa,SAMN03105735,AZPAE15038,train,S,NA,NA,NA,NA,NA,NA,S,R,NA,NA,JTNI00000000,NA
kos_pa,SAMN03105736,AZPAE15039,train,S,NA,NA,NA,NA,NA,NA,S,S,NA,NA,JTNH00000000,NA
kos_pa,SAMN03105737,AZPAE15040,test,S,NA,NA,NA,NA,NA,NA,R,R,NA,NA,JTNG00000000,NA
kos_pa,SAMN03105738,AZPAE15041,test,S,NA,NA,NA,NA,NA,NA,S,S,NA,NA,JTNF00000000,NA
kos_pa,SAMN03105739,AZPAE15042,train,S,NA,NA,NA,NA,NA,NA,S,S,NA,NA,JTNE00000000,NA
kos_pa,SAMN03105740,AZPAE15043,train,S,NA,NA,NA,NA,NA,NA,S,S,NA,NA,JTND00000000,NA
kos_pa,SAMN03105741,AZPAE15044,train,S,NA,NA,NA,NA,NA,NA,S,S,NA,NA,JTNC00000000,NA
kos_pa,SAMN03105742,AZPAE15045,train,S,NA,NA,NA,NA,NA,NA,S,S,NA,NA,JTNB00000000,NA
kos_pa,SAMN03105743,AZPAE15046,train,S,NA,NA,NA,NA,NA,NA,R,R,NA,NA,JTNA00000000,NA
kos_pa,SAMN03105744,AZPAE15047,train,R,NA,NA,NA,NA,NA,NA,R,R,NA,NA,JTMZ00000000,NA
kos_pa,SAMN03105745,AZPAE15048,test,S,NA,NA,NA,NA,NA,NA,S,R,NA,NA,JTMY00000000,NA
kos_pa,SAMN03105746,AZPAE15049,train,S,NA,NA,NA,NA,NA,NA,S,S,NA,NA,JTMX00000000,NA
kos_pa,SAMN03105747,AZPAE15050,train,S,NA,NA,NA,NA,NA,NA,S,S,NA,NA,JTMW00000000,NA
kos_pa,SAMN03105748,AZPAE15051,train,S,NA,NA,NA,NA,NA,NA,R,R,NA,NA,JTMV00000000,NA
kos_pa,SAMN03105749,AZPAE15052,train,S,NA,NA,NA,NA,NA,NA,S,S,NA,NA,JTMU00000000,NA
kos_pa,SAMN03105750,AZPAE15053,train,S,NA,NA,NA,NA,NA,NA,S,S,NA,NA,JTMT00000000,NA
kos_pa,SAMN03105751,AZPAE15054,train,S,NA,NA,NA,NA,NA,NA,R,R,NA,NA,JTMS00000000,NA
kos_pa,SAMN03105752,AZPAE15055,train,S,NA,NA,NA,NA,NA,NA,S,S,NA,NA,JTMR00000000,NA
kos_pa,SAMN03105753,AZPAE15056,train,S,NA,NA,NA,NA,NA,NA,R,R,NA,NA,JTMQ00000000,NA
kos_pa,SAMN03105754,AZPAE15057,train,S,NA,NA,NA,NA,NA,NA,R,S,NA,NA,JTMP00000000,NA
kos_pa,SAMN03105755,AZPAE15058,train,S,NA,NA,NA,NA,NA,NA,S,S,NA,NA,JTMO00000000,NA
kos_pa,SAMN03105756,AZPAE15059,train,S,NA,NA,NA,NA,NA,NA,S,S,NA,NA,JTMN00000000,NA
kos_pa,SAMN03105757,AZPAE15060,train,S,NA,NA,NA,NA,NA,NA,R,S,NA,NA,JTMM00000000,NA
kos_pa,SAMN03105758,AZPAE15061,train,S,NA,NA,NA,NA,NA,NA,S,S,NA,NA,JTML00000000,NA
kos_pa,SAMN03105759,AZPAE15062,test,S,NA,NA,NA,NA,NA,NA,S,S,NA,NA,JTMK00000000,NA
kos_pa,SAMN03105760,AZPAE15063,train,NA,R,S,R,S,R,R,NA,NA,S,R,JTMJ00000000,NA
kos_pa,SAMN03105762,AZPAE15065,train,NA,R,S,R,R,S,S,NA,NA,R,S,JTMH00000000,NA
kos_pa,SAMN03105763,AZPAE15066,test,NA,R,R,R,R,R,R,NA,NA,R,R,JTMG00000000,NA
kos_pa,SAMN03105764,AZPAE15067,train,NA,R,R,R,R,S,R,NA,NA,R,S,JTMF00000000,NA
kos_pa,SAMN03105765,AZPAE15068,train,NA,R,S,R,S,R,NA,NA,NA,NA,R,JTME00000000,NA
kos_pa,SAMN03105766,AZPAE15069,train,S,NA,NA,NA,NA,NA,NA,S,R,NA,NA,JTMD00000000,NA
kos_pa,SAMN03105767,AZPAE15070,train,S,NA,NA,NA,NA,NA,NA,S,R,NA,NA,JTMC00000000,NA
kos_pa,SAMN03105768,AZPAE15071,train,S,NA,NA,NA,NA,NA,NA,R,R,NA,NA,JTMB00000000,NA
kos_pa,SAMN03105769,AZPAE15072,test,S,NA,NA,NA,NA,NA,NA,S,S,NA,NA,JTMA00000000,NA
kos_pa,SAMN04901651,AZPAE15064,train,NA,S,S,R,S,R,S,NA,NA,S,S,NA,SRR4417545
patric,SAMN04901621,287.8511,train,S,R,R,R,R,R,R,R,R,R,R,NA,SRR4417542
patric,SAMN04901622,287.8512,train,S,S,S,R,S,R,R,R,R,S,R,NA,SRR4417553
patric,SAMN04901623,287.8513,train,S,R,S,R,S,S,R,R,R,S,S,NA,SRR4417558
patric,SAMN04901624,287.8514,train,S,S,S,R,S,R,R,R,S,S,R,NA,SRR4417559
patric,SAMN04901625,287.8515,train,R,R,R,R,R,R,R,R,R,R,R,NA,SRR4417560
patric,SAMN04901626,287.8516,train,S,S,S,R,S,R,R,R,S,S,R,NA,SRR4417561
patric,SAMN04901627,287.8517,train,S,S,S,S,S,S,R,S,S,S,S,NA,SRR4417562
patric,SAMN04901628,287.8518,train,S,S,S,S,S,S,S,S,S,S,S,NA,SRR4417563
patric,SAMN04901629,287.8519,train,R,R,R,R,R,R,R,R,R,R,R,NA,SRR4417532
patric,SAMN04901632,287.8521,train,R,S,R,R,R,R,R,R,R,R,R,NA,SRR5122326
patric,SAMN04901633,287.8522,train,R,S,R,R,R,R,R,R,R,R,R,NA,SRR5122330
patric,SAMN04901635,287.8524,train,R,R,R,R,R,R,R,R,R,R,R,NA,SRR5122327
patric,SAMN04901636,287.8525,train,R,R,R,R,R,R,R,R,R,R,R,NA,SRR5122329
patric,SAMN04901637,287.8526,test,S,S,S,S,S,S,R,S,S,S,S,NA,SRR4417534
patric,SAMN04901638,287.8527,train,R,S,R,R,R,R,R,R,R,R,R,NA,SRR5122328
patric,SAMN04901639,287.8528,train,R,R,R,R,R,R,R,R,R,R,R,NA,SRR5122332
patric,SAMN04901640,287.8529,train,R,R,R,R,R,R,R,R,R,R,R,NA,SRR5122323
patric,SAMN04901642,287.8531,train,S,R,R,R,R,S,S,R,R,R,S,NA,SRR5122325
patric,SAMN04901643,287.8532,test,S,R,R,S,S,S,S,R,S,S,S,NA,SRR4417536
patric,SAMN04901644,287.8533,train,R,S,R,R,R,R,R,R,R,R,R,NA,SRR4417537
patric,SAMN04901645,287.8534,train,R,R,R,R,R,R,R,R,R,R,R,NA,SRR4417538
patric,SAMN04901646,287.8535,train,S,S,S,S,S,S,R,S,R,S,S,NA,SRR4417539
patric,SAMN04901647,287.8536,test,S,S,S,R,S,S,S,R,R,S,S,NA,SRR4417540
patric,SAMN04901648,287.8537,train,S,S,S,S,S,S,S,S,S,S,S,NA,SRR4417541
patric,SAMN04901649,287.8539,train,S,S,S,S,S,S,S,S,S,S,S,NA,SRR4417543
patric,SAMN04901650,287.8538,train,R,S,S,R,S,R,S,R,R,S,R,NA,SRR4417544
patric,SAMN04901652,287.8541,train,S,S,S,R,S,S,S,R,S,S,S,NA,SRR4417546
patric,SAMN04901653,287.8542,train,S,S,S,R,S,R,S,R,S,S,S,NA,SRR4417547
patric,SAMN04901654,287.8543,train,S,S,S,R,S,S,R,R,S,S,S,NA,SRR4417548
patric,SAMN04901655,287.8544,train,S,S,R,R,S,R,R,R,R,S,R,NA,SRR4417549
patric,SAMN04901656,287.8545,test,S,S,R,R,R,R,R,R,R,R,R,NA,SRR4417550
patric,SAMN04901657,287.8546,train,S,S,S,R,R,S,R,R,R,S,S,NA,SRR4417551
patric,SAMN04901658,287.8547,train,S,R,R,R,R,S,R,R,R,R,S,NA,SRR4417552
patric,SAMN04901659,287.8548,test,S,S,S,R,S,S,R,R,R,S,S,NA,SRR4417554
patric,SAMN04901660,287.8549,train,S,S,S,R,S,S,R,R,S,S,S,NA,SRR4417555
patric,SAMN04901662,287.8551,test,S,S,S,R,S,R,R,R,S,S,R,NA,SRR4417557
patric,SAMN05463124,287.8488,train,S,NA,R,NA,R,NA,NA,NA,NA,NA,NA,NA,SRR4019389
patric,SAMN05774241,287.3124,test,NA,NA,R,NA,NA,NA,R,NA,NA,NA,NA,NA,SRR5093495
patric,SAMN05774242,287.3112,train,NA,NA,R,NA,NA,NA,R,NA,NA,NA,NA,NA,SRR5093496
patric,SAMN05774243,287.3123,train,NA,NA,R,NA,NA,NA,R,NA,NA,NA,NA,NA,SRR5093498
patric,SAMN05774244,287.3126,train,NA,NA,R,NA,NA,NA,R,NA,NA,NA,NA,NA,SRR5093501
patric,SAMN05774245,287.3125,train,NA,NA,R,NA,NA,NA,R,NA,NA,NA,NA,NA,SRR5093532
patric,SAMN05774247,287.3116,test,NA,NA,R,NA,NA,NA,R,NA,NA,NA,NA,NA,SRR5093538
patric,SAMN05774248,287.3111,train,NA,NA,R,NA,NA,NA,R,NA,NA,NA,NA,NA,SRR5093544
patric,SAMN05774250,287.3117,train,NA,NA,R,NA,NA,NA,R,NA,NA,NA,NA,NA,SRR5093542
patric,SAMN05774251,287.3129,train,NA,NA,R,NA,NA,NA,R,NA,NA,NA,NA,NA,SRR5093671
patric,SAMN05774252,287.3105,train,NA,NA,R,NA,NA,NA,R,NA,NA,NA,NA,NA,SRR5093674
patric,SAMN05774253,287.3113,train,NA,NA,R,NA,NA,NA,R,NA,NA,NA,NA,NA,SRR5093676
patric,SAMN05774255,287.3109,train,NA,NA,R,NA,NA,NA,R,NA,NA,NA,NA,NA,SRR5093692
patric,SAMN05774256,287.3108,test,NA,NA,R,NA,NA,NA,R,NA,NA,NA,NA,NA,SRR5093696
patric,SAMN05774257,287.3106,test,NA,NA,R,NA,NA,NA,R,NA,NA,NA,NA,NA,SRR5093697
patric,SAMN05774258,287.3127,train,NA,NA,R,NA,NA,NA,R,NA,NA,NA,NA,NA,SRR5093713
patric,SAMN05774259,287.3119,train,NA,NA,R,NA,NA,NA,R,NA,NA,NA,NA,NA,SRR5093714
patric,SAMN05774260,287.3115,train,NA,NA,R,NA,NA,NA,R,NA,NA,NA,NA,NA,SRR5093717
patric,SAMN05774261,287.3128,test,NA,NA,R,NA,NA,NA,R,NA,NA,NA,NA,NA,SRR5093719
patric,SAMN05774262,287.3107,train,NA,NA,R,NA,NA,NA,R,NA,NA,NA,NA,NA,SRR5093748
patric,SAMN05774263,287.3122,train,NA,NA,R,NA,NA,NA,R,NA,NA,NA,NA,NA,SRR5093750
patric,SAMN05774264,287.3121,train,NA,NA,R,NA,NA,NA,R,NA,NA,NA,NA,NA,SRR5093752
patric,SAMN05774265,287.3118,train,NA,NA,R,NA,NA,NA,R,NA,NA,NA,NA,NA,SRR5093754
patric,SAMN05774266,287.3114,train,NA,NA,R,NA,NA,NA,R,NA,NA,NA,NA,NA,SRR5093757
patric,SAMN07185576,287.4074,test,NA,S,S,NA,S,NA,S,NA,S,S,NA,NA,SRR5642518
patric,SAMN07185577,287.4067,test,NA,S,S,NA,S,NA,R,NA,R,S,NA,NA,SRR5642513
patric,SAMN07185578,287.4062,train,NA,S,S,NA,S,NA,R,NA,R,S,NA,NA,SRR5642511
patric,SAMN07185579,287.4073,train,NA,S,S,NA,S,NA,R,NA,S,S,NA,NA,SRR5642517
patric,SAMN07185580,287.4077,test,NA,R,S,NA,R,NA,R,NA,R,S,NA,NA,SRR5642515
patric,SAMN07185581,287.4064,train,NA,S,S,NA,S,NA,R,NA,R,S,NA,NA,SRR5642514
patric,SAMN07185582,287.4071,train,NA,R,S,NA,R,NA,R,NA,R,S,NA,NA,SRR5642512
patric,SAMN07185583,287.4072,train,NA,R,R,NA,R,NA,R,NA,S,S,NA,NA,SRR5642509
patric,SAMN07185681,287.4057,train,NA,S,S,NA,S,NA,R,NA,S,S,NA,NA,SRR5642374
patric,SAMN07185682,287.4059,test,NA,R,R,NA,R,NA,R,NA,S,S,NA,NA,SRR5642371
patric,SAMN07185683,287.4054,test,NA,S,S,NA,S,NA,S,NA,S,S,NA,NA,SRR5642372
patric,SAMN07185684,287.4058,train,NA,R,R,NA,S,NA,S,NA,S,R,NA,NA,SRR5642373
patric,SAMN07185685,287.4075,train,NA,R,R,NA,R,NA,R,NA,R,R,NA,NA,SRR5642377
patric,SAMN07185686,287.4056,test,NA,R,S,NA,S,NA,R,NA,S,S,NA,NA,SRR5642376
patric,SAMN07185687,287.4055,test,NA,S,S,NA,S,NA,R,NA,S,S,NA,NA,SRR5642375
patric,SAMN07185688,287.4068,train,NA,R,R,NA,R,NA,R,NA,R,R,NA,NA,SRR5642519
patric,SAMN07185689,287.4078,train,NA,S,S,NA,S,NA,S,NA,S,S,NA,NA,SRR5642510
patric,SAMN07185690,287.4076,train,NA,S,S,NA,R,NA,R,NA,S,S,NA,NA,SRR5642508
patric,SAMN07185691,287.4065,train,NA,S,S,NA,S,NA,R,NA,S,S,NA,NA,SRR5642507
patric,SAMN07185692,287.4063,train,NA,S,S,NA,S,NA,R,NA,S,S,NA,NA,SRR5642502
patric,SAMN07185693,287.4066,train,NA,R,R,NA,R,NA,R,NA,R,S,NA,NA,SRR5642503
patric,SAMN07185694,287.4069,train,NA,R,R,NA,R,NA,R,NA,R,S,NA,NA,SRR5642504
patric,SAMN07185695,287.4061,test,NA,S,R,NA,S,NA,R,NA,R,S,NA,NA,SRR5642380
patric,SAMN07291501,287.5703,train,S,R,R,R,R,R,R,R,R,R,R,NA,SRR6799384
patric,SAMN07291501,287.5703,train,S,R,R,R,R,R,R,R,R,R,R,NA,SRR6799385
patric,SAMN07291501,287.5703,train,S,R,R,R,R,R,R,R,R,R,R,NA,SRR6799386
patric,SAMN07291552,287.6326,train,S,R,R,R,R,S,R,R,R,R,S,NA,SRR6995001
patric,SAMN07291552,287.6326,train,S,R,R,R,R,S,R,R,R,R,S,NA,SRR6995002
patric,SAMN05774246,287.312,train,NA,NA,R,NA,NA,NA,R,NA,NA,NA,NA,NA,SRR5093535
patric,SAMN05774249,287.313,test,NA,NA,R,NA,NA,NA,R,NA,NA,NA,NA,NA,SRR5093541
patric,SAMN05774254,287.311,test,NA,NA,R,NA,NA,NA,R,NA,NA,NA,NA,NA,SRR5093687
patric,SAMN07185680,287.407,train,NA,S,S,NA,S,NA,S,NA,S,S,NA,NA,SRR5642378
patric,SAMN07185696,287.406,train,NA,R,S,NA,R,NA,R,NA,R,R,NA,NA,SRR5642379
