Run,Assay Type,AvgSpotLen,Bases,BioProject,BioSample,BioSampleModel,Bytes,Center Name,collected_by,Collection_Date,Consent,DATASTORE filetype,DATASTORE provider,DATASTORE region,Experiment,geo_loc_name_country,geo_loc_name_country_continent,geo_loc_name,Instrument,Isolation_Source,Lat_Lon,Library Name,LibraryLayout,LibrarySelection,LibrarySource,Organism,Platform,ReleaseDate,Sample Name,SRA Study,STRAIN,Host_disease,Host,sub_species,Methicillin
SRR7296768,WGS,302,560293050,PRJNA475751,SAMN09401041,Pathogen.cl,240729067,UNIVERSITY OF PITTSBURGH,University of Pittsburgh Medical Center,2017,public,"sra,fastq",s3,s3.us-east-1,SRX4199605,USA,North America,"USA: Pittsburgh\, Pennsylvania",NextSeq 500,wound,40.44 N 79.97 W,MRSA10230,PAIRED,RANDOM,GENOMIC,Staphylococcus aureus,ILLUMINA,2019-06-24T00:00:00Z,MRSA10230,SRP150360,MRSA10230,not collected,Homo sapiens,NA,R
SRR7296769,WGS,302,528815288,PRJNA475751,SAMN09401064,Pathogen.cl,233833536,UNIVERSITY OF PITTSBURGH,University of Pittsburgh Medical Center,2017,public,"fastq,sra",s3,s3.us-east-1,SRX4199604,USA,North America,"USA: Pittsburgh\, Pennsylvania",NextSeq 500,wound,40.44 N 79.97 W,MRSA10254,PAIRED,RANDOM,GENOMIC,Staphylococcus aureus,ILLUMINA,2019-06-24T00:00:00Z,MRSA10254,SRP150360,MRSA10254,not collected,Homo sapiens,NA,R
SRR7296772,WGS,302,337227696,PRJNA475751,SAMN09401075,Pathogen.cl,149554905,UNIVERSITY OF PITTSBURGH,University of Pittsburgh Medical Center,2017,public,"fastq,sra",s3,s3.us-east-1,SRX4199601,USA,North America,"USA: Pittsburgh\, Pennsylvania",NextSeq 500,sputum,40.44 N 79.97 W,MRSA10265,PAIRED,RANDOM,GENOMIC,Staphylococcus aureus,ILLUMINA,2019-06-24T00:00:00Z,MRSA10265,SRP150360,MRSA10265,not collected,Homo sapiens,NA,R
SRR7296809,WGS,302,418554182,PRJNA475751,SAMN09401068,Pathogen.cl,183812943,UNIVERSITY OF PITTSBURGH,University of Pittsburgh Medical Center,2017,public,"fastq,sra",s3,s3.us-east-1,SRX4199564,USA,North America,"USA: Pittsburgh\, Pennsylvania",NextSeq 500,wound,40.44 N 79.97 W,MRSA10258,PAIRED,RANDOM,GENOMIC,Staphylococcus aureus,ILLUMINA,2019-06-24T00:00:00Z,MRSA10258,SRP150360,MRSA10258,not collected,Homo sapiens,NA,R
SRR7296811,WGS,302,592490478,PRJNA475751,SAMN09401067,Pathogen.cl,261449824,UNIVERSITY OF PITTSBURGH,University of Pittsburgh Medical Center,2017,public,"sra,fastq",s3,s3.us-east-1,SRX4199562,USA,North America,"USA: Pittsburgh\, Pennsylvania",NextSeq 500,wound,40.44 N 79.97 W,MRSA10257,PAIRED,RANDOM,GENOMIC,Staphylococcus aureus,ILLUMINA,2019-06-24T00:00:00Z,MRSA10257,SRP150360,MRSA10257,not collected,Homo sapiens,NA,R
SRR7296836,WGS,302,583288840,PRJNA475751,SAMN09401107,Pathogen.cl,247344083,UNIVERSITY OF PITTSBURGH,University of Pittsburgh Medical Center,2017,public,"fastq,sra",s3,s3.us-east-1,SRX4199537,USA,North America,"USA: Pittsburgh\, Pennsylvania",NextSeq 500,blood,40.44 N 79.97 W,MRSA10297,PAIRED,RANDOM,GENOMIC,Staphylococcus aureus,ILLUMINA,2019-06-24T00:00:00Z,MRSA10297,SRP150360,MRSA10297,not collected,Homo sapiens,NA,R
SRR7296838,WGS,302,469011738,PRJNA475751,SAMN09400900,Pathogen.cl,205474534,UNIVERSITY OF PITTSBURGH,University of Pittsburgh Medical Center,2016,public,"sra,fastq",s3,s3.us-east-1,SRX4199535,USA,North America,"USA: Pittsburgh\, Pennsylvania",NextSeq 500,sputum,40.44 N 79.97 W,MRSA10072,PAIRED,RANDOM,GENOMIC,Staphylococcus aureus,ILLUMINA,2019-06-24T00:00:00Z,MRSA10072,SRP150360,MRSA10072,not collected,Homo sapiens,NA,R
SRR7296839,WGS,302,755720572,PRJNA475751,SAMN09400899,Pathogen.cl,324299800,UNIVERSITY OF PITTSBURGH,University of Pittsburgh Medical Center,2016,public,"fastq,sra",s3,s3.us-east-1,SRX4199534,USA,North America,"USA: Pittsburgh\, Pennsylvania",NextSeq 500,sputum,40.44 N 79.97 W,MRSA10071,PAIRED,RANDOM,GENOMIC,Staphylococcus aureus,ILLUMINA,2019-06-24T00:00:00Z,MRSA10071,SRP150360,MRSA10071,not collected,Homo sapiens,NA,R
SRR7296840,WGS,302,199293726,PRJNA475751,SAMN09400902,Pathogen.cl,86576088,UNIVERSITY OF PITTSBURGH,University of Pittsburgh Medical Center,2016,public,"sra,fastq",s3,s3.us-east-1,SRX4199533,USA,North America,"USA: Pittsburgh\, Pennsylvania",NextSeq 500,blood,40.44 N 79.97 W,MRSA10075,PAIRED,RANDOM,GENOMIC,Staphylococcus aureus,ILLUMINA,2019-06-24T00:00:00Z,MRSA10075,SRP150360,MRSA10075,not collected,Homo sapiens,NA,R
SRR7296841,WGS,302,355598356,PRJNA475751,SAMN09400901,Pathogen.cl,155292423,UNIVERSITY OF PITTSBURGH,University of Pittsburgh Medical Center,2016,public,"fastq,sra",s3,s3.us-east-1,SRX4199532,USA,North America,"USA: Pittsburgh\, Pennsylvania",NextSeq 500,wound,40.44 N 79.97 W,MRSA10073,PAIRED,RANDOM,GENOMIC,Staphylococcus aureus,ILLUMINA,2019-06-24T00:00:00Z,MRSA10073,SRP150360,MRSA10073,not collected,Homo sapiens,NA,R
SRR7296842,WGS,302,110076886,PRJNA475751,SAMN09400904,Pathogen.cl,47870161,UNIVERSITY OF PITTSBURGH,University of Pittsburgh Medical Center,2016,public,"fastq,sra",s3,s3.us-east-1,SRX4199531,USA,North America,"USA: Pittsburgh\, Pennsylvania",NextSeq 500,blood,40.44 N 79.97 W,MRSA10077,PAIRED,RANDOM,GENOMIC,Staphylococcus aureus,ILLUMINA,2019-06-24T00:00:00Z,MRSA10077,SRP150360,MRSA10077,not collected,Homo sapiens,NA,R
SRR7296843,WGS,302,348024800,PRJNA475751,SAMN09400903,Pathogen.cl,153941050,UNIVERSITY OF PITTSBURGH,University of Pittsburgh Medical Center,2016,public,"fastq,sra",s3,s3.us-east-1,SRX4199530,USA,North America,"USA: Pittsburgh\, Pennsylvania",NextSeq 500,sputum,40.44 N 79.97 W,MRSA10076,PAIRED,RANDOM,GENOMIC,Staphylococcus aureus,ILLUMINA,2019-06-24T00:00:00Z,MRSA10076,SRP150360,MRSA10076,not collected,Homo sapiens,NA,R
SRR7296844,WGS,302,312112168,PRJNA475751,SAMN09400906,Pathogen.cl,136508583,UNIVERSITY OF PITTSBURGH,University of Pittsburgh Medical Center,2016,public,"sra,fastq",s3,s3.us-east-1,SRX4199529,USA,North America,"USA: Pittsburgh\, Pennsylvania",NextSeq 500,blood,40.44 N 79.97 W,MRSA10079,PAIRED,RANDOM,GENOMIC,Staphylococcus aureus,ILLUMINA,2019-06-24T00:00:00Z,MRSA10079,SRP150360,MRSA10079,not collected,Homo sapiens,NA,R
SRR7296845,WGS,302,516797802,PRJNA475751,SAMN09400905,Pathogen.cl,223831019,UNIVERSITY OF PITTSBURGH,University of Pittsburgh Medical Center,2016,public,"fastq,sra",s3,s3.us-east-1,SRX4199528,USA,North America,"USA: Pittsburgh\, Pennsylvania",NextSeq 500,wound,40.44 N 79.97 W,MRSA10078,PAIRED,RANDOM,GENOMIC,Staphylococcus aureus,ILLUMINA,2019-06-24T00:00:00Z,MRSA10078,SRP150360,MRSA10078,not collected,Homo sapiens,NA,R
SRR7296846,WGS,302,508699068,PRJNA475751,SAMN09400908,Pathogen.cl,235559793,UNIVERSITY OF PITTSBURGH,University of Pittsburgh Medical Center,2016,public,"sra,fastq",s3,s3.us-east-1,SRX4199527,USA,North America,"USA: Pittsburgh\, Pennsylvania",NextSeq 500,wound,40.44 N 79.97 W,MRSA10081,PAIRED,RANDOM,GENOMIC,Staphylococcus aureus,ILLUMINA,2019-06-24T00:00:00Z,MRSA10081,SRP150360,MRSA10081,not collected,Homo sapiens,NA,R
SRR7296847,WGS,302,259181232,PRJNA475751,SAMN09400907,Pathogen.cl,112093462,UNIVERSITY OF PITTSBURGH,University of Pittsburgh Medical Center,2016,public,"sra,fastq",s3,s3.us-east-1,SRX4199526,USA,North America,"USA: Pittsburgh\, Pennsylvania",NextSeq 500,blood,40.44 N 79.97 W,MRSA10080,PAIRED,RANDOM,GENOMIC,Staphylococcus aureus,ILLUMINA,2019-06-24T00:00:00Z,MRSA10080,SRP150360,MRSA10080,not collected,Homo sapiens,NA,R
SRR7296865,WGS,302,505302172,PRJNA475751,SAMN09401066,Pathogen.cl,226608289,UNIVERSITY OF PITTSBURGH,University of Pittsburgh Medical Center,2017,public,"sra,fastq",s3,s3.us-east-1,SRX4199508,USA,North America,"USA: Pittsburgh\, Pennsylvania",NextSeq 500,sputum,40.44 N 79.97 W,MRSA10256,PAIRED,RANDOM,GENOMIC,Staphylococcus aureus,ILLUMINA,2019-06-24T00:00:00Z,MRSA10256,SRP150360,MRSA10256,not collected,Homo sapiens,NA,R
SRR7296866,WGS,302,567168986,PRJNA475751,SAMN09401065,Pathogen.cl,250037173,UNIVERSITY OF PITTSBURGH,University of Pittsburgh Medical Center,2017,public,"fastq,sra",s3,s3.us-east-1,SRX4199507,USA,North America,"USA: Pittsburgh\, Pennsylvania",NextSeq 500,wound,40.44 N 79.97 W,MRSA10255,PAIRED,RANDOM,GENOMIC,Staphylococcus aureus,ILLUMINA,2019-06-24T00:00:00Z,MRSA10255,SRP150360,MRSA10255,not collected,Homo sapiens,NA,R
SRR7296868,WGS,302,498347716,PRJNA475751,SAMN09401063,Pathogen.cl,221283077,UNIVERSITY OF PITTSBURGH,University of Pittsburgh Medical Center,2017,public,"sra,fastq",s3,s3.us-east-1,SRX4199505,USA,North America,"USA: Pittsburgh\, Pennsylvania",NextSeq 500,respiratory,40.44 N 79.97 W,MRSA10253,PAIRED,RANDOM,GENOMIC,Staphylococcus aureus,ILLUMINA,2019-06-24T00:00:00Z,MRSA10253,SRP150360,MRSA10253,not collected,Homo sapiens,NA,R
SRR7296869,WGS,302,525702876,PRJNA475751,SAMN09401062,Pathogen.cl,232444073,UNIVERSITY OF PITTSBURGH,University of Pittsburgh Medical Center,2017,public,"fastq,sra",s3,s3.us-east-1,SRX4199504,USA,North America,"USA: Pittsburgh\, Pennsylvania",NextSeq 500,sputum,40.44 N 79.97 W,MRSA10252,PAIRED,RANDOM,GENOMIC,Staphylococcus aureus,ILLUMINA,2019-06-24T00:00:00Z,MRSA10252,SRP150360,MRSA10252,not collected,Homo sapiens,NA,R
SRR7296870,WGS,302,583310886,PRJNA475751,SAMN09401061,Pathogen.cl,258924351,UNIVERSITY OF PITTSBURGH,University of Pittsburgh Medical Center,2017,public,"fastq,sra",s3,s3.us-east-1,SRX4199503,USA,North America,"USA: Pittsburgh\, Pennsylvania",NextSeq 500,sputum,40.44 N 79.97 W,MRSA10251,PAIRED,RANDOM,GENOMIC,Staphylococcus aureus,ILLUMINA,2019-06-24T00:00:00Z,MRSA10251,SRP150360,MRSA10251,not collected,Homo sapiens,NA,R
SRR7296871,WGS,302,453913550,PRJNA475751,SAMN09401007,Pathogen.cl,204718714,UNIVERSITY OF PITTSBURGH,University of Pittsburgh Medical Center,2017,public,"sra,fastq",s3,s3.us-east-1,SRX4199502,USA,North America,"USA: Pittsburgh\, Pennsylvania",NextSeq 500,sputum,40.44 N 79.97 W,MRSA10192,PAIRED,RANDOM,GENOMIC,Staphylococcus aureus,ILLUMINA,2019-06-24T00:00:00Z,MRSA10192,SRP150360,MRSA10192,not collected,Homo sapiens,NA,R
SRR7296872,WGS,302,429651474,PRJNA475751,SAMN09401008,Pathogen.cl,195970137,UNIVERSITY OF PITTSBURGH,University of Pittsburgh Medical Center,2017,public,"fastq,sra",s3,s3.us-east-1,SRX4199501,USA,North America,"USA: Pittsburgh\, Pennsylvania",NextSeq 500,sputum,40.44 N 79.97 W,MRSA10193,PAIRED,RANDOM,GENOMIC,Staphylococcus aureus,ILLUMINA,2019-06-24T00:00:00Z,MRSA10193,SRP150360,MRSA10193,not collected,Homo sapiens,NA,R
SRR7296873,WGS,302,785040242,PRJNA475751,SAMN09401005,Pathogen.cl,342863363,UNIVERSITY OF PITTSBURGH,University of Pittsburgh Medical Center,2017,public,"sra,fastq",s3,s3.us-east-1,SRX4199500,USA,North America,"USA: Pittsburgh\, Pennsylvania",NextSeq 500,blood,40.44 N 79.97 W,MRSA10190,PAIRED,RANDOM,GENOMIC,Staphylococcus aureus,ILLUMINA,2019-06-24T00:00:00Z,MRSA10190,SRP150360,MRSA10190,not collected,Homo sapiens,NA,R
SRR7296874,WGS,302,994639718,PRJNA475751,SAMN09401006,Pathogen.cl,445997103,UNIVERSITY OF PITTSBURGH,University of Pittsburgh Medical Center,2017,public,"fastq,sra",s3,s3.us-east-1,SRX4199499,USA,North America,"USA: Pittsburgh\, Pennsylvania",NextSeq 500,sputum,40.44 N 79.97 W,MRSA10191,PAIRED,RANDOM,GENOMIC,Staphylococcus aureus,ILLUMINA,2019-06-24T00:00:00Z,MRSA10191,SRP150360,MRSA10191,not collected,Homo sapiens,NA,R
SRR7296875,WGS,302,569695820,PRJNA475751,SAMN09401003,Pathogen.cl,249162730,UNIVERSITY OF PITTSBURGH,University of Pittsburgh Medical Center,2017,public,"fastq,sra",s3,s3.us-east-1,SRX4199498,USA,North America,"USA: Pittsburgh\, Pennsylvania",NextSeq 500,sputum,40.44 N 79.97 W,MRSA10188,PAIRED,RANDOM,GENOMIC,Staphylococcus aureus,ILLUMINA,2019-06-24T00:00:00Z,MRSA10188,SRP150360,MRSA10188,not collected,Homo sapiens,NA,R
SRR7296876,WGS,302,609626562,PRJNA475751,SAMN09401004,Pathogen.cl,266954783,UNIVERSITY OF PITTSBURGH,University of Pittsburgh Medical Center,2017,public,"sra,fastq",s3,s3.us-east-1,SRX4199497,USA,North America,"USA: Pittsburgh\, Pennsylvania",NextSeq 500,sputum,40.44 N 79.97 W,MRSA10189,PAIRED,RANDOM,GENOMIC,Staphylococcus aureus,ILLUMINA,2019-06-24T00:00:00Z,MRSA10189,SRP150360,MRSA10189,not collected,Homo sapiens,NA,R
SRR7296877,WGS,302,419575848,PRJNA475751,SAMN09401001,Pathogen.cl,185450992,UNIVERSITY OF PITTSBURGH,University of Pittsburgh Medical Center,2017,public,"fastq,sra",s3,s3.us-east-1,SRX4199496,USA,North America,"USA: Pittsburgh\, Pennsylvania",NextSeq 500,wound,40.44 N 79.97 W,MRSA10186,PAIRED,RANDOM,GENOMIC,Staphylococcus aureus,ILLUMINA,2019-06-24T00:00:00Z,MRSA10186,SRP150360,MRSA10186,not collected,Homo sapiens,NA,R
SRR7296878,WGS,302,586597552,PRJNA475751,SAMN09401002,Pathogen.cl,257205647,UNIVERSITY OF PITTSBURGH,University of Pittsburgh Medical Center,2017,public,"fastq,sra",s3,s3.us-east-1,SRX4199495,USA,North America,"USA: Pittsburgh\, Pennsylvania",NextSeq 500,sputum,40.44 N 79.97 W,MRSA10187,PAIRED,RANDOM,GENOMIC,Staphylococcus aureus,ILLUMINA,2019-06-24T00:00:00Z,MRSA10187,SRP150360,MRSA10187,not collected,Homo sapiens,NA,R
SRR7296879,WGS,302,470818906,PRJNA475751,SAMN09400999,Pathogen.cl,207891172,UNIVERSITY OF PITTSBURGH,University of Pittsburgh Medical Center,2017,public,"sra,fastq",s3,s3.us-east-1,SRX4199494,USA,North America,"USA: Pittsburgh\, Pennsylvania",NextSeq 500,sputum,40.44 N 79.97 W,MRSA10184,PAIRED,RANDOM,GENOMIC,Staphylococcus aureus,ILLUMINA,2019-06-24T00:00:00Z,MRSA10184,SRP150360,MRSA10184,not collected,Homo sapiens,NA,R
SRR7296880,WGS,302,386773212,PRJNA475751,SAMN09401000,Pathogen.cl,169287929,UNIVERSITY OF PITTSBURGH,University of Pittsburgh Medical Center,2017,public,"fastq,sra",s3,s3.us-east-1,SRX4199493,USA,North America,"USA: Pittsburgh\, Pennsylvania",NextSeq 500,wound,40.44 N 79.97 W,MRSA10185,PAIRED,RANDOM,GENOMIC,Staphylococcus aureus,ILLUMINA,2019-06-24T00:00:00Z,MRSA10185,SRP150360,MRSA10185,not collected,Homo sapiens,NA,R
SRR7296885,WGS,302,633181656,PRJNA475751,SAMN09401094,Pathogen.cl,269564566,UNIVERSITY OF PITTSBURGH,University of Pittsburgh Medical Center,2017,public,"fastq,sra",s3,s3.us-east-1,SRX4199488,USA,North America,"USA: Pittsburgh\, Pennsylvania",NextSeq 500,blood,40.44 N 79.97 W,MRSA10284,PAIRED,RANDOM,GENOMIC,Staphylococcus aureus,ILLUMINA,2019-06-24T00:00:00Z,MRSA10284,SRP150360,MRSA10284,not collected,Homo sapiens,NA,R
SRR7296921,WGS,302,402586838,PRJNA475751,SAMN09400896,Pathogen.cl,174221178,UNIVERSITY OF PITTSBURGH,University of Pittsburgh Medical Center,2016,public,"sra,fastq",s3,s3.us-east-1,SRX4199452,USA,North America,"USA: Pittsburgh\, Pennsylvania",NextSeq 500,sputum,40.44 N 79.97 W,MRSA10068,PAIRED,RANDOM,GENOMIC,Staphylococcus aureus,ILLUMINA,2019-06-24T00:00:00Z,MRSA10068,SRP150360,MRSA10068,not collected,Homo sapiens,NA,R
SRR7296934,WGS,302,453627254,PRJNA475751,SAMN09400898,Pathogen.cl,209398080,UNIVERSITY OF PITTSBURGH,University of Pittsburgh Medical Center,2016,public,"fastq,sra",s3,s3.us-east-1,SRX4199439,USA,North America,"USA: Pittsburgh\, Pennsylvania",NextSeq 500,wound,40.44 N 79.97 W,MRSA10070,PAIRED,RANDOM,GENOMIC,Staphylococcus aureus,ILLUMINA,2019-06-24T00:00:00Z,MRSA10070,SRP150360,MRSA10070,not collected,Homo sapiens,NA,R
SRR7296938,WGS,302,693635412,PRJNA475751,SAMN09401100,Pathogen.cl,297481833,UNIVERSITY OF PITTSBURGH,University of Pittsburgh Medical Center,2017,public,"sra,fastq",s3,s3.us-east-1,SRX4199435,USA,North America,"USA: Pittsburgh\, Pennsylvania",NextSeq 500,blood,40.44 N 79.97 W,MRSA10290,PAIRED,RANDOM,GENOMIC,Staphylococcus aureus,ILLUMINA,2019-06-24T00:00:00Z,MRSA10290,SRP150360,MRSA10290,not collected,Homo sapiens,NA,R
SRR7296952,WGS,302,341589180,PRJNA475751,SAMN09401038,Pathogen.cl,145434095,UNIVERSITY OF PITTSBURGH,University of Pittsburgh Medical Center,2017,public,"sra,fastq",s3,s3.us-east-1,SRX4199421,USA,North America,"USA: Pittsburgh\, Pennsylvania",NextSeq 500,blood,40.44 N 79.97 W,MRSA10225,PAIRED,RANDOM,GENOMIC,Staphylococcus aureus,ILLUMINA,2019-06-24T00:00:00Z,MRSA10225,SRP150360,MRSA10225,not collected,Homo sapiens,NA,R
SRR7296953,WGS,302,630995176,PRJNA475751,SAMN09401037,Pathogen.cl,270210495,UNIVERSITY OF PITTSBURGH,University of Pittsburgh Medical Center,2017,public,"fastq,sra",s3,s3.us-east-1,SRX4199420,USA,North America,"USA: Pittsburgh\, Pennsylvania",NextSeq 500,sputum,40.44 N 79.97 W,MRSA10224,PAIRED,RANDOM,GENOMIC,Staphylococcus aureus,ILLUMINA,2019-06-24T00:00:00Z,MRSA10224,SRP150360,MRSA10224,not collected,Homo sapiens,NA,R
SRR7296954,WGS,302,770673800,PRJNA475751,SAMN09401093,Pathogen.cl,331510109,UNIVERSITY OF PITTSBURGH,University of Pittsburgh Medical Center,2017,public,"sra,fastq",s3,s3.us-east-1,SRX4199419,USA,North America,"USA: Pittsburgh\, Pennsylvania",NextSeq 500,sputum,40.44 N 79.97 W,MRSA10283,PAIRED,RANDOM,GENOMIC,Staphylococcus aureus,ILLUMINA,2019-06-24T00:00:00Z,MRSA10283,SRP150360,MRSA10283,not collected,Homo sapiens,NA,R
SRR7296955,WGS,302,632338774,PRJNA475751,SAMN09401030,Pathogen.cl,272174164,UNIVERSITY OF PITTSBURGH,University of Pittsburgh Medical Center,2017,public,"sra,fastq",s3,s3.us-east-1,SRX4199418,USA,North America,"USA: Pittsburgh\, Pennsylvania",NextSeq 500,urine,40.44 N 79.97 W,MRSA10215,PAIRED,RANDOM,GENOMIC,Staphylococcus aureus,ILLUMINA,2019-06-24T00:00:00Z,MRSA10215,SRP150360,MRSA10215,not collected,Homo sapiens,NA,R
SRR7296956,WGS,302,727248314,PRJNA475751,SAMN09401029,Pathogen.cl,311551511,UNIVERSITY OF PITTSBURGH,University of Pittsburgh Medical Center,2017,public,"fastq,sra",s3,s3.us-east-1,SRX4199417,USA,North America,"USA: Pittsburgh\, Pennsylvania",NextSeq 500,wound,40.44 N 79.97 W,MRSA10214,PAIRED,RANDOM,GENOMIC,Staphylococcus aureus,ILLUMINA,2019-06-24T00:00:00Z,MRSA10214,SRP150360,MRSA10214,not collected,Homo sapiens,NA,R
SRR7296957,WGS,302,257718948,PRJNA475751,SAMN09401032,Pathogen.cl,112559997,UNIVERSITY OF PITTSBURGH,University of Pittsburgh Medical Center,2017,public,"fastq,sra",s3,s3.us-east-1,SRX4199416,USA,North America,"USA: Pittsburgh\, Pennsylvania",NextSeq 500,wound,40.44 N 79.97 W,MRSA10217,PAIRED,RANDOM,GENOMIC,Staphylococcus aureus,ILLUMINA,2019-06-24T00:00:00Z,MRSA10217,SRP150360,MRSA10217,not collected,Homo sapiens,NA,R
SRR7296958,WGS,302,276990172,PRJNA475751,SAMN09401031,Pathogen.cl,121333542,UNIVERSITY OF PITTSBURGH,University of Pittsburgh Medical Center,2017,public,"fastq,sra",s3,s3.us-east-1,SRX4199415,USA,North America,"USA: Pittsburgh\, Pennsylvania",NextSeq 500,bronch,40.44 N 79.97 W,MRSA10216,PAIRED,RANDOM,GENOMIC,Staphylococcus aureus,ILLUMINA,2019-06-24T00:00:00Z,MRSA10216,SRP150360,MRSA10216,not collected,Homo sapiens,NA,R
SRR7296959,WGS,302,582028292,PRJNA475751,SAMN09401034,Pathogen.cl,255797119,UNIVERSITY OF PITTSBURGH,University of Pittsburgh Medical Center,2017,public,"fastq,sra",s3,s3.us-east-1,SRX4199414,USA,North America,"USA: Pittsburgh\, Pennsylvania",NextSeq 500,sputum,40.44 N 79.97 W,MRSA10219,PAIRED,RANDOM,GENOMIC,Staphylococcus aureus,ILLUMINA,2019-06-24T00:00:00Z,MRSA10219,SRP150360,MRSA10219,not collected,Homo sapiens,NA,R
SRR7296960,WGS,302,329134096,PRJNA475751,SAMN09401033,Pathogen.cl,143273959,UNIVERSITY OF PITTSBURGH,University of Pittsburgh Medical Center,2017,public,"sra,fastq",s3,s3.us-east-1,SRX4199413,USA,North America,"USA: Pittsburgh\, Pennsylvania",NextSeq 500,wound,40.44 N 79.97 W,MRSA10218,PAIRED,RANDOM,GENOMIC,Staphylococcus aureus,ILLUMINA,2019-06-24T00:00:00Z,MRSA10218,SRP150360,MRSA10218,not collected,Homo sapiens,NA,R
SRR7296961,WGS,302,826076002,PRJNA475751,SAMN09401036,Pathogen.cl,355669742,UNIVERSITY OF PITTSBURGH,University of Pittsburgh Medical Center,2017,public,"fastq,sra",s3,s3.us-east-1,SRX4199412,USA,North America,"USA: Pittsburgh\, Pennsylvania",NextSeq 500,blood,40.44 N 79.97 W,MRSA10223,PAIRED,RANDOM,GENOMIC,Staphylococcus aureus,ILLUMINA,2019-06-24T00:00:00Z,MRSA10223,SRP150360,MRSA10223,not collected,Homo sapiens,NA,R
SRR7296962,WGS,302,429999378,PRJNA475751,SAMN09401035,Pathogen.cl,188928113,UNIVERSITY OF PITTSBURGH,University of Pittsburgh Medical Center,2017,public,"fastq,sra",s3,s3.us-east-1,SRX4199411,USA,North America,"USA: Pittsburgh\, Pennsylvania",NextSeq 500,blood,40.44 N 79.97 W,MRSA10220,PAIRED,RANDOM,GENOMIC,Staphylococcus aureus,ILLUMINA,2019-06-24T00:00:00Z,MRSA10220,SRP150360,MRSA10220,not collected,Homo sapiens,NA,R
SRR7296963,WGS,302,471964392,PRJNA475751,SAMN09401095,Pathogen.cl,201217021,UNIVERSITY OF PITTSBURGH,University of Pittsburgh Medical Center,2017,public,"fastq,sra",s3,s3.us-east-1,SRX4199410,USA,North America,"USA: Pittsburgh\, Pennsylvania",NextSeq 500,tissue,40.44 N 79.97 W,MRSA10285,PAIRED,RANDOM,GENOMIC,Staphylococcus aureus,ILLUMINA,2019-06-24T00:00:00Z,MRSA10285,SRP150360,MRSA10285,not collected,Homo sapiens,NA,R
SRR7296969,WGS,302,628107452,PRJNA475751,SAMN09401096,Pathogen.cl,267702227,UNIVERSITY OF PITTSBURGH,University of Pittsburgh Medical Center,2017,public,"fastq,sra",s3,s3.us-east-1,SRX4199404,USA,North America,"USA: Pittsburgh\, Pennsylvania",NextSeq 500,sputum,40.44 N 79.97 W,MRSA10286,PAIRED,RANDOM,GENOMIC,Staphylococcus aureus,ILLUMINA,2019-06-24T00:00:00Z,MRSA10286,SRP150360,MRSA10286,not collected,Homo sapiens,NA,R
SRR7296973,WGS,302,756373496,PRJNA475751,SAMN09401089,Pathogen.cl,357637979,UNIVERSITY OF PITTSBURGH,University of Pittsburgh Medical Center,2017,public,"fastq,sra",s3,s3.us-east-1,SRX4199400,USA,North America,"USA: Pittsburgh\, Pennsylvania",NextSeq 500,sputum,40.44 N 79.97 W,MRSA10279,PAIRED,RANDOM,GENOMIC,Staphylococcus aureus,ILLUMINA,2019-06-24T00:00:00Z,MRSA10279,SRP150360,MRSA10279,not collected,Homo sapiens,NA,R
SRR7296974,WGS,302,394859262,PRJNA475751,SAMN09401090,Pathogen.cl,170063188,UNIVERSITY OF PITTSBURGH,University of Pittsburgh Medical Center,2017,public,"sra,fastq",s3,s3.us-east-1,SRX4199399,USA,North America,"USA: Pittsburgh\, Pennsylvania",NextSeq 500,sputum,40.44 N 79.97 W,MRSA10280,PAIRED,RANDOM,GENOMIC,Staphylococcus aureus,ILLUMINA,2019-06-24T00:00:00Z,MRSA10280,SRP150360,MRSA10280,not collected,Homo sapiens,NA,R
SRR7296976,WGS,302,683553142,PRJNA475751,SAMN09401091,Pathogen.cl,291159668,UNIVERSITY OF PITTSBURGH,University of Pittsburgh Medical Center,2017,public,"sra,fastq",s3,s3.us-east-1,SRX4199397,USA,North America,"USA: Pittsburgh\, Pennsylvania",NextSeq 500,sputum,40.44 N 79.97 W,MRSA10281,PAIRED,RANDOM,GENOMIC,Staphylococcus aureus,ILLUMINA,2019-06-24T00:00:00Z,MRSA10281,SRP150360,MRSA10281,not collected,Homo sapiens,NA,R
SRR7296978,WGS,302,628140370,PRJNA475751,SAMN09401092,Pathogen.cl,267824182,UNIVERSITY OF PITTSBURGH,University of Pittsburgh Medical Center,2017,public,"fastq,sra",s3,s3.us-east-1,SRX4199395,USA,North America,"USA: Pittsburgh\, Pennsylvania",NextSeq 500,sputum,40.44 N 79.97 W,MRSA10282,PAIRED,RANDOM,GENOMIC,Staphylococcus aureus,ILLUMINA,2019-06-24T00:00:00Z,MRSA10282,SRP150360,MRSA10282,not collected,Homo sapiens,NA,R
SRR7296979,WGS,302,541664784,PRJNA475751,SAMN09400961,Pathogen.cl,237570559,UNIVERSITY OF PITTSBURGH,University of Pittsburgh Medical Center,2017,public,"fastq,sra",s3,s3.us-east-1,SRX4199394,USA,North America,"USA: Pittsburgh\, Pennsylvania",NextSeq 500,wound,40.44 N 79.97 W,MRSA10140,PAIRED,RANDOM,GENOMIC,Staphylococcus aureus,ILLUMINA,2019-06-24T00:00:00Z,MRSA10140,SRP150360,MRSA10140,not collected,Homo sapiens,NA,R
SRR7296980,WGS,302,808087674,PRJNA475751,SAMN09400962,Pathogen.cl,353608872,UNIVERSITY OF PITTSBURGH,University of Pittsburgh Medical Center,2017,public,"fastq,sra",s3,s3.us-east-1,SRX4199393,USA,North America,"USA: Pittsburgh\, Pennsylvania",NextSeq 500,sputum,40.44 N 79.97 W,MRSA10141,PAIRED,RANDOM,GENOMIC,Staphylococcus aureus,ILLUMINA,2019-06-24T00:00:00Z,MRSA10141,SRP150360,MRSA10141,not collected,Homo sapiens,NA,R
SRR7296981,WGS,302,481111066,PRJNA475751,SAMN09400959,Pathogen.cl,206808054,UNIVERSITY OF PITTSBURGH,University of Pittsburgh Medical Center,2017,public,"fastq,sra",s3,s3.us-east-1,SRX4199392,USA,North America,"USA: Pittsburgh\, Pennsylvania",NextSeq 500,bronch,40.44 N 79.97 W,MRSA10138,PAIRED,RANDOM,GENOMIC,Staphylococcus aureus,ILLUMINA,2019-06-24T00:00:00Z,MRSA10138,SRP150360,MRSA10138,not collected,Homo sapiens,NA,R
SRR7296982,WGS,302,566699980,PRJNA475751,SAMN09400960,Pathogen.cl,269885670,UNIVERSITY OF PITTSBURGH,University of Pittsburgh Medical Center,2017,public,"sra,fastq",s3,s3.us-east-1,SRX4199391,USA,North America,"USA: Pittsburgh\, Pennsylvania",NextSeq 500,sputum,40.44 N 79.97 W,MRSA10139,PAIRED,RANDOM,GENOMIC,Staphylococcus aureus,ILLUMINA,2019-06-24T00:00:00Z,MRSA10139,SRP150360,MRSA10139,not collected,Homo sapiens,NA,R
SRR7296983,WGS,302,311661886,PRJNA475751,SAMN09400965,Pathogen.cl,137322004,UNIVERSITY OF PITTSBURGH,University of Pittsburgh Medical Center,2017,public,"sra,fastq",s3,s3.us-east-1,SRX4199390,USA,North America,"USA: Pittsburgh\, Pennsylvania",NextSeq 500,sputum,40.44 N 79.97 W,MRSA10145,PAIRED,RANDOM,GENOMIC,Staphylococcus aureus,ILLUMINA,2019-06-24T00:00:00Z,MRSA10145,SRP150360,MRSA10145,not collected,Homo sapiens,NA,R
SRR7296984,WGS,302,607081306,PRJNA475751,SAMN09400966,Pathogen.cl,272165683,UNIVERSITY OF PITTSBURGH,University of Pittsburgh Medical Center,2017,public,"fastq,sra",s3,s3.us-east-1,SRX4199389,USA,North America,"USA: Pittsburgh\, Pennsylvania",NextSeq 500,sputum,40.44 N 79.97 W,MRSA10146,PAIRED,RANDOM,GENOMIC,Staphylococcus aureus,ILLUMINA,2019-06-24T00:00:00Z,MRSA10146,SRP150360,MRSA10146,not collected,Homo sapiens,NA,R
SRR7296985,WGS,302,516590026,PRJNA475751,SAMN09400963,Pathogen.cl,245986165,UNIVERSITY OF PITTSBURGH,University of Pittsburgh Medical Center,2017,public,"sra,fastq",s3,s3.us-east-1,SRX4199388,USA,North America,"USA: Pittsburgh\, Pennsylvania",NextSeq 500,tissue,40.44 N 79.97 W,MRSA10142,PAIRED,RANDOM,GENOMIC,Staphylococcus aureus,ILLUMINA,2019-06-24T00:00:00Z,MRSA10142,SRP150360,MRSA10142,not collected,Homo sapiens,NA,R
SRR7296986,WGS,302,659066982,PRJNA475751,SAMN09400964,Pathogen.cl,286905996,UNIVERSITY OF PITTSBURGH,University of Pittsburgh Medical Center,2017,public,"sra,fastq",s3,s3.us-east-1,SRX4199387,USA,North America,"USA: Pittsburgh\, Pennsylvania",NextSeq 500,wound,40.44 N 79.97 W,MRSA10143,PAIRED,RANDOM,GENOMIC,Staphylococcus aureus,ILLUMINA,2019-06-24T00:00:00Z,MRSA10143,SRP150360,MRSA10143,not collected,Homo sapiens,NA,R
SRR7296988,WGS,302,573337034,PRJNA475751,SAMN09400967,Pathogen.cl,249009104,UNIVERSITY OF PITTSBURGH,University of Pittsburgh Medical Center,2017,public,"sra,fastq",s3,s3.us-east-1,SRX4199385,USA,North America,"USA: Pittsburgh\, Pennsylvania",NextSeq 500,sputum,40.44 N 79.97 W,MRSA10147,PAIRED,RANDOM,GENOMIC,Staphylococcus aureus,ILLUMINA,2019-06-24T00:00:00Z,MRSA10147,SRP150360,MRSA10147,not collected,Homo sapiens,NA,R
SRR7296989,WGS,302,482086526,PRJNA475751,SAMN09400968,Pathogen.cl,209476664,UNIVERSITY OF PITTSBURGH,University of Pittsburgh Medical Center,2017,public,"fastq,sra",s3,s3.us-east-1,SRX4199384,USA,North America,"USA: Pittsburgh\, Pennsylvania",NextSeq 500,urine,40.44 N 79.97 W,MRSA10148,PAIRED,RANDOM,GENOMIC,Staphylococcus aureus,ILLUMINA,2019-06-24T00:00:00Z,MRSA10148,SRP150360,MRSA10148,not collected,Homo sapiens,NA,R
SRR7296991,WGS,302,538100278,PRJNA475751,SAMN09400917,Pathogen.cl,229145957,UNIVERSITY OF PITTSBURGH,University of Pittsburgh Medical Center,2017,public,"sra,fastq",s3,s3.us-east-1,SRX4199382,USA,North America,"USA: Pittsburgh\, Pennsylvania",NextSeq 500,wound,40.44 N 79.97 W,MRSA10091,PAIRED,RANDOM,GENOMIC,Staphylococcus aureus,ILLUMINA,2019-06-24T00:00:00Z,MRSA10091,SRP150360,MRSA10091,not collected,Homo sapiens,NA,R
SRR7296992,WGS,302,515182706,PRJNA475751,SAMN09400918,Pathogen.cl,218403795,UNIVERSITY OF PITTSBURGH,University of Pittsburgh Medical Center,2017,public,"sra,fastq",s3,s3.us-east-1,SRX4199381,USA,North America,"USA: Pittsburgh\, Pennsylvania",NextSeq 500,sputum,40.44 N 79.97 W,MRSA10092,PAIRED,RANDOM,GENOMIC,Staphylococcus aureus,ILLUMINA,2019-06-24T00:00:00Z,MRSA10092,SRP150360,MRSA10092,not collected,Homo sapiens,NA,R
SRR7296993,WGS,302,755923818,PRJNA475751,SAMN09400909,Pathogen.cl,347652861,UNIVERSITY OF PITTSBURGH,University of Pittsburgh Medical Center,2017,public,"sra,fastq",s3,s3.us-east-1,SRX4199380,USA,North America,"USA: Pittsburgh\, Pennsylvania",NextSeq 500,blood,40.44 N 79.97 W,MRSA10082,PAIRED,RANDOM,GENOMIC,Staphylococcus aureus,ILLUMINA,2019-06-24T00:00:00Z,MRSA10082,SRP150360,MRSA10082,not collected,Homo sapiens,NA,R
SRR7296994,WGS,302,609434792,PRJNA475751,SAMN09400910,Pathogen.cl,280349910,UNIVERSITY OF PITTSBURGH,University of Pittsburgh Medical Center,2017,public,"sra,fastq",s3,s3.us-east-1,SRX4199379,USA,North America,"USA: Pittsburgh\, Pennsylvania",NextSeq 500,blood,40.44 N 79.97 W,MRSA10083,PAIRED,RANDOM,GENOMIC,Staphylococcus aureus,ILLUMINA,2019-06-24T00:00:00Z,MRSA10083,SRP150360,MRSA10083,not collected,Homo sapiens,NA,R
SRR7296995,WGS,302,368727504,PRJNA475751,SAMN09400911,Pathogen.cl,157441642,UNIVERSITY OF PITTSBURGH,University of Pittsburgh Medical Center,2017,public,"fastq,sra",s3,s3.us-east-1,SRX4199378,USA,North America,"USA: Pittsburgh\, Pennsylvania",NextSeq 500,wound,40.44 N 79.97 W,MRSA10084,PAIRED,RANDOM,GENOMIC,Staphylococcus aureus,ILLUMINA,2019-06-24T00:00:00Z,MRSA10084,SRP150360,MRSA10084,not collected,Homo sapiens,NA,R
SRR7296996,WGS,302,284643758,PRJNA475751,SAMN09400912,Pathogen.cl,121741077,UNIVERSITY OF PITTSBURGH,University of Pittsburgh Medical Center,2017,public,"fastq,sra",s3,s3.us-east-1,SRX4199377,USA,North America,"USA: Pittsburgh\, Pennsylvania",NextSeq 500,sputum,40.44 N 79.97 W,MRSA10086,PAIRED,RANDOM,GENOMIC,Staphylococcus aureus,ILLUMINA,2019-06-24T00:00:00Z,MRSA10086,SRP150360,MRSA10086,not collected,Homo sapiens,NA,R
SRR7296997,WGS,302,336633058,PRJNA475751,SAMN09400913,Pathogen.cl,145551989,UNIVERSITY OF PITTSBURGH,University of Pittsburgh Medical Center,2017,public,"fastq,sra",s3,s3.us-east-1,SRX4199376,USA,North America,"USA: Pittsburgh\, Pennsylvania",NextSeq 500,urine,40.44 N 79.97 W,MRSA10087,PAIRED,RANDOM,GENOMIC,Staphylococcus aureus,ILLUMINA,2019-06-24T00:00:00Z,MRSA10087,SRP150360,MRSA10087,not collected,Homo sapiens,NA,R
SRR7296998,WGS,302,5950339220,PRJNA475751,SAMN09400914,Pathogen.cl,2752430183,UNIVERSITY OF PITTSBURGH,University of Pittsburgh Medical Center,2017,public,"fastq,sra",s3,s3.us-east-1,SRX4199375,USA,North America,"USA: Pittsburgh\, Pennsylvania",NextSeq 500,wound,40.44 N 79.97 W,MRSA10088,PAIRED,RANDOM,GENOMIC,Staphylococcus aureus,ILLUMINA,2019-06-24T00:00:00Z,MRSA10088,SRP150360,MRSA10088,not collected,Homo sapiens,NA,R
SRR7296999,WGS,302,583124552,PRJNA475751,SAMN09400915,Pathogen.cl,248563645,UNIVERSITY OF PITTSBURGH,University of Pittsburgh Medical Center,2017,public,"sra,fastq",s3,s3.us-east-1,SRX4199374,USA,North America,"USA: Pittsburgh\, Pennsylvania",NextSeq 500,sputum,40.44 N 79.97 W,MRSA10089,PAIRED,RANDOM,GENOMIC,Staphylococcus aureus,ILLUMINA,2019-06-24T00:00:00Z,MRSA10089,SRP150360,MRSA10089,not collected,Homo sapiens,NA,R
SRR7297000,WGS,302,538041992,PRJNA475751,SAMN09400916,Pathogen.cl,229196058,UNIVERSITY OF PITTSBURGH,University of Pittsburgh Medical Center,2017,public,"sra,fastq",s3,s3.us-east-1,SRX4199373,USA,North America,"USA: Pittsburgh\, Pennsylvania",NextSeq 500,blood,40.44 N 79.97 W,MRSA10090,PAIRED,RANDOM,GENOMIC,Staphylococcus aureus,ILLUMINA,2019-06-24T00:00:00Z,MRSA10090,SRP150360,MRSA10090,not collected,Homo sapiens,NA,R
SRR7297017,WGS,302,540753650,PRJNA475751,SAMN09401099,Pathogen.cl,233445405,UNIVERSITY OF PITTSBURGH,University of Pittsburgh Medical Center,2017,public,"sra,fastq",s3,s3.us-east-1,SRX4199356,USA,North America,"USA: Pittsburgh\, Pennsylvania",NextSeq 500,sputum,40.44 N 79.97 W,MRSA10289,PAIRED,RANDOM,GENOMIC,Staphylococcus aureus,ILLUMINA,2019-06-24T00:00:00Z,MRSA10289,SRP150360,MRSA10289,not collected,Homo sapiens,NA,R
SRR7297036,WGS,302,511286604,PRJNA475751,SAMN09401109,Pathogen.cl,216710688,UNIVERSITY OF PITTSBURGH,University of Pittsburgh Medical Center,2017,public,"sra,fastq",s3,s3.us-east-1,SRX4199337,USA,North America,"USA: Pittsburgh\, Pennsylvania",NextSeq 500,sputum,40.44 N 79.97 W,MRSA10299,PAIRED,RANDOM,GENOMIC,Staphylococcus aureus,ILLUMINA,2019-06-24T00:00:00Z,MRSA10299,SRP150360,MRSA10299,not collected,Homo sapiens,NA,R
SRR7297087,WGS,302,548758764,PRJNA475751,SAMN09401059,Pathogen.cl,242104405,UNIVERSITY OF PITTSBURGH,University of Pittsburgh Medical Center,2017,public,"sra,fastq",s3,s3.us-east-1,SRX4199286,USA,North America,"USA: Pittsburgh\, Pennsylvania",NextSeq 500,blood,40.44 N 79.97 W,MRSA10249,PAIRED,RANDOM,GENOMIC,Staphylococcus aureus,ILLUMINA,2019-06-24T00:00:00Z,MRSA10249,SRP150360,MRSA10249,not collected,Homo sapiens,NA,R
SRR7297136,WGS,302,530061642,PRJNA475751,SAMN09401097,Pathogen.cl,254962442,UNIVERSITY OF PITTSBURGH,University of Pittsburgh Medical Center,2017,public,"fastq,sra",s3,s3.us-east-1,SRX4199909,USA,North America,"USA: Pittsburgh\, Pennsylvania",NextSeq 500,sputum,40.44 N 79.97 W,MRSA10287,PAIRED,RANDOM,GENOMIC,Staphylococcus aureus,ILLUMINA,2019-06-24T00:00:00Z,MRSA10287,SRP150360,MRSA10287,not collected,Homo sapiens,NA,R
SRR7297137,WGS,302,561503164,PRJNA475751,SAMN09401098,Pathogen.cl,238964786,UNIVERSITY OF PITTSBURGH,University of Pittsburgh Medical Center,2017,public,"fastq,sra",s3,s3.us-east-1,SRX4199908,USA,North America,"USA: Pittsburgh\, Pennsylvania",NextSeq 500,wound,40.44 N 79.97 W,MRSA10288,PAIRED,RANDOM,GENOMIC,Staphylococcus aureus,ILLUMINA,2019-06-24T00:00:00Z,MRSA10288,SRP150360,MRSA10288,not collected,Homo sapiens,NA,R
SRR7297149,WGS,302,217607912,PRJNA475751,SAMN09400987,Pathogen.cl,91321955,UNIVERSITY OF PITTSBURGH,University of Pittsburgh Medical Center,2017,public,"sra,fastq",s3,s3.us-east-1,SRX4199896,USA,North America,"USA: Pittsburgh\, Pennsylvania",NextSeq 500,blood,40.44 N 79.97 W,MRSA10168,PAIRED,RANDOM,GENOMIC,Staphylococcus aureus,ILLUMINA,2019-06-24T00:00:00Z,MRSA10168,SRP150360,MRSA10168,not collected,Homo sapiens,NA,R
SRR7297150,WGS,302,351128454,PRJNA475751,SAMN09400988,Pathogen.cl,149490908,UNIVERSITY OF PITTSBURGH,University of Pittsburgh Medical Center,2017,public,"fastq,sra",s3,s3.us-east-1,SRX4199895,USA,North America,"USA: Pittsburgh\, Pennsylvania",NextSeq 500,wound,40.44 N 79.97 W,MRSA10169,PAIRED,RANDOM,GENOMIC,Staphylococcus aureus,ILLUMINA,2019-06-24T00:00:00Z,MRSA10169,SRP150360,MRSA10169,not collected,Homo sapiens,NA,R
SRR7297151,WGS,302,312215150,PRJNA475751,SAMN09401082,Pathogen.cl,131748755,UNIVERSITY OF PITTSBURGH,University of Pittsburgh Medical Center,2017,public,"sra,fastq",s3,s3.us-east-1,SRX4199894,USA,North America,"USA: Pittsburgh\, Pennsylvania",NextSeq 500,sputum,40.44 N 79.97 W,MRSA10272,PAIRED,RANDOM,GENOMIC,Staphylococcus aureus,ILLUMINA,2019-06-24T00:00:00Z,MRSA10272,SRP150360,MRSA10272,not collected,Homo sapiens,NA,R
SRR7297152,WGS,302,572504420,PRJNA475751,SAMN09401081,Pathogen.cl,240969416,UNIVERSITY OF PITTSBURGH,University of Pittsburgh Medical Center,2017,public,"sra,fastq",s3,s3.us-east-1,SRX4199893,USA,North America,"USA: Pittsburgh\, Pennsylvania",NextSeq 500,sputum,40.44 N 79.97 W,MRSA10271,PAIRED,RANDOM,GENOMIC,Staphylococcus aureus,ILLUMINA,2019-06-24T00:00:00Z,MRSA10271,SRP150360,MRSA10271,not collected,Homo sapiens,NA,R
SRR7297153,WGS,302,651279006,PRJNA475751,SAMN09401084,Pathogen.cl,274105704,UNIVERSITY OF PITTSBURGH,University of Pittsburgh Medical Center,2017,public,"sra,fastq",s3,s3.us-east-1,SRX4199892,USA,North America,"USA: Pittsburgh\, Pennsylvania",NextSeq 500,sputum,40.44 N 79.97 W,MRSA10274,PAIRED,RANDOM,GENOMIC,Staphylococcus aureus,ILLUMINA,2019-06-24T00:00:00Z,MRSA10274,SRP150360,MRSA10274,not collected,Homo sapiens,NA,R
SRR7297154,WGS,302,567703224,PRJNA475751,SAMN09401083,Pathogen.cl,240434875,UNIVERSITY OF PITTSBURGH,University of Pittsburgh Medical Center,2017,public,"sra,fastq",s3,s3.us-east-1,SRX4199891,USA,North America,"USA: Pittsburgh\, Pennsylvania",NextSeq 500,sputum,40.44 N 79.97 W,MRSA10273,PAIRED,RANDOM,GENOMIC,Staphylococcus aureus,ILLUMINA,2019-06-24T00:00:00Z,MRSA10273,SRP150360,MRSA10273,not collected,Homo sapiens,NA,R
SRR7297155,WGS,302,557501362,PRJNA475751,SAMN09401086,Pathogen.cl,237062654,UNIVERSITY OF PITTSBURGH,University of Pittsburgh Medical Center,2017,public,"sra,fastq",s3,s3.us-east-1,SRX4199890,USA,North America,"USA: Pittsburgh\, Pennsylvania",NextSeq 500,wound,40.44 N 79.97 W,MRSA10276,PAIRED,RANDOM,GENOMIC,Staphylococcus aureus,ILLUMINA,2019-06-24T00:00:00Z,MRSA10276,SRP150360,MRSA10276,not collected,Homo sapiens,NA,R
SRR7297156,WGS,302,556901892,PRJNA475751,SAMN09401085,Pathogen.cl,240800422,UNIVERSITY OF PITTSBURGH,University of Pittsburgh Medical Center,2017,public,"fastq,sra",s3,s3.us-east-1,SRX4199889,USA,North America,"USA: Pittsburgh\, Pennsylvania",NextSeq 500,blood,40.44 N 79.97 W,MRSA10275,PAIRED,RANDOM,GENOMIC,Staphylococcus aureus,ILLUMINA,2019-06-24T00:00:00Z,MRSA10275,SRP150360,MRSA10275,not collected,Homo sapiens,NA,R
SRR7297157,WGS,302,499986972,PRJNA475751,SAMN09400979,Pathogen.cl,207859041,UNIVERSITY OF PITTSBURGH,University of Pittsburgh Medical Center,2017,public,"fastq,sra",s3,s3.us-east-1,SRX4199888,USA,North America,"USA: Pittsburgh\, Pennsylvania",NextSeq 500,blood,40.44 N 79.97 W,MRSA10159,PAIRED,RANDOM,GENOMIC,Staphylococcus aureus,ILLUMINA,2019-06-24T00:00:00Z,MRSA10159,SRP150360,MRSA10159,not collected,Homo sapiens,NA,R
SRR7297158,WGS,302,339214252,PRJNA475751,SAMN09400980,Pathogen.cl,141854544,UNIVERSITY OF PITTSBURGH,University of Pittsburgh Medical Center,2017,public,"sra,fastq",s3,s3.us-east-1,SRX4199887,USA,North America,"USA: Pittsburgh\, Pennsylvania",NextSeq 500,sputum,40.44 N 79.97 W,MRSA10161,PAIRED,RANDOM,GENOMIC,Staphylococcus aureus,ILLUMINA,2019-06-24T00:00:00Z,MRSA10161,SRP150360,MRSA10161,not collected,Homo sapiens,NA,R
SRR7297159,WGS,302,354035808,PRJNA475751,SAMN09400981,Pathogen.cl,147864901,UNIVERSITY OF PITTSBURGH,University of Pittsburgh Medical Center,2017,public,"sra,fastq",s3,s3.us-east-1,SRX4199886,USA,North America,"USA: Pittsburgh\, Pennsylvania",NextSeq 500,sputum,40.44 N 79.97 W,MRSA10162,PAIRED,RANDOM,GENOMIC,Staphylococcus aureus,ILLUMINA,2019-06-24T00:00:00Z,MRSA10162,SRP150360,MRSA10162,not collected,Homo sapiens,NA,R
SRR7297160,WGS,302,290710636,PRJNA475751,SAMN09400982,Pathogen.cl,122568489,UNIVERSITY OF PITTSBURGH,University of Pittsburgh Medical Center,2017,public,"sra,fastq",s3,s3.us-east-1,SRX4199885,USA,North America,"USA: Pittsburgh\, Pennsylvania",NextSeq 500,sputum,40.44 N 79.97 W,MRSA10163,PAIRED,RANDOM,GENOMIC,Staphylococcus aureus,ILLUMINA,2019-06-24T00:00:00Z,MRSA10163,SRP150360,MRSA10163,not collected,Homo sapiens,NA,R
SRR7297161,WGS,302,1145749042,PRJNA475751,SAMN09400983,Pathogen.cl,481713902,UNIVERSITY OF PITTSBURGH,University of Pittsburgh Medical Center,2017,public,"sra,fastq",s3,s3.us-east-1,SRX4199884,USA,North America,"USA: Pittsburgh\, Pennsylvania",NextSeq 500,wound,40.44 N 79.97 W,MRSA10164,PAIRED,RANDOM,GENOMIC,Staphylococcus aureus,ILLUMINA,2019-06-24T00:00:00Z,MRSA10164,SRP150360,MRSA10164,not collected,Homo sapiens,NA,R
SRR7297162,WGS,302,457995684,PRJNA475751,SAMN09400984,Pathogen.cl,191298183,UNIVERSITY OF PITTSBURGH,University of Pittsburgh Medical Center,2017,public,"sra,fastq",s3,s3.us-east-1,SRX4199883,USA,North America,"USA: Pittsburgh\, Pennsylvania",NextSeq 500,sputum,40.44 N 79.97 W,MRSA10165,PAIRED,RANDOM,GENOMIC,Staphylococcus aureus,ILLUMINA,2019-06-24T00:00:00Z,MRSA10165,SRP150360,MRSA10165,not collected,Homo sapiens,NA,R
SRR7297163,WGS,302,369931880,PRJNA475751,SAMN09400985,Pathogen.cl,154614654,UNIVERSITY OF PITTSBURGH,University of Pittsburgh Medical Center,2017,public,"sra,fastq",s3,s3.us-east-1,SRX4199882,USA,North America,"USA: Pittsburgh\, Pennsylvania",NextSeq 500,sputum,40.44 N 79.97 W,MRSA10166,PAIRED,RANDOM,GENOMIC,Staphylococcus aureus,ILLUMINA,2019-06-24T00:00:00Z,MRSA10166,SRP150360,MRSA10166,not collected,Homo sapiens,NA,R
SRR7297164,WGS,302,319837026,PRJNA475751,SAMN09400986,Pathogen.cl,134085017,UNIVERSITY OF PITTSBURGH,University of Pittsburgh Medical Center,2017,public,"sra,fastq",s3,s3.us-east-1,SRX4199881,USA,North America,"USA: Pittsburgh\, Pennsylvania",NextSeq 500,wound,40.44 N 79.97 W,MRSA10167,PAIRED,RANDOM,GENOMIC,Staphylococcus aureus,ILLUMINA,2019-06-24T00:00:00Z,MRSA10167,SRP150360,MRSA10167,not collected,Homo sapiens,NA,R
SRR7297167,WGS,302,564304818,PRJNA475751,SAMN09401076,Pathogen.cl,248140050,UNIVERSITY OF PITTSBURGH,University of Pittsburgh Medical Center,2017,public,"sra,fastq",s3,s3.us-east-1,SRX4199878,USA,North America,"USA: Pittsburgh\, Pennsylvania",NextSeq 500,wound,40.44 N 79.97 W,MRSA10266,PAIRED,RANDOM,GENOMIC,Staphylococcus aureus,ILLUMINA,2019-06-24T00:00:00Z,MRSA10266,SRP150360,MRSA10266,not collected,Homo sapiens,NA,R
SRR7297178,WGS,302,519301080,PRJNA475751,SAMN09401077,Pathogen.cl,228901800,UNIVERSITY OF PITTSBURGH,University of Pittsburgh Medical Center,2017,public,"fastq,sra",s3,s3.us-east-1,SRX4199867,USA,North America,"USA: Pittsburgh\, Pennsylvania",NextSeq 500,tissue,40.44 N 79.97 W,MRSA10267,PAIRED,RANDOM,GENOMIC,Staphylococcus aureus,ILLUMINA,2019-06-24T00:00:00Z,MRSA10267,SRP150360,MRSA10267,not collected,Homo sapiens,NA,R
SRR7297184,WGS,302,1250485360,PRJNA475751,SAMN09401078,Pathogen.cl,527616660,UNIVERSITY OF PITTSBURGH,University of Pittsburgh Medical Center,2017,public,"sra,fastq",s3,s3.us-east-1,SRX4199861,USA,North America,"USA: Pittsburgh\, Pennsylvania",NextSeq 500,not collected,40.44 N 79.97 W,MRSA10268,PAIRED,RANDOM,GENOMIC,Staphylococcus aureus,ILLUMINA,2019-06-24T00:00:00Z,MRSA10268,SRP150360,MRSA10268,not collected,Homo sapiens,NA,R
SRR7297224,WGS,302,612647468,PRJNA475751,SAMN09400944,Pathogen.cl,258853143,UNIVERSITY OF PITTSBURGH,University of Pittsburgh Medical Center,2017,public,"sra,fastq",s3,s3.us-east-1,SRX4199821,USA,North America,"USA: Pittsburgh\, Pennsylvania",NextSeq 500,blood,40.44 N 79.97 W,MRSA10120,PAIRED,RANDOM,GENOMIC,Staphylococcus aureus,ILLUMINA,2019-06-24T00:00:00Z,MRSA10120,SRP150360,MRSA10120,not collected,Homo sapiens,NA,R
SRR7297225,WGS,302,554873962,PRJNA475751,SAMN09400943,Pathogen.cl,234637855,UNIVERSITY OF PITTSBURGH,University of Pittsburgh Medical Center,2017,public,"fastq,sra",s3,s3.us-east-1,SRX4199820,USA,North America,"USA: Pittsburgh\, Pennsylvania",NextSeq 500,sputum,40.44 N 79.97 W,MRSA10119,PAIRED,RANDOM,GENOMIC,Staphylococcus aureus,ILLUMINA,2019-06-24T00:00:00Z,MRSA10119,SRP150360,MRSA10119,not collected,Homo sapiens,NA,R
SRR7297226,WGS,302,587399966,PRJNA475751,SAMN09400946,Pathogen.cl,248804550,UNIVERSITY OF PITTSBURGH,University of Pittsburgh Medical Center,2017,public,"sra,fastq",s3,s3.us-east-1,SRX4199819,USA,North America,"USA: Pittsburgh\, Pennsylvania",NextSeq 500,sputum,40.44 N 79.97 W,MRSA10122,PAIRED,RANDOM,GENOMIC,Staphylococcus aureus,ILLUMINA,2019-06-24T00:00:00Z,MRSA10122,SRP150360,MRSA10122,not collected,Homo sapiens,NA,R
SRR7297227,WGS,302,431049734,PRJNA475751,SAMN09400945,Pathogen.cl,184971758,UNIVERSITY OF PITTSBURGH,University of Pittsburgh Medical Center,2017,public,"sra,fastq",s3,s3.us-east-1,SRX4199818,USA,North America,"USA: Pittsburgh\, Pennsylvania",NextSeq 500,sputum,40.44 N 79.97 W,MRSA10121,PAIRED,RANDOM,GENOMIC,Staphylococcus aureus,ILLUMINA,2019-06-24T00:00:00Z,MRSA10121,SRP150360,MRSA10121,not collected,Homo sapiens,NA,R
SRR7297228,WGS,302,945546296,PRJNA475751,SAMN09400940,Pathogen.cl,401771271,UNIVERSITY OF PITTSBURGH,University of Pittsburgh Medical Center,2017,public,"sra,fastq",s3,s3.us-east-1,SRX4199817,USA,North America,"USA: Pittsburgh\, Pennsylvania",NextSeq 500,blood,40.44 N 79.97 W,MRSA10116,PAIRED,RANDOM,GENOMIC,Staphylococcus aureus,ILLUMINA,2019-06-24T00:00:00Z,MRSA10116,SRP150360,MRSA10116,not collected,Homo sapiens,NA,R
SRR7297229,WGS,302,766582304,PRJNA475751,SAMN09400939,Pathogen.cl,329629176,UNIVERSITY OF PITTSBURGH,University of Pittsburgh Medical Center,2017,public,"sra,fastq",s3,s3.us-east-1,SRX4199816,USA,North America,"USA: Pittsburgh\, Pennsylvania",NextSeq 500,wound,40.44 N 79.97 W,MRSA10115,PAIRED,RANDOM,GENOMIC,Staphylococcus aureus,ILLUMINA,2019-06-24T00:00:00Z,MRSA10115,SRP150360,MRSA10115,not collected,Homo sapiens,NA,R
SRR7297230,WGS,302,767975128,PRJNA475751,SAMN09400942,Pathogen.cl,326250174,UNIVERSITY OF PITTSBURGH,University of Pittsburgh Medical Center,2017,public,"sra,fastq",s3,s3.us-east-1,SRX4199815,USA,North America,"USA: Pittsburgh\, Pennsylvania",NextSeq 500,sputum,40.44 N 79.97 W,MRSA10118,PAIRED,RANDOM,GENOMIC,Staphylococcus aureus,ILLUMINA,2019-06-24T00:00:00Z,MRSA10118,SRP150360,MRSA10118,not collected,Homo sapiens,NA,R
SRR7297231,WGS,302,782647194,PRJNA475751,SAMN09400941,Pathogen.cl,333166393,UNIVERSITY OF PITTSBURGH,University of Pittsburgh Medical Center,2017,public,"fastq,sra",s3,s3.us-east-1,SRX4199814,USA,North America,"USA: Pittsburgh\, Pennsylvania",NextSeq 500,respiratory,40.44 N 79.97 W,MRSA10117,PAIRED,RANDOM,GENOMIC,Staphylococcus aureus,ILLUMINA,2019-06-24T00:00:00Z,MRSA10117,SRP150360,MRSA10117,not collected,Homo sapiens,NA,R
SRR7297232,WGS,302,659208620,PRJNA475751,SAMN09400948,Pathogen.cl,280210688,UNIVERSITY OF PITTSBURGH,University of Pittsburgh Medical Center,2017,public,"fastq,sra",s3,s3.us-east-1,SRX4199813,USA,North America,"USA: Pittsburgh\, Pennsylvania",NextSeq 500,blood,40.44 N 79.97 W,MRSA10125,PAIRED,RANDOM,GENOMIC,Staphylococcus aureus,ILLUMINA,2019-06-24T00:00:00Z,MRSA10125,SRP150360,MRSA10125,not collected,Homo sapiens,NA,R
SRR7297233,WGS,302,867809080,PRJNA475751,SAMN09400947,Pathogen.cl,366895466,UNIVERSITY OF PITTSBURGH,University of Pittsburgh Medical Center,2017,public,"fastq,sra",s3,s3.us-east-1,SRX4199812,USA,North America,"USA: Pittsburgh\, Pennsylvania",NextSeq 500,blood,40.44 N 79.97 W,MRSA10123,PAIRED,RANDOM,GENOMIC,Staphylococcus aureus,ILLUMINA,2019-06-24T00:00:00Z,MRSA10123,SRP150360,MRSA10123,not collected,Homo sapiens,NA,R
SRR7297237,WGS,302,502223584,PRJNA475751,SAMN09401012,Pathogen.cl,217551629,UNIVERSITY OF PITTSBURGH,University of Pittsburgh Medical Center,2017,public,"sra,fastq",s3,s3.us-east-1,SRX4199808,USA,North America,"USA: Pittsburgh\, Pennsylvania",NextSeq 500,sputum,40.44 N 79.97 W,MRSA10197,PAIRED,RANDOM,GENOMIC,Staphylococcus aureus,ILLUMINA,2019-06-24T00:00:00Z,MRSA10197,SRP150360,MRSA10197,not collected,Homo sapiens,NA,R
SRR7297238,WGS,302,153252014,PRJNA475751,SAMN09401011,Pathogen.cl,69499366,UNIVERSITY OF PITTSBURGH,University of Pittsburgh Medical Center,2017,public,"fastq,sra",s3,s3.us-east-1,SRX4199807,USA,North America,"USA: Pittsburgh\, Pennsylvania",NextSeq 500,wound,40.44 N 79.97 W,MRSA10196,PAIRED,RANDOM,GENOMIC,Staphylococcus aureus,ILLUMINA,2019-06-24T00:00:00Z,MRSA10196,SRP150360,MRSA10196,not collected,Homo sapiens,NA,R
SRR7297239,WGS,302,293293642,PRJNA475751,SAMN09401010,Pathogen.cl,133083646,UNIVERSITY OF PITTSBURGH,University of Pittsburgh Medical Center,2017,public,"sra,fastq",s3,s3.us-east-1,SRX4199806,USA,North America,"USA: Pittsburgh\, Pennsylvania",NextSeq 500,wound,40.44 N 79.97 W,MRSA10195,PAIRED,RANDOM,GENOMIC,Staphylococcus aureus,ILLUMINA,2019-06-24T00:00:00Z,MRSA10195,SRP150360,MRSA10195,not collected,Homo sapiens,NA,R
SRR7297240,WGS,302,264311004,PRJNA475751,SAMN09401009,Pathogen.cl,120929720,UNIVERSITY OF PITTSBURGH,University of Pittsburgh Medical Center,2017,public,"sra,fastq",s3,s3.us-east-1,SRX4199805,USA,North America,"USA: Pittsburgh\, Pennsylvania",NextSeq 500,sputum,40.44 N 79.97 W,MRSA10194,PAIRED,RANDOM,GENOMIC,Staphylococcus aureus,ILLUMINA,2019-06-24T00:00:00Z,MRSA10194,SRP150360,MRSA10194,not collected,Homo sapiens,NA,R
SRR7297241,WGS,302,552742446,PRJNA475751,SAMN09401016,Pathogen.cl,251579489,UNIVERSITY OF PITTSBURGH,University of Pittsburgh Medical Center,2017,public,"sra,fastq",s3,s3.us-east-1,SRX4199804,USA,North America,"USA: Pittsburgh\, Pennsylvania",NextSeq 500,wound,40.44 N 79.97 W,MRSA10201,PAIRED,RANDOM,GENOMIC,Staphylococcus aureus,ILLUMINA,2019-06-24T00:00:00Z,MRSA10201,SRP150360,MRSA10201,not collected,Homo sapiens,NA,R
SRR7297242,WGS,302,517509918,PRJNA475751,SAMN09401015,Pathogen.cl,234750642,UNIVERSITY OF PITTSBURGH,University of Pittsburgh Medical Center,2017,public,"sra,fastq",s3,s3.us-east-1,SRX4199803,USA,North America,"USA: Pittsburgh\, Pennsylvania",NextSeq 500,wound,40.44 N 79.97 W,MRSA10200,PAIRED,RANDOM,GENOMIC,Staphylococcus aureus,ILLUMINA,2019-06-24T00:00:00Z,MRSA10200,SRP150360,MRSA10200,not collected,Homo sapiens,NA,R
SRR7297243,WGS,302,504222220,PRJNA475751,SAMN09401014,Pathogen.cl,231069428,UNIVERSITY OF PITTSBURGH,University of Pittsburgh Medical Center,2017,public,"fastq,sra",s3,s3.us-east-1,SRX4199802,USA,North America,"USA: Pittsburgh\, Pennsylvania",NextSeq 500,sputum,40.44 N 79.97 W,MRSA10199,PAIRED,RANDOM,GENOMIC,Staphylococcus aureus,ILLUMINA,2019-06-24T00:00:00Z,MRSA10199,SRP150360,MRSA10199,not collected,Homo sapiens,NA,R
SRR7297244,WGS,302,725892636,PRJNA475751,SAMN09401013,Pathogen.cl,328197029,UNIVERSITY OF PITTSBURGH,University of Pittsburgh Medical Center,2017,public,"fastq,sra",s3,s3.us-east-1,SRX4199801,USA,North America,"USA: Pittsburgh\, Pennsylvania",NextSeq 500,tissue,40.44 N 79.97 W,MRSA10198,PAIRED,RANDOM,GENOMIC,Staphylococcus aureus,ILLUMINA,2019-06-24T00:00:00Z,MRSA10198,SRP150360,MRSA10198,not collected,Homo sapiens,NA,R
SRR7297245,WGS,302,619360626,PRJNA475751,SAMN09401018,Pathogen.cl,278242665,UNIVERSITY OF PITTSBURGH,University of Pittsburgh Medical Center,2017,public,"fastq,sra",s3,s3.us-east-1,SRX4199800,USA,North America,"USA: Pittsburgh\, Pennsylvania",NextSeq 500,sputum,40.44 N 79.97 W,MRSA10203,PAIRED,RANDOM,GENOMIC,Staphylococcus aureus,ILLUMINA,2019-06-24T00:00:00Z,MRSA10203,SRP150360,MRSA10203,not collected,Homo sapiens,NA,R
SRR7297246,WGS,302,424166550,PRJNA475751,SAMN09401017,Pathogen.cl,191171601,UNIVERSITY OF PITTSBURGH,University of Pittsburgh Medical Center,2017,public,"fastq,sra",s3,s3.us-east-1,SRX4199799,USA,North America,"USA: Pittsburgh\, Pennsylvania",NextSeq 500,blood,40.44 N 79.97 W,MRSA10202,PAIRED,RANDOM,GENOMIC,Staphylococcus aureus,ILLUMINA,2019-06-24T00:00:00Z,MRSA10202,SRP150360,MRSA10202,not collected,Homo sapiens,NA,R
SRR7297253,WGS,302,366493610,PRJNA475751,SAMN09400895,Pathogen.cl,157924763,UNIVERSITY OF PITTSBURGH,University of Pittsburgh Medical Center,2016,public,"sra,fastq",s3,s3.us-east-1,SRX4199792,USA,North America,"USA: Pittsburgh\, Pennsylvania",NextSeq 500,blood,40.44 N 79.97 W,MRSA10065,PAIRED,RANDOM,GENOMIC,Staphylococcus aureus,ILLUMINA,2019-06-24T00:00:00Z,MRSA10065,SRP150360,MRSA10065,not collected,Homo sapiens,NA,R
SRR7297255,WGS,302,334509696,PRJNA475751,SAMN09400893,Pathogen.cl,147179611,UNIVERSITY OF PITTSBURGH,University of Pittsburgh Medical Center,2016,public,"sra,fastq",s3,s3.us-east-1,SRX4199790,USA,North America,"USA: Pittsburgh\, Pennsylvania",NextSeq 500,blood,40.44 N 79.97 W,MRSA10063,PAIRED,RANDOM,GENOMIC,Staphylococcus aureus,ILLUMINA,2019-06-24T00:00:00Z,MRSA10063,SRP150360,MRSA10063,not collected,Homo sapiens,NA,R
SRR7297256,WGS,302,453173650,PRJNA475751,SAMN09400894,Pathogen.cl,194186696,UNIVERSITY OF PITTSBURGH,University of Pittsburgh Medical Center,2016,public,"sra,fastq",s3,s3.us-east-1,SRX4199789,USA,North America,"USA: Pittsburgh\, Pennsylvania",NextSeq 500,wound,40.44 N 79.97 W,MRSA10064,PAIRED,RANDOM,GENOMIC,Staphylococcus aureus,ILLUMINA,2019-06-24T00:00:00Z,MRSA10064,SRP150360,MRSA10064,not collected,Homo sapiens,NA,R
SRR7297259,WGS,302,519459630,PRJNA475751,SAMN09400897,Pathogen.cl,239838882,UNIVERSITY OF PITTSBURGH,University of Pittsburgh Medical Center,2016,public,"fastq,sra",s3,s3.us-east-1,SRX4199786,USA,North America,"USA: Pittsburgh\, Pennsylvania",NextSeq 500,wound,40.44 N 79.97 W,MRSA10069,PAIRED,RANDOM,GENOMIC,Staphylococcus aureus,ILLUMINA,2019-06-24T00:00:00Z,MRSA10069,SRP150360,MRSA10069,not collected,Homo sapiens,NA,R
SRR7297276,WGS,240,413293945,PRJNA475751,SAMN09401057,Pathogen.cl,185495509,UNIVERSITY OF PITTSBURGH,University of Pittsburgh Medical Center,2017,public,"sra,fastq",s3,s3.us-east-1,SRX4199769,USA,North America,"USA: Pittsburgh\, Pennsylvania",NextSeq 500,bronch,40.44 N 79.97 W,MRSA10247,PAIRED,RANDOM,GENOMIC,Staphylococcus aureus,ILLUMINA,2019-06-24T00:00:00Z,MRSA10247,SRP150360,MRSA10247,not collected,Homo sapiens,NA,R
SRR7297277,WGS,302,608058880,PRJNA475751,SAMN09401058,Pathogen.cl,266350399,UNIVERSITY OF PITTSBURGH,University of Pittsburgh Medical Center,2017,public,"fastq,sra",s3,s3.us-east-1,SRX4199768,USA,North America,"USA: Pittsburgh\, Pennsylvania",NextSeq 500,blood,40.44 N 79.97 W,MRSA10248,PAIRED,RANDOM,GENOMIC,Staphylococcus aureus,ILLUMINA,2019-06-24T00:00:00Z,MRSA10248,SRP150360,MRSA10248,not collected,Homo sapiens,NA,R
SRR7297284,WGS,302,524076002,PRJNA475751,SAMN09401049,Pathogen.cl,231189332,UNIVERSITY OF PITTSBURGH,University of Pittsburgh Medical Center,2017,public,"fastq,sra",s3,s3.us-east-1,SRX4199761,USA,North America,"USA: Pittsburgh\, Pennsylvania",NextSeq 500,sputum,40.44 N 79.97 W,MRSA10238,PAIRED,RANDOM,GENOMIC,Staphylococcus aureus,ILLUMINA,2019-06-24T00:00:00Z,MRSA10238,SRP150360,MRSA10238,not collected,Homo sapiens,NA,R
SRR7297285,WGS,302,601415484,PRJNA475751,SAMN09401050,Pathogen.cl,264847314,UNIVERSITY OF PITTSBURGH,University of Pittsburgh Medical Center,2017,public,"fastq,sra",s3,s3.us-east-1,SRX4199760,USA,North America,"USA: Pittsburgh\, Pennsylvania",NextSeq 500,sputum,40.44 N 79.97 W,MRSA10239,PAIRED,RANDOM,GENOMIC,Staphylococcus aureus,ILLUMINA,2019-06-24T00:00:00Z,MRSA10239,SRP150360,MRSA10239,not collected,Homo sapiens,NA,R
SRR7297286,WGS,302,982696222,PRJNA475751,SAMN09401051,Pathogen.cl,431354850,UNIVERSITY OF PITTSBURGH,University of Pittsburgh Medical Center,2017,public,"sra,fastq",s3,s3.us-east-1,SRX4199759,USA,North America,"USA: Pittsburgh\, Pennsylvania",NextSeq 500,wound,40.44 N 79.97 W,MRSA10240,PAIRED,RANDOM,GENOMIC,Staphylococcus aureus,ILLUMINA,2019-06-24T00:00:00Z,MRSA10240,SRP150360,MRSA10240,not collected,Homo sapiens,NA,R
SRR7297287,WGS,302,465785774,PRJNA475751,SAMN09401052,Pathogen.cl,220871555,UNIVERSITY OF PITTSBURGH,University of Pittsburgh Medical Center,2017,public,"sra,fastq",s3,s3.us-east-1,SRX4199758,USA,North America,"USA: Pittsburgh\, Pennsylvania",NextSeq 500,blood,40.44 N 79.97 W,MRSA10241,PAIRED,RANDOM,GENOMIC,Staphylococcus aureus,ILLUMINA,2019-06-24T00:00:00Z,MRSA10241,SRP150360,MRSA10241,not collected,Homo sapiens,NA,R
SRR7297288,WGS,302,355954716,PRJNA475751,SAMN09401053,Pathogen.cl,162837828,UNIVERSITY OF PITTSBURGH,University of Pittsburgh Medical Center,2017,public,"sra,fastq",s3,s3.us-east-1,SRX4199757,USA,North America,"USA: Pittsburgh\, Pennsylvania",NextSeq 500,sputum,40.44 N 79.97 W,MRSA10243,PAIRED,RANDOM,GENOMIC,Staphylococcus aureus,ILLUMINA,2019-06-24T00:00:00Z,MRSA10243,SRP150360,MRSA10243,not collected,Homo sapiens,NA,R
SRR7297289,WGS,302,727814866,PRJNA475751,SAMN09401054,Pathogen.cl,319414433,UNIVERSITY OF PITTSBURGH,University of Pittsburgh Medical Center,2017,public,"sra,fastq",s3,s3.us-east-1,SRX4199756,USA,North America,"USA: Pittsburgh\, Pennsylvania",NextSeq 500,sputum,40.44 N 79.97 W,MRSA10244,PAIRED,RANDOM,GENOMIC,Staphylococcus aureus,ILLUMINA,2019-06-24T00:00:00Z,MRSA10244,SRP150360,MRSA10244,not collected,Homo sapiens,NA,R
SRR7297290,WGS,302,699433812,PRJNA475751,SAMN09401055,Pathogen.cl,307079533,UNIVERSITY OF PITTSBURGH,University of Pittsburgh Medical Center,2017,public,"sra,fastq",s3,s3.us-east-1,SRX4199755,USA,North America,"USA: Pittsburgh\, Pennsylvania",NextSeq 500,wound,40.44 N 79.97 W,MRSA10245,PAIRED,RANDOM,GENOMIC,Staphylococcus aureus,ILLUMINA,2019-06-24T00:00:00Z,MRSA10245,SRP150360,MRSA10245,not collected,Homo sapiens,NA,R
SRR7297291,WGS,302,508395256,PRJNA475751,SAMN09401056,Pathogen.cl,225908955,UNIVERSITY OF PITTSBURGH,University of Pittsburgh Medical Center,2017,public,"sra,fastq",s3,s3.us-east-1,SRX4199754,USA,North America,"USA: Pittsburgh\, Pennsylvania",NextSeq 500,sputum,40.44 N 79.97 W,MRSA10246,PAIRED,RANDOM,GENOMIC,Staphylococcus aureus,ILLUMINA,2019-06-24T00:00:00Z,MRSA10246,SRP150360,MRSA10246,not collected,Homo sapiens,NA,R
SRR7297303,WGS,302,593352990,PRJNA475751,SAMN09400920,Pathogen.cl,252081308,UNIVERSITY OF PITTSBURGH,University of Pittsburgh Medical Center,2017,public,"fastq,sra",s3,s3.us-east-1,SRX4199742,USA,North America,"USA: Pittsburgh\, Pennsylvania",NextSeq 500,not collected,40.44 N 79.97 W,MRSA10094,PAIRED,RANDOM,GENOMIC,Staphylococcus aureus,ILLUMINA,2019-06-24T00:00:00Z,MRSA10094,SRP150360,MRSA10094,not collected,Homo sapiens,NA,R
SRR7297359,WGS,302,561886402,PRJNA475751,SAMN09401102,Pathogen.cl,241149103,UNIVERSITY OF PITTSBURGH,University of Pittsburgh Medical Center,2017,public,"sra,fastq",s3,s3.us-east-1,SRX4199686,USA,North America,"USA: Pittsburgh\, Pennsylvania",NextSeq 500,sputum,40.44 N 79.97 W,MRSA10292,PAIRED,RANDOM,GENOMIC,Staphylococcus aureus,ILLUMINA,2019-06-24T00:00:00Z,MRSA10292,SRP150360,MRSA10292,not collected,Homo sapiens,NA,R
SRR7297360,WGS,302,619563268,PRJNA475751,SAMN09401101,Pathogen.cl,268724851,UNIVERSITY OF PITTSBURGH,University of Pittsburgh Medical Center,2017,public,"sra,fastq",s3,s3.us-east-1,SRX4199685,USA,North America,"USA: Pittsburgh\, Pennsylvania",NextSeq 500,wound,40.44 N 79.97 W,MRSA10291,PAIRED,RANDOM,GENOMIC,Staphylococcus aureus,ILLUMINA,2019-06-24T00:00:00Z,MRSA10291,SRP150360,MRSA10291,not collected,Homo sapiens,NA,R
SRR7297361,WGS,302,622295764,PRJNA475751,SAMN09401047,Pathogen.cl,275367934,UNIVERSITY OF PITTSBURGH,University of Pittsburgh Medical Center,2017,public,"sra,fastq",s3,s3.us-east-1,SRX4199684,USA,North America,"USA: Pittsburgh\, Pennsylvania",NextSeq 500,wound,40.44 N 79.97 W,MRSA10236,PAIRED,RANDOM,GENOMIC,Staphylococcus aureus,ILLUMINA,2019-06-24T00:00:00Z,MRSA10236,SRP150360,MRSA10236,not collected,Homo sapiens,NA,R
SRR7297362,WGS,302,671013498,PRJNA475751,SAMN09401048,Pathogen.cl,299399859,UNIVERSITY OF PITTSBURGH,University of Pittsburgh Medical Center,2017,public,"fastq,sra",s3,s3.us-east-1,SRX4199683,USA,North America,"USA: Pittsburgh\, Pennsylvania",NextSeq 500,wound,40.44 N 79.97 W,MRSA10237,PAIRED,RANDOM,GENOMIC,Staphylococcus aureus,ILLUMINA,2019-06-24T00:00:00Z,MRSA10237,SRP150360,MRSA10237,not collected,Homo sapiens,NA,R
SRR7297363,WGS,302,380540536,PRJNA475751,SAMN09401106,Pathogen.cl,163625637,UNIVERSITY OF PITTSBURGH,University of Pittsburgh Medical Center,2017,public,"sra,fastq",s3,s3.us-east-1,SRX4199682,USA,North America,"USA: Pittsburgh\, Pennsylvania",NextSeq 500,wound,40.44 N 79.97 W,MRSA10296,PAIRED,RANDOM,GENOMIC,Staphylococcus aureus,ILLUMINA,2019-06-24T00:00:00Z,MRSA10296,SRP150360,MRSA10296,not collected,Homo sapiens,NA,R
SRR7297364,WGS,302,402511942,PRJNA475751,SAMN09401105,Pathogen.cl,173103018,UNIVERSITY OF PITTSBURGH,University of Pittsburgh Medical Center,2017,public,"sra,fastq",s3,s3.us-east-1,SRX4199681,USA,North America,"USA: Pittsburgh\, Pennsylvania",NextSeq 500,sputum,40.44 N 79.97 W,MRSA10295,PAIRED,RANDOM,GENOMIC,Staphylococcus aureus,ILLUMINA,2019-06-24T00:00:00Z,MRSA10295,SRP150360,MRSA10295,not collected,Homo sapiens,NA,R
SRR7297365,WGS,302,506324744,PRJNA475751,SAMN09401104,Pathogen.cl,216382713,UNIVERSITY OF PITTSBURGH,University of Pittsburgh Medical Center,2017,public,"sra,fastq",s3,s3.us-east-1,SRX4199680,USA,North America,"USA: Pittsburgh\, Pennsylvania",NextSeq 500,sputum,40.44 N 79.97 W,MRSA10294,PAIRED,RANDOM,GENOMIC,Staphylococcus aureus,ILLUMINA,2019-06-24T00:00:00Z,MRSA10294,SRP150360,MRSA10294,not collected,Homo sapiens,NA,R
SRR7297366,WGS,302,567255962,PRJNA475751,SAMN09401103,Pathogen.cl,241898563,UNIVERSITY OF PITTSBURGH,University of Pittsburgh Medical Center,2017,public,"fastq,sra",s3,s3.us-east-1,SRX4199679,USA,North America,"USA: Pittsburgh\, Pennsylvania",NextSeq 500,sputum,40.44 N 79.97 W,MRSA10293,PAIRED,RANDOM,GENOMIC,Staphylococcus aureus,ILLUMINA,2019-06-24T00:00:00Z,MRSA10293,SRP150360,MRSA10293,not collected,Homo sapiens,NA,R
SRR7297376,WGS,302,670128638,PRJNA475751,SAMN09401042,Pathogen.cl,282516292,UNIVERSITY OF PITTSBURGH,University of Pittsburgh Medical Center,2017,public,"fastq,sra",s3,s3.us-east-1,SRX4199669,USA,North America,"USA: Pittsburgh\, Pennsylvania",NextSeq 500,wound,40.44 N 79.97 W,MRSA10231,PAIRED,RANDOM,GENOMIC,Staphylococcus aureus,ILLUMINA,2019-06-24T00:00:00Z,MRSA10231,SRP150360,MRSA10231,not collected,Homo sapiens,NA,R
SRR7297389,WGS,302,437818158,PRJNA475751,SAMN09401039,Pathogen.cl,186706978,UNIVERSITY OF PITTSBURGH,University of Pittsburgh Medical Center,2017,public,"sra,fastq",s3,s3.us-east-1,SRX4199656,USA,North America,"USA: Pittsburgh\, Pennsylvania",NextSeq 500,sputum,40.44 N 79.97 W,MRSA10226,PAIRED,RANDOM,GENOMIC,Staphylococcus aureus,ILLUMINA,2019-06-24T00:00:00Z,MRSA10226,SRP150360,MRSA10226,not collected,Homo sapiens,NA,R
SRR7297390,WGS,302,592468432,PRJNA475751,SAMN09401040,Pathogen.cl,252823971,UNIVERSITY OF PITTSBURGH,University of Pittsburgh Medical Center,2017,public,"sra,fastq",s3,s3.us-east-1,SRX4199655,USA,North America,"USA: Pittsburgh\, Pennsylvania",NextSeq 500,urine,40.44 N 79.97 W,MRSA10227,PAIRED,RANDOM,GENOMIC,Staphylococcus aureus,ILLUMINA,2019-06-24T00:00:00Z,MRSA10227,SRP150360,MRSA10227,not collected,Homo sapiens,NA,R
SRR7297391,WGS,302,616909896,PRJNA475751,SAMN09401045,Pathogen.cl,249512976,UNIVERSITY OF PITTSBURGH,University of Pittsburgh Medical Center,2017,public,"fastq,sra",s3,s3.us-east-1,SRX4199654,USA,North America,"USA: Pittsburgh\, Pennsylvania",NextSeq 500,sputum,40.44 N 79.97 W,MRSA10234,PAIRED,RANDOM,GENOMIC,Staphylococcus aureus,ILLUMINA,2019-06-24T00:00:00Z,MRSA10234,SRP150360,MRSA10234,not collected,Homo sapiens,NA,R
SRR7297392,WGS,302,400056682,PRJNA475751,SAMN09401046,Pathogen.cl,160921274,UNIVERSITY OF PITTSBURGH,University of Pittsburgh Medical Center,2017,public,"fastq,sra",s3,s3.us-east-1,SRX4199653,USA,North America,"USA: Pittsburgh\, Pennsylvania",NextSeq 500,sputum,40.44 N 79.97 W,MRSA10235,PAIRED,RANDOM,GENOMIC,Staphylococcus aureus,ILLUMINA,2019-06-24T00:00:00Z,MRSA10235,SRP150360,MRSA10235,not collected,Homo sapiens,NA,R
SRR7297393,WGS,302,278775898,PRJNA475751,SAMN09401043,Pathogen.cl,120007280,UNIVERSITY OF PITTSBURGH,University of Pittsburgh Medical Center,2017,public,"sra,fastq",s3,s3.us-east-1,SRX4199652,USA,North America,"USA: Pittsburgh\, Pennsylvania",NextSeq 500,wound,40.44 N 79.97 W,MRSA10232,PAIRED,RANDOM,GENOMIC,Staphylococcus aureus,ILLUMINA,2019-06-24T00:00:00Z,MRSA10232,SRP150360,MRSA10232,not collected,Homo sapiens,NA,R
SRR7297394,WGS,302,599656334,PRJNA475751,SAMN09401044,Pathogen.cl,253199026,UNIVERSITY OF PITTSBURGH,University of Pittsburgh Medical Center,2017,public,"fastq,sra",s3,s3.us-east-1,SRX4199651,USA,North America,"USA: Pittsburgh\, Pennsylvania",NextSeq 500,blood,40.44 N 79.97 W,MRSA10233,PAIRED,RANDOM,GENOMIC,Staphylococcus aureus,ILLUMINA,2019-06-24T00:00:00Z,MRSA10233,SRP150360,MRSA10233,not collected,Homo sapiens,NA,R
SRR7297405,WGS,302,574541108,PRJNA475751,SAMN09401108,Pathogen.cl,243535014,UNIVERSITY OF PITTSBURGH,University of Pittsburgh Medical Center,2017,public,"fastq,sra",s3,s3.us-east-1,SRX4199640,USA,North America,"USA: Pittsburgh\, Pennsylvania",NextSeq 500,wound,40.44 N 79.97 W,MRSA10298,PAIRED,RANDOM,GENOMIC,Staphylococcus aureus,ILLUMINA,2019-06-24T00:00:00Z,MRSA10298,SRP150360,MRSA10298,not collected,Homo sapiens,NA,R
SRR7297406,WGS,302,497987732,PRJNA475751,SAMN09400976,Pathogen.cl,214398979,UNIVERSITY OF PITTSBURGH,University of Pittsburgh Medical Center,2017,public,"fastq,sra",s3,s3.us-east-1,SRX4199639,USA,North America,"USA: Pittsburgh\, Pennsylvania",NextSeq 500,sputum,40.44 N 79.97 W,MRSA10156,PAIRED,RANDOM,GENOMIC,Staphylococcus aureus,ILLUMINA,2019-06-24T00:00:00Z,MRSA10156,SRP150360,MRSA10156,not collected,Homo sapiens,NA,R
SRR7297407,WGS,302,504874842,PRJNA475751,SAMN09400975,Pathogen.cl,211196174,UNIVERSITY OF PITTSBURGH,University of Pittsburgh Medical Center,2017,public,"fastq,sra",s3,s3.us-east-1,SRX4199638,USA,North America,"USA: Pittsburgh\, Pennsylvania",NextSeq 500,sputum,40.44 N 79.97 W,MRSA10155,PAIRED,RANDOM,GENOMIC,Staphylococcus aureus,ILLUMINA,2019-06-24T00:00:00Z,MRSA10155,SRP150360,MRSA10155,not collected,Homo sapiens,NA,R
SRR7297408,WGS,302,723372748,PRJNA475751,SAMN09400974,Pathogen.cl,316496239,UNIVERSITY OF PITTSBURGH,University of Pittsburgh Medical Center,2017,public,"sra,fastq",s3,s3.us-east-1,SRX4199637,USA,North America,"USA: Pittsburgh\, Pennsylvania",NextSeq 500,urine,40.44 N 79.97 W,MRSA10154,PAIRED,RANDOM,GENOMIC,Staphylococcus aureus,ILLUMINA,2019-06-24T00:00:00Z,MRSA10154,SRP150360,MRSA10154,not collected,Homo sapiens,NA,R
SRR7297409,WGS,302,603101248,PRJNA475751,SAMN09400973,Pathogen.cl,262909988,UNIVERSITY OF PITTSBURGH,University of Pittsburgh Medical Center,2017,public,"sra,fastq",s3,s3.us-east-1,SRX4199636,USA,North America,"USA: Pittsburgh\, Pennsylvania",NextSeq 500,bronch,40.44 N 79.97 W,MRSA10153,PAIRED,RANDOM,GENOMIC,Staphylococcus aureus,ILLUMINA,2019-06-24T00:00:00Z,MRSA10153,SRP150360,MRSA10153,not collected,Homo sapiens,NA,R
SRR7297410,WGS,302,680551866,PRJNA475751,SAMN09400972,Pathogen.cl,296843635,UNIVERSITY OF PITTSBURGH,University of Pittsburgh Medical Center,2017,public,"fastq,sra",s3,s3.us-east-1,SRX4199635,USA,North America,"USA: Pittsburgh\, Pennsylvania",NextSeq 500,sputum,40.44 N 79.97 W,MRSA10152,PAIRED,RANDOM,GENOMIC,Staphylococcus aureus,ILLUMINA,2019-06-24T00:00:00Z,MRSA10152,SRP150360,MRSA10152,not collected,Homo sapiens,NA,R
SRR7297411,WGS,302,552267702,PRJNA475751,SAMN09400971,Pathogen.cl,241061393,UNIVERSITY OF PITTSBURGH,University of Pittsburgh Medical Center,2017,public,"fastq,sra",s3,s3.us-east-1,SRX4199634,USA,North America,"USA: Pittsburgh\, Pennsylvania",NextSeq 500,blood,40.44 N 79.97 W,MRSA10151,PAIRED,RANDOM,GENOMIC,Staphylococcus aureus,ILLUMINA,2019-06-24T00:00:00Z,MRSA10151,SRP150360,MRSA10151,not collected,Homo sapiens,NA,R
SRR7297412,WGS,302,578088400,PRJNA475751,SAMN09400970,Pathogen.cl,250778440,UNIVERSITY OF PITTSBURGH,University of Pittsburgh Medical Center,2017,public,"fastq,sra",s3,s3.us-east-1,SRX4199633,USA,North America,"USA: Pittsburgh\, Pennsylvania",NextSeq 500,sputum,40.44 N 79.97 W,MRSA10150,PAIRED,RANDOM,GENOMIC,Staphylococcus aureus,ILLUMINA,2019-06-24T00:00:00Z,MRSA10150,SRP150360,MRSA10150,not collected,Homo sapiens,NA,R
SRR7297413,WGS,302,857651612,PRJNA475751,SAMN09400969,Pathogen.cl,377106813,UNIVERSITY OF PITTSBURGH,University of Pittsburgh Medical Center,2017,public,"sra,fastq",s3,s3.us-east-1,SRX4199632,USA,North America,"USA: Pittsburgh\, Pennsylvania",NextSeq 500,sputum,40.44 N 79.97 W,MRSA10149,PAIRED,RANDOM,GENOMIC,Staphylococcus aureus,ILLUMINA,2019-06-24T00:00:00Z,MRSA10149,SRP150360,MRSA10149,not collected,Homo sapiens,NA,R
SRR7297416,WGS,302,847845672,PRJNA475751,SAMN09400978,Pathogen.cl,400442820,UNIVERSITY OF PITTSBURGH,University of Pittsburgh Medical Center,2017,public,"fastq,sra",s3,s3.us-east-1,SRX4199629,USA,North America,"USA: Pittsburgh\, Pennsylvania",NextSeq 500,blood,40.44 N 79.97 W,MRSA10158,PAIRED,RANDOM,GENOMIC,Staphylococcus aureus,ILLUMINA,2019-06-24T00:00:00Z,MRSA10158,SRP150360,MRSA10158,not collected,Homo sapiens,NA,R
SRR7297417,WGS,302,365845216,PRJNA475751,SAMN09400977,Pathogen.cl,153583177,UNIVERSITY OF PITTSBURGH,University of Pittsburgh Medical Center,2017,public,"fastq,sra",s3,s3.us-east-1,SRX4199628,USA,North America,"USA: Pittsburgh\, Pennsylvania",NextSeq 500,sputum,40.44 N 79.97 W,MRSA10157,PAIRED,RANDOM,GENOMIC,Staphylococcus aureus,ILLUMINA,2019-06-24T00:00:00Z,MRSA10157,SRP150360,MRSA10157,not collected,Homo sapiens,NA,R
SRR7297428,WGS,302,796802236,PRJNA475751,SAMN09401080,Pathogen.cl,337048220,UNIVERSITY OF PITTSBURGH,University of Pittsburgh Medical Center,2017,public,"fastq,sra",s3,s3.us-east-1,SRX4200204,USA,North America,"USA: Pittsburgh\, Pennsylvania",NextSeq 500,tissue,40.44 N 79.97 W,MRSA10270,PAIRED,RANDOM,GENOMIC,Staphylococcus aureus,ILLUMINA,2019-06-24T00:00:00Z,MRSA10270,SRP150360,MRSA10270,not collected,Homo sapiens,NA,R
SRR7297429,WGS,302,733265060,PRJNA475751,SAMN09401079,Pathogen.cl,342406706,UNIVERSITY OF PITTSBURGH,University of Pittsburgh Medical Center,2017,public,"sra,fastq",s3,s3.us-east-1,SRX4200203,USA,North America,"USA: Pittsburgh\, Pennsylvania",NextSeq 500,blood,40.44 N 79.97 W,MRSA10269,PAIRED,RANDOM,GENOMIC,Staphylococcus aureus,ILLUMINA,2019-06-24T00:00:00Z,MRSA10269,SRP150360,MRSA10269,not collected,Homo sapiens,NA,R
SRR7297447,WGS,302,498126048,PRJNA475751,SAMN09401088,Pathogen.cl,210438196,UNIVERSITY OF PITTSBURGH,University of Pittsburgh Medical Center,2017,public,"fastq,sra",s3,s3.us-east-1,SRX4200185,USA,North America,"USA: Pittsburgh\, Pennsylvania",NextSeq 500,sputum,40.44 N 79.97 W,MRSA10278,PAIRED,RANDOM,GENOMIC,Staphylococcus aureus,ILLUMINA,2019-06-24T00:00:00Z,MRSA10278,SRP150360,MRSA10278,not collected,Homo sapiens,NA,R
SRR7297450,WGS,302,567245392,PRJNA475751,SAMN09401087,Pathogen.cl,240230715,UNIVERSITY OF PITTSBURGH,University of Pittsburgh Medical Center,2017,public,"fastq,sra",s3,s3.us-east-1,SRX4200182,USA,North America,"USA: Pittsburgh\, Pennsylvania",NextSeq 500,sputum,40.44 N 79.97 W,MRSA10277,PAIRED,RANDOM,GENOMIC,Staphylococcus aureus,ILLUMINA,2019-06-24T00:00:00Z,MRSA10277,SRP150360,MRSA10277,not collected,Homo sapiens,NA,R
SRR7297460,WGS,302,469050998,PRJNA475751,SAMN09401071,Pathogen.cl,207437527,UNIVERSITY OF PITTSBURGH,University of Pittsburgh Medical Center,2017,public,"fastq,sra",s3,s3.us-east-1,SRX4200172,USA,North America,"USA: Pittsburgh\, Pennsylvania",NextSeq 500,sputum,40.44 N 79.97 W,MRSA10261,PAIRED,RANDOM,GENOMIC,Staphylococcus aureus,ILLUMINA,2019-06-24T00:00:00Z,MRSA10261,SRP150360,MRSA10261,not collected,Homo sapiens,NA,R
SRR7297461,WGS,302,820086738,PRJNA475751,SAMN09401072,Pathogen.cl,360471306,UNIVERSITY OF PITTSBURGH,University of Pittsburgh Medical Center,2017,public,"fastq,sra",s3,s3.us-east-1,SRX4200171,USA,North America,"USA: Pittsburgh\, Pennsylvania",NextSeq 500,blood,40.44 N 79.97 W,MRSA10262,PAIRED,RANDOM,GENOMIC,Staphylococcus aureus,ILLUMINA,2019-06-24T00:00:00Z,MRSA10262,SRP150360,MRSA10262,not collected,Homo sapiens,NA,R
SRR7297462,WGS,169,336780099,PRJNA475751,SAMN09401069,Pathogen.cl,147290967,UNIVERSITY OF PITTSBURGH,University of Pittsburgh Medical Center,2017,public,"fastq,sra",s3,s3.us-east-1,SRX4200170,USA,North America,"USA: Pittsburgh\, Pennsylvania",NextSeq 500,blood,40.44 N 79.97 W,MRSA10259,PAIRED,RANDOM,GENOMIC,Staphylococcus aureus,ILLUMINA,2019-06-24T00:00:00Z,MRSA10259,SRP150360,MRSA10259,not collected,Homo sapiens,NA,R
SRR7297463,WGS,302,427177490,PRJNA475751,SAMN09401070,Pathogen.cl,190614430,UNIVERSITY OF PITTSBURGH,University of Pittsburgh Medical Center,2017,public,"sra,fastq",s3,s3.us-east-1,SRX4200169,USA,North America,"USA: Pittsburgh\, Pennsylvania",NextSeq 500,sputum,40.44 N 79.97 W,MRSA10260,PAIRED,RANDOM,GENOMIC,Staphylococcus aureus,ILLUMINA,2019-06-24T00:00:00Z,MRSA10260,SRP150360,MRSA10260,not collected,Homo sapiens,NA,R
SRR7297464,WGS,302,1012002906,PRJNA475751,SAMN09400998,Pathogen.cl,440261740,UNIVERSITY OF PITTSBURGH,University of Pittsburgh Medical Center,2017,public,"fastq,sra",s3,s3.us-east-1,SRX4200168,USA,North America,"USA: Pittsburgh\, Pennsylvania",NextSeq 500,wound,40.44 N 79.97 W,MRSA10183,PAIRED,RANDOM,GENOMIC,Staphylococcus aureus,ILLUMINA,2019-06-24T00:00:00Z,MRSA10183,SRP150360,MRSA10183,not collected,Homo sapiens,NA,R
SRR7297465,WGS,302,832350656,PRJNA475751,SAMN09400997,Pathogen.cl,362900663,UNIVERSITY OF PITTSBURGH,University of Pittsburgh Medical Center,2017,public,"sra,fastq",s3,s3.us-east-1,SRX4200167,USA,North America,"USA: Pittsburgh\, Pennsylvania",NextSeq 500,sputum,40.44 N 79.97 W,MRSA10182,PAIRED,RANDOM,GENOMIC,Staphylococcus aureus,ILLUMINA,2019-06-24T00:00:00Z,MRSA10182,SRP150360,MRSA10182,not collected,Homo sapiens,NA,R
SRR7297466,WGS,302,364031404,PRJNA475751,SAMN09401073,Pathogen.cl,163315981,UNIVERSITY OF PITTSBURGH,University of Pittsburgh Medical Center,2017,public,"fastq,sra",s3,s3.us-east-1,SRX4200166,USA,North America,"USA: Pittsburgh\, Pennsylvania",NextSeq 500,wound,40.44 N 79.97 W,MRSA10263,PAIRED,RANDOM,GENOMIC,Staphylococcus aureus,ILLUMINA,2019-06-24T00:00:00Z,MRSA10263,SRP150360,MRSA10263,not collected,Homo sapiens,NA,R
SRR7297467,WGS,302,731930824,PRJNA475751,SAMN09401074,Pathogen.cl,320323818,UNIVERSITY OF PITTSBURGH,University of Pittsburgh Medical Center,2017,public,"sra,fastq",s3,s3.us-east-1,SRX4200165,USA,North America,"USA: Pittsburgh\, Pennsylvania",NextSeq 500,wound,40.44 N 79.97 W,MRSA10264,PAIRED,RANDOM,GENOMIC,Staphylococcus aureus,ILLUMINA,2019-06-24T00:00:00Z,MRSA10264,SRP150360,MRSA10264,not collected,Homo sapiens,NA,R
SRR7297468,WGS,302,459291868,PRJNA475751,SAMN09400994,Pathogen.cl,192513853,UNIVERSITY OF PITTSBURGH,University of Pittsburgh Medical Center,2017,public,"sra,fastq",s3,s3.us-east-1,SRX4200164,USA,North America,"USA: Pittsburgh\, Pennsylvania",NextSeq 500,sputum,40.44 N 79.97 W,MRSA10178,PAIRED,RANDOM,GENOMIC,Staphylococcus aureus,ILLUMINA,2019-06-24T00:00:00Z,MRSA10178,SRP150360,MRSA10178,not collected,Homo sapiens,NA,R
SRR7297469,WGS,302,689718170,PRJNA475751,SAMN09400993,Pathogen.cl,289197824,UNIVERSITY OF PITTSBURGH,University of Pittsburgh Medical Center,2017,public,"sra,fastq",s3,s3.us-east-1,SRX4200163,USA,North America,"USA: Pittsburgh\, Pennsylvania",NextSeq 500,wound,40.44 N 79.97 W,MRSA10176,PAIRED,RANDOM,GENOMIC,Staphylococcus aureus,ILLUMINA,2019-06-24T00:00:00Z,MRSA10176,SRP150360,MRSA10176,not collected,Homo sapiens,NA,R
SRR7297470,WGS,302,757187688,PRJNA475751,SAMN09400996,Pathogen.cl,332057790,UNIVERSITY OF PITTSBURGH,University of Pittsburgh Medical Center,2017,public,"fastq,sra",s3,s3.us-east-1,SRX4200162,USA,North America,"USA: Pittsburgh\, Pennsylvania",NextSeq 500,wound,40.44 N 79.97 W,MRSA10180,PAIRED,RANDOM,GENOMIC,Staphylococcus aureus,ILLUMINA,2019-06-24T00:00:00Z,MRSA10180,SRP150360,MRSA10180,not collected,Homo sapiens,NA,R
SRR7297471,WGS,302,796164412,PRJNA475751,SAMN09400995,Pathogen.cl,347067516,UNIVERSITY OF PITTSBURGH,University of Pittsburgh Medical Center,2017,public,"sra,fastq",s3,s3.us-east-1,SRX4200161,USA,North America,"USA: Pittsburgh\, Pennsylvania",NextSeq 500,wound,40.44 N 79.97 W,MRSA10179,PAIRED,RANDOM,GENOMIC,Staphylococcus aureus,ILLUMINA,2019-06-24T00:00:00Z,MRSA10179,SRP150360,MRSA10179,not collected,Homo sapiens,NA,R
SRR7297472,WGS,302,583960186,PRJNA475751,SAMN09400990,Pathogen.cl,277982945,UNIVERSITY OF PITTSBURGH,University of Pittsburgh Medical Center,2017,public,"sra,fastq",s3,s3.us-east-1,SRX4200160,USA,North America,"USA: Pittsburgh\, Pennsylvania",NextSeq 500,sputum,40.44 N 79.97 W,MRSA10172,PAIRED,RANDOM,GENOMIC,Staphylococcus aureus,ILLUMINA,2019-06-24T00:00:00Z,MRSA10172,SRP150360,MRSA10172,not collected,Homo sapiens,NA,R
SRR7297473,WGS,302,609712934,PRJNA475751,SAMN09400989,Pathogen.cl,291179466,UNIVERSITY OF PITTSBURGH,University of Pittsburgh Medical Center,2017,public,"fastq,sra",s3,s3.us-east-1,SRX4200159,USA,North America,"USA: Pittsburgh\, Pennsylvania",NextSeq 500,wound,40.44 N 79.97 W,MRSA10171,PAIRED,RANDOM,GENOMIC,Staphylococcus aureus,ILLUMINA,2019-06-24T00:00:00Z,MRSA10171,SRP150360,MRSA10171,not collected,Homo sapiens,NA,R
SRR7297474,WGS,302,476296582,PRJNA475751,SAMN09400992,Pathogen.cl,198699016,UNIVERSITY OF PITTSBURGH,University of Pittsburgh Medical Center,2017,public,"sra,fastq",s3,s3.us-east-1,SRX4200158,USA,North America,"USA: Pittsburgh\, Pennsylvania",NextSeq 500,wound,40.44 N 79.97 W,MRSA10175,PAIRED,RANDOM,GENOMIC,Staphylococcus aureus,ILLUMINA,2019-06-24T00:00:00Z,MRSA10175,SRP150360,MRSA10175,not collected,Homo sapiens,NA,R
SRR7297475,WGS,302,393183766,PRJNA475751,SAMN09400991,Pathogen.cl,163893856,UNIVERSITY OF PITTSBURGH,University of Pittsburgh Medical Center,2017,public,"sra,fastq",s3,s3.us-east-1,SRX4200157,USA,North America,"USA: Pittsburgh\, Pennsylvania",NextSeq 500,wound,40.44 N 79.97 W,MRSA10173,PAIRED,RANDOM,GENOMIC,Staphylococcus aureus,ILLUMINA,2019-06-24T00:00:00Z,MRSA10173,SRP150360,MRSA10173,not collected,Homo sapiens,NA,R
SRR7297534,WGS,302,706223678,PRJNA475751,SAMN09400935,Pathogen.cl,303947753,UNIVERSITY OF PITTSBURGH,University of Pittsburgh Medical Center,2017,public,"sra,fastq",s3,s3.us-east-1,SRX4200098,USA,North America,"USA: Pittsburgh\, Pennsylvania",NextSeq 500,sputum,40.44 N 79.97 W,MRSA10111,PAIRED,RANDOM,GENOMIC,Staphylococcus aureus,ILLUMINA,2019-06-24T00:00:00Z,MRSA10111,SRP150360,MRSA10111,not collected,Homo sapiens,NA,R
SRR7297535,WGS,302,1017108216,PRJNA475751,SAMN09400936,Pathogen.cl,437613643,UNIVERSITY OF PITTSBURGH,University of Pittsburgh Medical Center,2017,public,"sra,fastq",s3,s3.us-east-1,SRX4200097,USA,North America,"USA: Pittsburgh\, Pennsylvania",NextSeq 500,sputum,40.44 N 79.97 W,MRSA10112,PAIRED,RANDOM,GENOMIC,Staphylococcus aureus,ILLUMINA,2019-06-24T00:00:00Z,MRSA10112,SRP150360,MRSA10112,not collected,Homo sapiens,NA,R
SRR7297536,WGS,302,1039197704,PRJNA475751,SAMN09400933,Pathogen.cl,449164594,UNIVERSITY OF PITTSBURGH,University of Pittsburgh Medical Center,2017,public,"fastq,sra",s3,s3.us-east-1,SRX4200096,USA,North America,"USA: Pittsburgh\, Pennsylvania",NextSeq 500,blood,40.44 N 79.97 W,MRSA10109,PAIRED,RANDOM,GENOMIC,Staphylococcus aureus,ILLUMINA,2019-06-24T00:00:00Z,MRSA10109,SRP150360,MRSA10109,not collected,Homo sapiens,NA,R
SRR7297537,WGS,302,934269918,PRJNA475751,SAMN09400934,Pathogen.cl,403200850,UNIVERSITY OF PITTSBURGH,University of Pittsburgh Medical Center,2017,public,"fastq,sra",s3,s3.us-east-1,SRX4200095,USA,North America,"USA: Pittsburgh\, Pennsylvania",NextSeq 500,bronch,40.44 N 79.97 W,MRSA10110,PAIRED,RANDOM,GENOMIC,Staphylococcus aureus,ILLUMINA,2019-06-24T00:00:00Z,MRSA10110,SRP150360,MRSA10110,not collected,Homo sapiens,NA,R
SRR7297538,WGS,302,856210770,PRJNA475751,SAMN09400931,Pathogen.cl,354170467,UNIVERSITY OF PITTSBURGH,University of Pittsburgh Medical Center,2017,public,"fastq,sra",s3,s3.us-east-1,SRX4200094,USA,North America,"USA: Pittsburgh\, Pennsylvania",NextSeq 500,sputum,40.44 N 79.97 W,MRSA10107,PAIRED,RANDOM,GENOMIC,Staphylococcus aureus,ILLUMINA,2019-06-24T00:00:00Z,MRSA10107,SRP150360,MRSA10107,not collected,Homo sapiens,NA,R
SRR7297539,WGS,302,904156290,PRJNA475751,SAMN09400932,Pathogen.cl,375126139,UNIVERSITY OF PITTSBURGH,University of Pittsburgh Medical Center,2017,public,"fastq,sra",s3,s3.us-east-1,SRX4200093,USA,North America,"USA: Pittsburgh\, Pennsylvania",NextSeq 500,sputum,40.44 N 79.97 W,MRSA10108,PAIRED,RANDOM,GENOMIC,Staphylococcus aureus,ILLUMINA,2019-06-24T00:00:00Z,MRSA10108,SRP150360,MRSA10108,not collected,Homo sapiens,NA,R
SRR7297540,WGS,302,509710164,PRJNA475751,SAMN09400929,Pathogen.cl,212719397,UNIVERSITY OF PITTSBURGH,University of Pittsburgh Medical Center,2017,public,"fastq,sra",s3,s3.us-east-1,SRX4200092,USA,North America,"USA: Pittsburgh\, Pennsylvania",NextSeq 500,sputum,40.44 N 79.97 W,MRSA10105,PAIRED,RANDOM,GENOMIC,Staphylococcus aureus,ILLUMINA,2019-06-24T00:00:00Z,MRSA10105,SRP150360,MRSA10105,not collected,Homo sapiens,NA,R
SRR7297541,WGS,302,1052796160,PRJNA475751,SAMN09400930,Pathogen.cl,435986525,UNIVERSITY OF PITTSBURGH,University of Pittsburgh Medical Center,2017,public,"sra,fastq",s3,s3.us-east-1,SRX4200091,USA,North America,"USA: Pittsburgh\, Pennsylvania",NextSeq 500,respiratory,40.44 N 79.97 W,MRSA10106,PAIRED,RANDOM,GENOMIC,Staphylococcus aureus,ILLUMINA,2019-06-24T00:00:00Z,MRSA10106,SRP150360,MRSA10106,not collected,Homo sapiens,NA,R
SRR7297542,WGS,302,757844538,PRJNA475751,SAMN09400937,Pathogen.cl,329716194,UNIVERSITY OF PITTSBURGH,University of Pittsburgh Medical Center,2017,public,"sra,fastq",s3,s3.us-east-1,SRX4200090,USA,North America,"USA: Pittsburgh\, Pennsylvania",NextSeq 500,blood,40.44 N 79.97 W,MRSA10113,PAIRED,RANDOM,GENOMIC,Staphylococcus aureus,ILLUMINA,2019-06-24T00:00:00Z,MRSA10113,SRP150360,MRSA10113,not collected,Homo sapiens,NA,R
SRR7297543,WGS,302,811127002,PRJNA475751,SAMN09400938,Pathogen.cl,350275090,UNIVERSITY OF PITTSBURGH,University of Pittsburgh Medical Center,2017,public,"fastq,sra",s3,s3.us-east-1,SRX4200089,USA,North America,"USA: Pittsburgh\, Pennsylvania",NextSeq 500,blood,40.44 N 79.97 W,MRSA10114,PAIRED,RANDOM,GENOMIC,Staphylococcus aureus,ILLUMINA,2019-06-24T00:00:00Z,MRSA10114,SRP150360,MRSA10114,not collected,Homo sapiens,NA,R
SRR7297566,WGS,302,192178908,PRJNA475751,SAMN09401023,Pathogen.cl,82943874,UNIVERSITY OF PITTSBURGH,University of Pittsburgh Medical Center,2017,public,"fastq,sra",s3,s3.us-east-1,SRX4200066,USA,North America,"USA: Pittsburgh\, Pennsylvania",NextSeq 500,wound,40.44 N 79.97 W,MRSA10208,PAIRED,RANDOM,GENOMIC,Staphylococcus aureus,ILLUMINA,2019-06-24T00:00:00Z,MRSA10208,SRP150360,MRSA10208,not collected,Homo sapiens,NA,R
SRR7297567,WGS,302,233548982,PRJNA475751,SAMN09401024,Pathogen.cl,100782190,UNIVERSITY OF PITTSBURGH,University of Pittsburgh Medical Center,2017,public,"sra,fastq",s3,s3.us-east-1,SRX4200065,USA,North America,"USA: Pittsburgh\, Pennsylvania",NextSeq 500,sputum,40.44 N 79.97 W,MRSA10209,PAIRED,RANDOM,GENOMIC,Staphylococcus aureus,ILLUMINA,2019-06-24T00:00:00Z,MRSA10209,SRP150360,MRSA10209,not collected,Homo sapiens,NA,R
SRR7297568,WGS,302,154236836,PRJNA475751,SAMN09401025,Pathogen.cl,66719435,UNIVERSITY OF PITTSBURGH,University of Pittsburgh Medical Center,2017,public,"sra,fastq",s3,s3.us-east-1,SRX4200064,USA,North America,"USA: Pittsburgh\, Pennsylvania",NextSeq 500,sputum,40.44 N 79.97 W,MRSA10210,PAIRED,RANDOM,GENOMIC,Staphylococcus aureus,ILLUMINA,2019-06-24T00:00:00Z,MRSA10210,SRP150360,MRSA10210,not collected,Homo sapiens,NA,R
SRR7297569,WGS,302,403857654,PRJNA475751,SAMN09401026,Pathogen.cl,175178616,UNIVERSITY OF PITTSBURGH,University of Pittsburgh Medical Center,2017,public,"fastq,sra",s3,s3.us-east-1,SRX4200063,USA,North America,"USA: Pittsburgh\, Pennsylvania",NextSeq 500,sputum,40.44 N 79.97 W,MRSA10211,PAIRED,RANDOM,GENOMIC,Staphylococcus aureus,ILLUMINA,2019-06-24T00:00:00Z,MRSA10211,SRP150360,MRSA10211,not collected,Homo sapiens,NA,R
SRR7297570,WGS,302,588244660,PRJNA475751,SAMN09401019,Pathogen.cl,267366576,UNIVERSITY OF PITTSBURGH,University of Pittsburgh Medical Center,2017,public,"sra,fastq",s3,s3.us-east-1,SRX4200062,USA,North America,"USA: Pittsburgh\, Pennsylvania",NextSeq 500,wound,40.44 N 79.97 W,MRSA10204,PAIRED,RANDOM,GENOMIC,Staphylococcus aureus,ILLUMINA,2019-06-24T00:00:00Z,MRSA10204,SRP150360,MRSA10204,not collected,Homo sapiens,NA,R
SRR7297571,WGS,302,632603024,PRJNA475751,SAMN09401020,Pathogen.cl,288367679,UNIVERSITY OF PITTSBURGH,University of Pittsburgh Medical Center,2017,public,"fastq,sra",s3,s3.us-east-1,SRX4200061,USA,North America,"USA: Pittsburgh\, Pennsylvania",NextSeq 500,sputum,40.44 N 79.97 W,MRSA10205,PAIRED,RANDOM,GENOMIC,Staphylococcus aureus,ILLUMINA,2019-06-24T00:00:00Z,MRSA10205,SRP150360,MRSA10205,not collected,Homo sapiens,NA,R
SRR7297572,WGS,302,627241618,PRJNA475751,SAMN09401021,Pathogen.cl,285355911,UNIVERSITY OF PITTSBURGH,University of Pittsburgh Medical Center,2017,public,"fastq,sra",s3,s3.us-east-1,SRX4200060,USA,North America,"USA: Pittsburgh\, Pennsylvania",NextSeq 500,sputum,40.44 N 79.97 W,MRSA10206,PAIRED,RANDOM,GENOMIC,Staphylococcus aureus,ILLUMINA,2019-06-24T00:00:00Z,MRSA10206,SRP150360,MRSA10206,not collected,Homo sapiens,NA,R
SRR7297573,WGS,302,258871078,PRJNA475751,SAMN09401022,Pathogen.cl,112059836,UNIVERSITY OF PITTSBURGH,University of Pittsburgh Medical Center,2017,public,"sra,fastq",s3,s3.us-east-1,SRX4200059,USA,North America,"USA: Pittsburgh\, Pennsylvania",NextSeq 500,wound,40.44 N 79.97 W,MRSA10207,PAIRED,RANDOM,GENOMIC,Staphylococcus aureus,ILLUMINA,2019-06-24T00:00:00Z,MRSA10207,SRP150360,MRSA10207,not collected,Homo sapiens,NA,R
SRR7297574,WGS,302,121047942,PRJNA475751,SAMN09401027,Pathogen.cl,54171886,UNIVERSITY OF PITTSBURGH,University of Pittsburgh Medical Center,2017,public,"sra,fastq",s3,s3.us-east-1,SRX4200058,USA,North America,"USA: Pittsburgh\, Pennsylvania",NextSeq 500,wound,40.44 N 79.97 W,MRSA10212,PAIRED,RANDOM,GENOMIC,Staphylococcus aureus,ILLUMINA,2019-06-24T00:00:00Z,MRSA10212,SRP150360,MRSA10212,not collected,Homo sapiens,NA,R
SRR7297575,WGS,302,97754682,PRJNA475751,SAMN09401028,Pathogen.cl,42089137,UNIVERSITY OF PITTSBURGH,University of Pittsburgh Medical Center,2017,public,"sra,fastq",s3,s3.us-east-1,SRX4200057,USA,North America,"USA: Pittsburgh\, Pennsylvania",NextSeq 500,wound,40.44 N 79.97 W,MRSA10213,PAIRED,RANDOM,GENOMIC,Staphylococcus aureus,ILLUMINA,2019-06-24T00:00:00Z,MRSA10213,SRP150360,MRSA10213,not collected,Homo sapiens,NA,R
SRR7297577,WGS,302,537210284,PRJNA475751,SAMN09401060,Pathogen.cl,235375204,UNIVERSITY OF PITTSBURGH,University of Pittsburgh Medical Center,2017,public,"sra,fastq",s3,s3.us-east-1,SRX4200055,USA,North America,"USA: Pittsburgh\, Pennsylvania",NextSeq 500,sputum,40.44 N 79.97 W,MRSA10250,PAIRED,RANDOM,GENOMIC,Staphylococcus aureus,ILLUMINA,2019-06-24T00:00:00Z,MRSA10250,SRP150360,MRSA10250,not collected,Homo sapiens,NA,R
SRR7297578,WGS,302,946466792,PRJNA475751,SAMN09400928,Pathogen.cl,395748621,UNIVERSITY OF PITTSBURGH,University of Pittsburgh Medical Center,2017,public,"sra,fastq",s3,s3.us-east-1,SRX4200054,USA,North America,"USA: Pittsburgh\, Pennsylvania",NextSeq 500,wound,40.44 N 79.97 W,MRSA10104,PAIRED,RANDOM,GENOMIC,Staphylococcus aureus,ILLUMINA,2019-06-24T00:00:00Z,MRSA10104,SRP150360,MRSA10104,not collected,Homo sapiens,NA,R
SRR7297579,WGS,302,483385428,PRJNA475751,SAMN09400927,Pathogen.cl,202852807,UNIVERSITY OF PITTSBURGH,University of Pittsburgh Medical Center,2017,public,"fastq,sra",s3,s3.us-east-1,SRX4200053,USA,North America,"USA: Pittsburgh\, Pennsylvania",NextSeq 500,wound,40.44 N 79.97 W,MRSA10103,PAIRED,RANDOM,GENOMIC,Staphylococcus aureus,ILLUMINA,2019-06-24T00:00:00Z,MRSA10103,SRP150360,MRSA10103,not collected,Homo sapiens,NA,R
SRR7297582,WGS,302,311744634,PRJNA475751,SAMN09400950,Pathogen.cl,133944081,UNIVERSITY OF PITTSBURGH,University of Pittsburgh Medical Center,2017,public,"sra,fastq",s3,s3.us-east-1,SRX4200050,USA,North America,"USA: Pittsburgh\, Pennsylvania",NextSeq 500,sputum,40.44 N 79.97 W,MRSA10127,PAIRED,RANDOM,GENOMIC,Staphylococcus aureus,ILLUMINA,2019-06-24T00:00:00Z,MRSA10127,SRP150360,MRSA10127,not collected,Homo sapiens,NA,R
SRR7297583,WGS,302,535974500,PRJNA475751,SAMN09400949,Pathogen.cl,228900866,UNIVERSITY OF PITTSBURGH,University of Pittsburgh Medical Center,2017,public,"fastq,sra",s3,s3.us-east-1,SRX4200049,USA,North America,"USA: Pittsburgh\, Pennsylvania",NextSeq 500,wound,40.44 N 79.97 W,MRSA10126,PAIRED,RANDOM,GENOMIC,Staphylococcus aureus,ILLUMINA,2019-06-24T00:00:00Z,MRSA10126,SRP150360,MRSA10126,not collected,Homo sapiens,NA,R
SRR7297584,WGS,302,415452340,PRJNA475751,SAMN09400952,Pathogen.cl,177911444,UNIVERSITY OF PITTSBURGH,University of Pittsburgh Medical Center,2017,public,"sra,fastq",s3,s3.us-east-1,SRX4200048,USA,North America,"USA: Pittsburgh\, Pennsylvania",NextSeq 500,sputum,40.44 N 79.97 W,MRSA10130,PAIRED,RANDOM,GENOMIC,Staphylococcus aureus,ILLUMINA,2019-06-24T00:00:00Z,MRSA10130,SRP150360,MRSA10130,not collected,Homo sapiens,NA,R
SRR7297585,WGS,302,427281378,PRJNA475751,SAMN09400951,Pathogen.cl,183967091,UNIVERSITY OF PITTSBURGH,University of Pittsburgh Medical Center,2017,public,"fastq,sra",s3,s3.us-east-1,SRX4200047,USA,North America,"USA: Pittsburgh\, Pennsylvania",NextSeq 500,sputum,40.44 N 79.97 W,MRSA10128,PAIRED,RANDOM,GENOMIC,Staphylococcus aureus,ILLUMINA,2019-06-24T00:00:00Z,MRSA10128,SRP150360,MRSA10128,not collected,Homo sapiens,NA,R
SRR7297586,WGS,302,304306978,PRJNA475751,SAMN09400954,Pathogen.cl,129630956,UNIVERSITY OF PITTSBURGH,University of Pittsburgh Medical Center,2017,public,"sra,fastq",s3,s3.us-east-1,SRX4200046,USA,North America,"USA: Pittsburgh\, Pennsylvania",NextSeq 500,urine,40.44 N 79.97 W,MRSA10132,PAIRED,RANDOM,GENOMIC,Staphylococcus aureus,ILLUMINA,2019-06-24T00:00:00Z,MRSA10132,SRP150360,MRSA10132,not collected,Homo sapiens,NA,R
SRR7297587,WGS,302,688632178,PRJNA475751,SAMN09400953,Pathogen.cl,294225390,UNIVERSITY OF PITTSBURGH,University of Pittsburgh Medical Center,2017,public,"sra,fastq",s3,s3.us-east-1,SRX4200045,USA,North America,"USA: Pittsburgh\, Pennsylvania",NextSeq 500,tissue,40.44 N 79.97 W,MRSA10131,PAIRED,RANDOM,GENOMIC,Staphylococcus aureus,ILLUMINA,2019-06-24T00:00:00Z,MRSA10131,SRP150360,MRSA10131,not collected,Homo sapiens,NA,R
SRR7297588,WGS,302,486674208,PRJNA475751,SAMN09400956,Pathogen.cl,220873636,UNIVERSITY OF PITTSBURGH,University of Pittsburgh Medical Center,2017,public,"fastq,sra",s3,s3.us-east-1,SRX4200044,USA,North America,"USA: Pittsburgh\, Pennsylvania",NextSeq 500,wound,40.44 N 79.97 W,MRSA10134,PAIRED,RANDOM,GENOMIC,Staphylococcus aureus,ILLUMINA,2019-06-24T00:00:00Z,MRSA10134,SRP150360,MRSA10134,not collected,Homo sapiens,NA,R
SRR7297589,WGS,302,560936310,PRJNA475751,SAMN09400955,Pathogen.cl,236886511,UNIVERSITY OF PITTSBURGH,University of Pittsburgh Medical Center,2017,public,"sra,fastq",s3,s3.us-east-1,SRX4200043,USA,North America,"USA: Pittsburgh\, Pennsylvania",NextSeq 500,wound,40.44 N 79.97 W,MRSA10133,PAIRED,RANDOM,GENOMIC,Staphylococcus aureus,ILLUMINA,2019-06-24T00:00:00Z,MRSA10133,SRP150360,MRSA10133,not collected,Homo sapiens,NA,R
SRR7297590,WGS,302,426185420,PRJNA475751,SAMN09400958,Pathogen.cl,181857874,UNIVERSITY OF PITTSBURGH,University of Pittsburgh Medical Center,2017,public,"fastq,sra",s3,s3.us-east-1,SRX4200042,USA,North America,"USA: Pittsburgh\, Pennsylvania",NextSeq 500,sputum,40.44 N 79.97 W,MRSA10136,PAIRED,RANDOM,GENOMIC,Staphylococcus aureus,ILLUMINA,2019-06-24T00:00:00Z,MRSA10136,SRP150360,MRSA10136,not collected,Homo sapiens,NA,R
SRR7297591,WGS,302,467917592,PRJNA475751,SAMN09400957,Pathogen.cl,200623068,UNIVERSITY OF PITTSBURGH,University of Pittsburgh Medical Center,2017,public,"fastq,sra",s3,s3.us-east-1,SRX4200041,USA,North America,"USA: Pittsburgh\, Pennsylvania",NextSeq 500,blood,40.44 N 79.97 W,MRSA10135,PAIRED,RANDOM,GENOMIC,Staphylococcus aureus,ILLUMINA,2019-06-24T00:00:00Z,MRSA10135,SRP150360,MRSA10135,not collected,Homo sapiens,NA,R
SRR7297592,WGS,302,785342544,PRJNA475751,SAMN09400926,Pathogen.cl,325659819,UNIVERSITY OF PITTSBURGH,University of Pittsburgh Medical Center,2017,public,"sra,fastq",s3,s3.us-east-1,SRX4200040,USA,North America,"USA: Pittsburgh\, Pennsylvania",NextSeq 500,wound,40.44 N 79.97 W,MRSA10102,PAIRED,RANDOM,GENOMIC,Staphylococcus aureus,ILLUMINA,2019-06-24T00:00:00Z,MRSA10102,SRP150360,MRSA10102,not collected,Homo sapiens,NA,R
SRR7297593,WGS,302,589007814,PRJNA475751,SAMN09400925,Pathogen.cl,245958995,UNIVERSITY OF PITTSBURGH,University of Pittsburgh Medical Center,2017,public,"sra,fastq",s3,s3.us-east-1,SRX4200039,USA,North America,"USA: Pittsburgh\, Pennsylvania",NextSeq 500,wound,40.44 N 79.97 W,MRSA10100,PAIRED,RANDOM,GENOMIC,Staphylococcus aureus,ILLUMINA,2019-06-24T00:00:00Z,MRSA10100,SRP150360,MRSA10100,not collected,Homo sapiens,NA,R
SRR7297594,WGS,302,561707316,PRJNA475751,SAMN09400924,Pathogen.cl,238505279,UNIVERSITY OF PITTSBURGH,University of Pittsburgh Medical Center,2017,public,"sra,fastq",s3,s3.us-east-1,SRX4200038,USA,North America,"USA: Pittsburgh\, Pennsylvania",NextSeq 500,sputum,40.44 N 79.97 W,MRSA10098,PAIRED,RANDOM,GENOMIC,Staphylococcus aureus,ILLUMINA,2019-06-24T00:00:00Z,MRSA10098,SRP150360,MRSA10098,not collected,Homo sapiens,NA,R
SRR7297595,WGS,302,493665206,PRJNA475751,SAMN09400923,Pathogen.cl,211107524,UNIVERSITY OF PITTSBURGH,University of Pittsburgh Medical Center,2017,public,"fastq,sra",s3,s3.us-east-1,SRX4200037,USA,North America,"USA: Pittsburgh\, Pennsylvania",NextSeq 500,wound,40.44 N 79.97 W,MRSA10097,PAIRED,RANDOM,GENOMIC,Staphylococcus aureus,ILLUMINA,2019-06-24T00:00:00Z,MRSA10097,SRP150360,MRSA10097,not collected,Homo sapiens,NA,R
SRR7297596,WGS,302,504568312,PRJNA475751,SAMN09400922,Pathogen.cl,214873708,UNIVERSITY OF PITTSBURGH,University of Pittsburgh Medical Center,2017,public,"sra,fastq",s3,s3.us-east-1,SRX4200036,USA,North America,"USA: Pittsburgh\, Pennsylvania",NextSeq 500,urine,40.44 N 79.97 W,MRSA10096,PAIRED,RANDOM,GENOMIC,Staphylococcus aureus,ILLUMINA,2019-06-24T00:00:00Z,MRSA10096,SRP150360,MRSA10096,not collected,Homo sapiens,NA,R
SRR7297597,WGS,302,302379312,PRJNA475751,SAMN09400921,Pathogen.cl,128157079,UNIVERSITY OF PITTSBURGH,University of Pittsburgh Medical Center,2017,public,"fastq,sra",s3,s3.us-east-1,SRX4200035,USA,North America,"USA: Pittsburgh\, Pennsylvania",NextSeq 500,blood,40.44 N 79.97 W,MRSA10095,PAIRED,RANDOM,GENOMIC,Staphylococcus aureus,ILLUMINA,2019-06-24T00:00:00Z,MRSA10095,SRP150360,MRSA10095,not collected,Homo sapiens,NA,R
SRR7297599,WGS,302,405275846,PRJNA475751,SAMN09400919,Pathogen.cl,171349996,UNIVERSITY OF PITTSBURGH,University of Pittsburgh Medical Center,2017,public,"fastq,sra",s3,s3.us-east-1,SRX4200033,USA,North America,"USA: Pittsburgh\, Pennsylvania",NextSeq 500,wound,40.44 N 79.97 W,MRSA10093,PAIRED,RANDOM,GENOMIC,Staphylococcus aureus,ILLUMINA,2019-06-24T00:00:00Z,MRSA10093,SRP150360,MRSA10093,not collected,Homo sapiens,NA,R
