run_accession,study_accession,accession number,tax_id,scientific_name,submitted_ftp,sample ID,source species,organism,year of isolation,clinical rol,sample,geo loc,owner State,AMC,AMP,AZT,FOX,CRO,CHL,CIP,GEN,MER,NAL,STR,FIZ,TET,TRISUL
SRR14766326,PRJNA736314,SAMN19642025,98360,Salmonella enterica subsp. enterica serovar Dublin,NA,18-024128-094,"Cattle, Domestic",Salmonella enterica subsp. enterica serovar Dublin,2016,UNKNOWN,LUNG,USA,IL,>   32.0000,>   32.0000,=   4.0000,>   32.0000,=   64.0000,>   32.0000,=   0.2500,=   1.0000,<=   0.0600,>   32.0000,>   64.0000,>   256.0000,>   32.0000,=   0.2500
SRR14766327,PRJNA736314,SAMN19641950,98360,Salmonella enterica subsp. enterica serovar Dublin,NA,18-024128-072,"Cattle, Domestic",Salmonella enterica subsp. enterica serovar Dublin,2016,INFECTION,"LUNG, LIVER, INTEST",USA,TX,>   32.0000,>   32.0000,=   8.0000,>   32.0000,=   16.0000,>   32.0000,=   0.0300,=   1.0000,<=   0.0600,=   4.0000,>   64.0000,>   256.0000,>   32.0000,=   0.5000
SRR14766328,PRJNA736314,SAMN19642009,98360,Salmonella enterica subsp. enterica serovar Dublin,NA,18-024128-062,"Cattle, Domestic",Salmonella enterica subsp. enterica serovar Dublin,2016,INFECTION,LUNG,USA,IA,>   32.0000,>   32.0000,=   4.0000,>   32.0000,=   32.0000,>   32.0000,=   0.0300,=   1.0000,<=   0.0600,=   2.0000,>   64.0000,>   256.0000,>   32.0000,=   0.2500
SRR14766329,PRJNA736314,SAMN19641972,98360,Salmonella enterica subsp. enterica serovar Dublin,NA,18-024128-056,"Cattle, Domestic",Salmonella enterica subsp. enterica serovar Dublin,2016,INFECTION,LIVER,USA,MN,>   32.0000,>   32.0000,=   4.0000,=   32.0000,=   8.0000,>   32.0000,=   0.2500,=   1.0000,<=   0.0600,>   32.0000,>   64.0000,>   256.0000,>   32.0000,=   0.2500
SRR14766330,PRJNA736314,SAMN19641991,98360,Salmonella enterica subsp. enterica serovar Dublin,NA,18-024128-037,"Cattle, Domestic",Salmonella enterica subsp. enterica serovar Dublin,2016,UNKNOWN,FECES,USA,MI,>   32.0000,>   32.0000,=   4.0000,>   32.0000,=   32.0000,>   32.0000,=   0.0300,=   1.0000,<=   0.0600,=   4.0000,>   64.0000,>   256.0000,>   32.0000,=   0.2500
SRR14766331,PRJNA736314,SAMN19642008,98360,Salmonella enterica subsp. enterica serovar Dublin,NA,18-024128-028,"Cattle, Domestic",Salmonella enterica subsp. enterica serovar Dublin,2016,INFECTION,LUNG,USA,IA,>   32.0000,>   32.0000,=   4.0000,=   32.0000,=   16.0000,>   32.0000,<=   0.0150,=   0.5000,<=   0.0600,=   4.0000,>   64.0000,>   256.0000,>   32.0000,<=   0.1200
SRR14766332,PRJNA736314,SAMN19642029,98360,Salmonella enterica subsp. enterica serovar Dublin,NA,18-024128-026,"Cattle, Domestic",Salmonella enterica subsp. enterica serovar Dublin,2016,INFECTION,LUNG,USA,IN,>   32.0000,>   32.0000,=   4.0000,>   32.0000,=   32.0000,>   32.0000,=   0.0300,=   1.0000,<=   0.0600,=   4.0000,>   64.0000,>   256.0000,>   32.0000,=   0.2500
SRR14766333,PRJNA736314,SAMN19641944,98360,Salmonella enterica subsp. enterica serovar Dublin,NA,18-024128-001,"Cattle, Domestic",Salmonella enterica subsp. enterica serovar Dublin,2016,UNKNOWN,LIVER,USA,SD,>   32.0000,>   32.0000,=   2.0000,=   16.0000,=   8.0000,>   32.0000,=   0.1200,=   0.5000,<=   0.0600,>   32.0000,>   64.0000,>   256.0000,=   32.0000,<=   0.1200
SRR14766334,PRJNA736314,SAMN19641992,98360,Salmonella enterica subsp. enterica serovar Dublin,NA,18-024127-077,"Cattle, Domestic",Salmonella enterica subsp. enterica serovar Dublin,2016,INFECTION,BRAIN,USA,WI,>   32.0000,>   32.0000,=   4.0000,>   32.0000,>   64.0000,>   32.0000,=   0.0300,=   1.0000,<=   0.0600,=   4.0000,=   32.0000,>   256.0000,>   32.0000,=   0.2500
SRR14766335,PRJNA736314,SAMN19642045,98360,Salmonella enterica subsp. enterica serovar Dublin,NA,18-006979-365,"Cattle, Domestic",Salmonella enterica subsp. enterica serovar Dublin,2014,INFECTION,FECES,USA,NY,>   32.0000,>   32.0000,=   4.0000,=   32.0000,=   16.0000,>   32.0000,<=   0.0150,=   1.0000,<=   0.0600,=   2.0000,>   64.0000,>   256.0000,>   32.0000,=   0.2500
SRR14766336,PRJNA736314,SAMN19642055,98360,Salmonella enterica subsp. enterica serovar Dublin,NA,18-024127-066,"Cattle, Domestic",Salmonella enterica subsp. enterica serovar Dublin,2016,INFECTION,MILK,USA,NY,>   32.0000,>   32.0000,=   4.0000,>   32.0000,=   32.0000,>   32.0000,=   0.0300,=   1.0000,<=   0.0600,=   4.0000,>   64.0000,>   256.0000,>   32.0000,=   0.2500
SRR14766337,PRJNA736314,SAMN19642054,98360,Salmonella enterica subsp. enterica serovar Dublin,NA,18-024127-065,"Cattle, Domestic",Salmonella enterica subsp. enterica serovar Dublin,2016,INFECTION,LNMES,USA,NY,>   32.0000,>   32.0000,=   4.0000,>   32.0000,=   32.0000,>   32.0000,=   0.0300,=   1.0000,<=   0.0600,=   4.0000,>   64.0000,>   256.0000,>   32.0000,=   0.2500
SRR14766338,PRJNA736314,SAMN19642024,98360,Salmonella enterica subsp. enterica serovar Dublin,NA,18-024125-089,"Cattle, Domestic",Salmonella enterica subsp. enterica serovar Dublin,2016,INFECTION,INTEST,USA,IL,>   32.0000,>   32.0000,=   4.0000,=   32.0000,=   16.0000,>   32.0000,=   0.2500,=   0.5000,<=   0.0600,>   32.0000,>   64.0000,>   256.0000,>   32.0000,=   0.2500
SRR14766339,PRJNA736314,SAMN19641943,98360,Salmonella enterica subsp. enterica serovar Dublin,NA,18-024125-086,"Cattle, Domestic",Salmonella enterica subsp. enterica serovar Dublin,2016,UNKNOWN,UNKNOWN,USA,SD,<=   1.0000,=   2.0000,=   4.0000,=   8.0000,<=   0.2500,>   32.0000,=   0.0300,=   0.5000,<=   0.0600,=   4.0000,>   64.0000,>   256.0000,>   32.0000,=   0.5000
SRR14766340,PRJNA736314,SAMN19642023,98360,Salmonella enterica subsp. enterica serovar Dublin,NA,18-024125-038,"Cattle, Domestic",Salmonella enterica subsp. enterica serovar Dublin,2016,INFECTION,LUNG,USA,IL,>   32.0000,>   32.0000,=   8.0000,>   32.0000,=   16.0000,>   32.0000,=   0.0300,=   1.0000,<=   0.0600,=   4.0000,>   64.0000,>   256.0000,>   32.0000,=   0.2500
SRR14766341,PRJNA736314,SAMN19641971,98360,Salmonella enterica subsp. enterica serovar Dublin,NA,18-024125-033,"Cattle, Domestic",Salmonella enterica subsp. enterica serovar Dublin,2016,INFECTION,LUNG,USA,MN,=   2.0000,<=   1.0000,=   8.0000,=   4.0000,<=   0.2500,>   32.0000,=   0.0300,=   0.5000,<=   0.0600,=   4.0000,>   64.0000,>   256.0000,>   32.0000,=   0.5000
SRR14766342,PRJNA736314,SAMN19642007,98360,Salmonella enterica subsp. enterica serovar Dublin,NA,18-024125-031,"Cattle, Domestic",Salmonella enterica subsp. enterica serovar Dublin,2016,INFECTION,FECES,USA,IA,>   32.0000,>   32.0000,=   4.0000,>   32.0000,=   32.0000,=   8.0000,=   0.0300,=   1.0000,<=   0.0600,=   4.0000,>   64.0000,>   256.0000,>   32.0000,=   0.2500
SRR14766343,PRJNA736314,SAMN19642063,98360,Salmonella enterica subsp. enterica serovar Dublin,NA,18-024125-024,"Cattle, Domestic",Salmonella enterica subsp. enterica serovar Dublin,2016,UNKNOWN,LUNG,USA,KY,>   32.0000,>   32.0000,=   4.0000,>   32.0000,=   16.0000,>   32.0000,=   0.0300,=   2.0000,<=   0.0600,=   8.0000,>   64.0000,>   256.0000,>   32.0000,=   0.2500
SRR14766344,PRJNA736314,SAMN19642062,98360,Salmonella enterica subsp. enterica serovar Dublin,NA,18-012180-603,"Cattle, Domestic",Salmonella enterica subsp. enterica serovar Dublin,2015,UNKNOWN,CULTURE,USA,KY,<=   1.0000,<=   1.0000,=   8.0000,=   2.0000,<=   0.2500,>   32.0000,<=   0.0150,=   1.0000,<=   0.0600,=   4.0000,>   64.0000,>   256.0000,>   32.0000,=   0.5000
SRR14766345,PRJNA736314,SAMN19641970,98360,Salmonella enterica subsp. enterica serovar Dublin,NA,18-012180-555,"Cattle, Domestic",Salmonella enterica subsp. enterica serovar Dublin,2015,INFECTION,LIVER,USA,MN,>   32.0000,>   32.0000,=   4.0000,>   32.0000,=   32.0000,>   32.0000,=   0.0300,=   1.0000,<=   0.0600,=   4.0000,>   64.0000,>   256.0000,>   32.0000,=   0.2500
SRR14766346,PRJNA736314,SAMN19641933,98360,Salmonella enterica subsp. enterica serovar Dublin,NA,18-006979-262,"Cattle, Domestic",Salmonella enterica subsp. enterica serovar Dublin,2014,INFECTION,LIVER,USA,ID,<=   1.0000,<=   1.0000,=   4.0000,=   8.0000,<=   0.2500,>   32.0000,<=   0.0150,=   0.5000,<=   0.0600,=   4.0000,>   64.0000,>   256.0000,>   32.0000,=   0.2500
SRR14766347,PRJNA736314,SAMN19641942,98360,Salmonella enterica subsp. enterica serovar Dublin,NA,18-012180-549,"Cattle, Domestic",Salmonella enterica subsp. enterica serovar Dublin,2015,UNKNOWN,LUNG,USA,SD,>   32.0000,>   32.0000,=   4.0000,>   32.0000,=   32.0000,>   32.0000,=   0.5000,=   1.0000,<=   0.0600,>   32.0000,>   64.0000,>   256.0000,>   32.0000,=   0.2500
SRR14766348,PRJNA736314,SAMN19642028,98360,Salmonella enterica subsp. enterica serovar Dublin,NA,18-012180-544,"Cattle, Domestic",Salmonella enterica subsp. enterica serovar Dublin,2015,INFECTION,CULTURE,USA,IN,>   32.0000,>   32.0000,=   8.0000,>   32.0000,=   64.0000,>   32.0000,=   0.0300,=   1.0000,<=   0.0600,=   4.0000,>   64.0000,>   256.0000,>   32.0000,>   4.0000
SRR14766349,PRJNA736314,SAMN19642006,98360,Salmonella enterica subsp. enterica serovar Dublin,NA,18-012180-541,"Cattle, Domestic",Salmonella enterica subsp. enterica serovar Dublin,2015,INFECTION,CULTURE,USA,IA,>   32.0000,>   32.0000,=   8.0000,>   32.0000,=   32.0000,>   32.0000,=   0.2500,=   2.0000,<=   0.0600,>   32.0000,>   64.0000,>   256.0000,>   32.0000,=   0.2500
SRR14766350,PRJNA736314,SAMN19641969,98360,Salmonella enterica subsp. enterica serovar Dublin,NA,18-012180-528,"Cattle, Domestic",Salmonella enterica subsp. enterica serovar Dublin,2015,INFECTION,CULTURE,USA,MN,>   32.0000,>   32.0000,=   4.0000,>   32.0000,=   32.0000,>   32.0000,=   0.0300,=   1.0000,<=   0.0600,=   8.0000,>   64.0000,>   256.0000,>   32.0000,=   2.0000
SRR14766351,PRJNA736314,SAMN19642053,98360,Salmonella enterica subsp. enterica serovar Dublin,NA,18-012180-527,"Cattle, Domestic",Salmonella enterica subsp. enterica serovar Dublin,2015,INFECTION,LIVER,USA,NY,>   32.0000,>   32.0000,=   4.0000,>   32.0000,=   32.0000,>   32.0000,=   0.0300,=   1.0000,<=   0.0600,=   4.0000,>   64.0000,>   256.0000,>   32.0000,=   0.2500
SRR14766352,PRJNA736314,SAMN19642052,98360,Salmonella enterica subsp. enterica serovar Dublin,NA,18-012180-526,"Cattle, Domestic",Salmonella enterica subsp. enterica serovar Dublin,2015,INFECTION,KIDNEY,USA,NY,>   32.0000,>   32.0000,=   4.0000,>   32.0000,=   64.0000,>   32.0000,=   0.0300,=   1.0000,<=   0.0600,=   4.0000,>   64.0000,>   256.0000,>   32.0000,=   0.2500
SRR14766353,PRJNA736314,SAMN19641947,98360,Salmonella enterica subsp. enterica serovar Dublin,NA,18-012180-523,"Cattle, Domestic",Salmonella enterica subsp. enterica serovar Dublin,2015,UNKNOWN,LUNG,USA,OK,<=   1.0000,=   2.0000,=   4.0000,=   8.0000,<=   0.2500,=   8.0000,=   0.0300,=   1.0000,<=   0.0600,=   8.0000,=   16.0000,<=   16.0000,<=   4.0000,<=   0.1200
SRR14766354,PRJNA736314,SAMN19641968,98360,Salmonella enterica subsp. enterica serovar Dublin,NA,18-012180-520,"Cattle, Domestic",Salmonella enterica subsp. enterica serovar Dublin,2015,INFECTION,LIVER,USA,MN,>   32.0000,>   32.0000,=   4.0000,>   32.0000,=   32.0000,=   8.0000,=   0.0300,=   1.0000,<=   0.0600,=   4.0000,=   32.0000,>   256.0000,>   32.0000,=   0.5000
SRR14766355,PRJNA736314,SAMN19642041,98360,Salmonella enterica subsp. enterica serovar Dublin,NA,18-012180-513,"Cattle, Domestic",Salmonella enterica subsp. enterica serovar Dublin,2015,INFECTION,LUNG,USA,PA,>   32.0000,>   32.0000,=   4.0000,>   32.0000,>   64.0000,>   32.0000,=   0.0300,=   2.0000,<=   0.0600,=   8.0000,>   64.0000,>   256.0000,>   32.0000,=   0.5000
SRR14766356,PRJNA736314,SAMN19641949,98360,Salmonella enterica subsp. enterica serovar Dublin,NA,18-012180-510,"Cattle, Domestic",Salmonella enterica subsp. enterica serovar Dublin,2015,INFECTION,FECES,USA,TX,>   32.0000,>   32.0000,=   4.0000,=   16.0000,=   4.0000,>   32.0000,<=   0.0150,=   1.0000,<=   0.0600,=   4.0000,>   64.0000,>   256.0000,>   32.0000,=   0.2500
SRR14766357,PRJNA736314,SAMN19641937,98360,Salmonella enterica subsp. enterica serovar Dublin,NA,18-006979-205,"Cattle, Domestic",Salmonella enterica subsp. enterica serovar Dublin,2014,UNKNOWN,LYMPH,USA,SD,=   32.0000,>   32.0000,=   4.0000,>   32.0000,=   16.0000,>   32.0000,=   0.0300,<=   0.2500,<=   0.0600,=   4.0000,>   64.0000,>   256.0000,>   32.0000,<=   0.1200
SRR14766358,PRJNA736314,SAMN19641994,98360,Salmonella enterica subsp. enterica serovar Dublin,NA,18-006979-146,"Cattle, Domestic",Salmonella enterica subsp. enterica serovar Dublin,2014,INFECTION,UNKNOWN,USA,IA,>   32.0000,>   32.0000,=   8.0000,>   32.0000,=   16.0000,>   32.0000,=   0.5000,=   1.0000,<=   0.0600,>   32.0000,>   64.0000,>   256.0000,>   32.0000,=   0.2500
SRR14766359,PRJNA736314,SAMN19642015,98360,Salmonella enterica subsp. enterica serovar Dublin,NA,18-012180-152,"Cattle, Domestic",Salmonella enterica subsp. enterica serovar Dublin,2015,INFECTION,LUNG,USA,MO,<=   1.0000,<=   1.0000,=   0.5000,=   2.0000,<=   0.2500,>   32.0000,<=   0.0150,<=   0.2500,<=   0.0600,<=   0.5000,>   64.0000,>   256.0000,=   16.0000,=   0.2500
SRR14766360,PRJNA736314,SAMN19641961,98360,Salmonella enterica subsp. enterica serovar Dublin,NA,18-012180-146,"Cattle, Domestic",Salmonella enterica subsp. enterica serovar Dublin,2015,UNKNOWN,LUNG,USA,MN,>   32.0000,>   32.0000,=   4.0000,=   32.0000,=   8.0000,>   32.0000,=   0.2500,=   1.0000,<=   0.0600,>   32.0000,>   64.0000,>   256.0000,>   32.0000,=   0.5000
SRR14766361,PRJNA736314,SAMN19641960,98360,Salmonella enterica subsp. enterica serovar Dublin,NA,18-012180-104,"Cattle, Domestic",Salmonella enterica subsp. enterica serovar Dublin,2015,INFECTION,LUNG,USA,MN,<=   1.0000,<=   1.0000,=   4.0000,=   2.0000,<=   0.2500,=   8.0000,<=   0.0150,=   0.5000,<=   0.0600,=   2.0000,=   4.0000,=   64.0000,<=   4.0000,<=   0.1200
SRR14766362,PRJNA736314,SAMN19641997,98360,Salmonella enterica subsp. enterica serovar Dublin,NA,18-012180-088,"Cattle, Domestic",Salmonella enterica subsp. enterica serovar Dublin,2015,INFECTION,LIVER,USA,IA,<=   1.0000,<=   1.0000,=   4.0000,=   2.0000,<=   0.2500,=   4.0000,<=   0.0150,=   1.0000,<=   0.0600,=   2.0000,=   8.0000,=   32.0000,<=   4.0000,<=   0.1200
SRR14766363,PRJNA736314,SAMN19642021,98360,Salmonella enterica subsp. enterica serovar Dublin,NA,18-012180-063,"Cattle, Domestic",Salmonella enterica subsp. enterica serovar Dublin,2015,UNKNOWN,UNKNOWN,USA,IL,>   32.0000,>   32.0000,=   8.0000,>   32.0000,=   32.0000,=   8.0000,<=   0.0150,=   1.0000,<=   0.0600,=   4.0000,>   64.0000,=   32.0000,>   32.0000,<=   0.1200
SRR14766364,PRJNA736314,SAMN19641935,98360,Salmonella enterica subsp. enterica serovar Dublin,NA,18-012180-028,"Cattle, Domestic",Salmonella enterica subsp. enterica serovar Dublin,2015,UNKNOWN,INTEST,USA,NE,>   32.0000,>   32.0000,=   4.0000,>   32.0000,=   32.0000,>   32.0000,=   0.0300,=   0.5000,<=   0.0600,=   4.0000,>   64.0000,>   256.0000,>   32.0000,=   0.2500
SRR14766365,PRJNA736314,SAMN19641996,98360,Salmonella enterica subsp. enterica serovar Dublin,NA,18-006979-536,"Cattle, Domestic",Salmonella enterica subsp. enterica serovar Dublin,2014,INFECTION,LUNG,USA,IA,>   32.0000,>   32.0000,=   4.0000,>   32.0000,=   16.0000,>   32.0000,=   0.0300,=   2.0000,<=   0.0600,=   4.0000,>   64.0000,>   256.0000,>   32.0000,>   4.0000
SRR14766366,PRJNA736314,SAMN19641959,98360,Salmonella enterica subsp. enterica serovar Dublin,NA,18-006979-506,"Cattle, Domestic",Salmonella enterica subsp. enterica serovar Dublin,2014,UNKNOWN,INTEST,USA,MN,>   32.0000,>   32.0000,=   4.0000,>   32.0000,=   32.0000,>   32.0000,=   0.0300,=   1.0000,<=   0.0600,=   4.0000,>   64.0000,>   256.0000,>   32.0000,=   4.0000
SRR14766367,PRJNA736314,SAMN19642040,98360,Salmonella enterica subsp. enterica serovar Dublin,NA,18-006979-501,"Cattle, Domestic",Salmonella enterica subsp. enterica serovar Dublin,2014,INFECTION,LUNG,USA,PA,>   32.0000,>   32.0000,=   4.0000,>   32.0000,=   32.0000,>   32.0000,=   0.0300,=   1.0000,<=   0.0600,=   4.0000,>   64.0000,>   256.0000,>   32.0000,=   0.2500
SRR14766368,PRJNA736314,SAMN19642039,98360,Salmonella enterica subsp. enterica serovar Dublin,NA,18-006979-500,"Cattle, Domestic",Salmonella enterica subsp. enterica serovar Dublin,2014,INFECTION,LIVER,USA,PA,>   32.0000,>   32.0000,=   4.0000,>   32.0000,=   32.0000,>   32.0000,=   0.0300,=   1.0000,<=   0.0600,=   4.0000,>   64.0000,>   256.0000,>   32.0000,=   0.2500
SRR14766369,PRJNA736314,SAMN19641955,98360,Salmonella enterica subsp. enterica serovar Dublin,NA,18-006979-127,"Cattle, Domestic",Salmonella enterica subsp. enterica serovar Dublin,2014,UNKNOWN,LUNG,USA,MN,>   32.0000,>   32.0000,=   4.0000,>   32.0000,=   64.0000,>   32.0000,=   0.0300,=   0.5000,<=   0.0600,=   4.0000,>   64.0000,>   256.0000,>   32.0000,=   0.2500
SRR14766370,PRJNA736314,SAMN19641958,98360,Salmonella enterica subsp. enterica serovar Dublin,NA,18-006979-497,"Cattle, Domestic",Salmonella enterica subsp. enterica serovar Dublin,2014,INFECTION,SPLEEN,USA,MN,=   32.0000,>   32.0000,=   4.0000,=   16.0000,=   16.0000,>   32.0000,=   0.0300,=   0.5000,<=   0.0600,=   4.0000,>   64.0000,>   256.0000,=   32.0000,=   0.5000
SRR14766371,PRJNA736314,SAMN19641995,98360,Salmonella enterica subsp. enterica serovar Dublin,NA,18-006979-490,"Cattle, Domestic",Salmonella enterica subsp. enterica serovar Dublin,2014,INFECTION,LUNG,USA,IA,>   32.0000,>   32.0000,=   2.0000,>   32.0000,=   32.0000,>   32.0000,=   0.0300,=   0.5000,<=   0.0600,=   2.0000,>   64.0000,>   256.0000,>   32.0000,=   0.5000
SRR14766372,PRJNA736314,SAMN19642027,98360,Salmonella enterica subsp. enterica serovar Dublin,NA,18-006979-485,"Cattle, Domestic",Salmonella enterica subsp. enterica serovar Dublin,2014,INFECTION,LIVER,USA,IN,>   32.0000,>   32.0000,=   4.0000,>   32.0000,=   32.0000,>   32.0000,=   0.2500,=   1.0000,<=   0.0600,>   32.0000,>   64.0000,>   256.0000,>   32.0000,=   0.2500
SRR14766373,PRJNA736314,SAMN19642020,98360,Salmonella enterica subsp. enterica serovar Dublin,NA,18-006979-484,"Cattle, Domestic",Salmonella enterica subsp. enterica serovar Dublin,2014,INFECTION,LUNG,USA,IL,=   32.0000,>   32.0000,=   4.0000,=   16.0000,=   8.0000,>   32.0000,<=   0.0150,=   0.5000,<=   0.0600,=   4.0000,>   64.0000,>   256.0000,=   32.0000,=   0.2500
SRR14766374,PRJNA736314,SAMN19641957,98360,Salmonella enterica subsp. enterica serovar Dublin,NA,18-006979-464,"Cattle, Domestic",Salmonella enterica subsp. enterica serovar Dublin,2014,INFECTION,LIVER,USA,MN,>   32.0000,>   32.0000,=   2.0000,=   16.0000,=   16.0000,>   32.0000,<=   0.0150,=   0.5000,<=   0.0600,=   2.0000,>   64.0000,>   256.0000,>   32.0000,<=   0.1200
SRR14766375,PRJNA736314,SAMN19641956,98360,Salmonella enterica subsp. enterica serovar Dublin,NA,18-006979-453,"Cattle, Domestic",Salmonella enterica subsp. enterica serovar Dublin,2014,INFECTION,LIVER,USA,MN,>   32.0000,>   32.0000,=   4.0000,>   32.0000,=   32.0000,>   32.0000,=   0.0300,=   1.0000,<=   0.0600,=   4.0000,>   64.0000,>   256.0000,>   32.0000,=   0.2500
SRR14766376,PRJNA736314,SAMN19642066,98360,Salmonella enterica subsp. enterica serovar Dublin,NA,19-021047-021,"Cattle, Domestic",Salmonella enterica subsp. enterica serovar Dublin,2017,INFECTION,TISSUE,USA,AL,>   32.0000,>   32.0000,=   4.0000,=   16.0000,=   8.0000,>   32.0000,=   0.2500,=   1.0000,<=   0.0600,>   32.0000,>   64.0000,>   256.0000,>   32.0000,=   0.2500
SRR14766377,PRJNA736314,SAMN19642060,98360,Salmonella enterica subsp. enterica serovar Dublin,NA,19-021047-018,"Cattle, Domestic",Salmonella enterica subsp. enterica serovar Dublin,2017,INFECTION,LIVER,USA,NY,>   32.0000,>   32.0000,=   4.0000,>   32.0000,=   64.0000,>   32.0000,=   0.0300,=   1.0000,<=   0.0600,=   4.0000,>   64.0000,>   256.0000,>   32.0000,=   0.2500
SRR14766378,PRJNA736314,SAMN19641990,98360,Salmonella enterica subsp. enterica serovar Dublin,NA,19-021047-006,"Cattle, Domestic",Salmonella enterica subsp. enterica serovar Dublin,2017,UNKNOWN,LIVER,USA,MN,>   32.0000,>   32.0000,=   4.0000,=   16.0000,=   16.0000,>   32.0000,<=   0.0150,=   0.5000,<=   0.0600,=   4.0000,>   64.0000,>   256.0000,>   32.0000,=   0.2500
SRR14766379,PRJNA736314,SAMN19641989,98360,Salmonella enterica subsp. enterica serovar Dublin,NA,19-021047-005,"Cattle, Domestic",Salmonella enterica subsp. enterica serovar Dublin,2017,UNKNOWN,LUNG,USA,MN,>   32.0000,>   32.0000,=   8.0000,>   32.0000,=   32.0000,>   32.0000,=   0.0600,=   1.0000,<=   0.0600,=   4.0000,>   64.0000,>   256.0000,>   32.0000,=   4.0000
SRR14766380,PRJNA736314,SAMN19641993,98360,Salmonella enterica subsp. enterica serovar Dublin,NA,19-021046-070,"Cattle, Domestic",Salmonella enterica subsp. enterica serovar Dublin,2017,INFECTION,LIVER,USA,WI,>   32.0000,>   32.0000,=   4.0000,>   32.0000,=   16.0000,>   32.0000,=   0.0300,=   1.0000,<=   0.0600,=   4.0000,>   64.0000,>   256.0000,>   32.0000,<=   0.1200
SRR14766381,PRJNA736314,SAMN19641946,98360,Salmonella enterica subsp. enterica serovar Dublin,NA,19-021046-067,"Cattle, Domestic",Salmonella enterica subsp. enterica serovar Dublin,2017,INFECTION,LUNG,USA,KS,>   32.0000,>   32.0000,=   8.0000,>   32.0000,=   32.0000,>   32.0000,=   0.0300,=   0.5000,<=   0.0600,=   4.0000,>   64.0000,>   256.0000,>   32.0000,<=   0.1200
SRR14766382,PRJNA736314,SAMN19642037,98360,Salmonella enterica subsp. enterica serovar Dublin,NA,19-021046-065,"Cattle, Domestic",Salmonella enterica subsp. enterica serovar Dublin,2017,INFECTION,LUNG,USA,OH,>   32.0000,>   32.0000,=   8.0000,>   32.0000,=   16.0000,>   32.0000,=   0.0600,=   1.0000,<=   0.0600,=   8.0000,>   64.0000,>   256.0000,>   32.0000,=   2.0000
SRR14766383,PRJNA736314,SAMN19641953,98360,Salmonella enterica subsp. enterica serovar Dublin,NA,19-021046-064,"Cattle, Domestic",Salmonella enterica subsp. enterica serovar Dublin,2017,UNKNOWN,UNKNOWN,USA,TX,=   2.0000,=   2.0000,=   8.0000,=   8.0000,<=   0.2500,>   32.0000,=   0.5000,=   0.5000,<=   0.0600,>   32.0000,>   64.0000,>   256.0000,>   32.0000,=   0.5000
SRR14766384,PRJNA736314,SAMN19641988,98360,Salmonella enterica subsp. enterica serovar Dublin,NA,19-021046-055,"Cattle, Domestic",Salmonella enterica subsp. enterica serovar Dublin,2017,INFECTION,LIVER,USA,MN,>   32.0000,>   32.0000,=   4.0000,>   32.0000,=   64.0000,>   32.0000,=   0.0300,=   1.0000,<=   0.0600,=   4.0000,>   64.0000,>   256.0000,>   32.0000,=   0.2500
SRR14766385,PRJNA736314,SAMN19641987,98360,Salmonella enterica subsp. enterica serovar Dublin,NA,19-021046-033,"Cattle, Domestic",Salmonella enterica subsp. enterica serovar Dublin,2017,INFECTION,LIVER,USA,MN,>   32.0000,>   32.0000,=   4.0000,>   32.0000,=   32.0000,>   32.0000,=   0.5000,=   2.0000,<=   0.0600,>   32.0000,>   64.0000,>   256.0000,>   32.0000,=   4.0000
SRR14766386,PRJNA736314,SAMN19641938,98360,Salmonella enterica subsp. enterica serovar Dublin,NA,18-006979-438,"Cattle, Domestic",Salmonella enterica subsp. enterica serovar Dublin,2014,INFECTION,LUNG,USA,SD,>   32.0000,>   32.0000,=   4.0000,>   32.0000,=   32.0000,>   32.0000,=   0.0300,=   0.5000,<=   0.0600,=   4.0000,>   64.0000,>   256.0000,>   32.0000,=   0.2500
SRR14766387,PRJNA736314,SAMN19641952,98360,Salmonella enterica subsp. enterica serovar Dublin,NA,19-021046-010,"Cattle, Domestic",Salmonella enterica subsp. enterica serovar Dublin,2017,INFECTION,SPLEEN,USA,TX,>   32.0000,>   32.0000,=   8.0000,>   32.0000,=   32.0000,>   32.0000,=   0.0300,=   2.0000,<=   0.0600,=   4.0000,>   64.0000,>   256.0000,>   32.0000,=   0.5000
SRR14766388,PRJNA736314,SAMN19641986,98360,Salmonella enterica subsp. enterica serovar Dublin,NA,19-021046-004,"Cattle, Domestic",Salmonella enterica subsp. enterica serovar Dublin,2017,INFECTION,LIVER,USA,MN,>   32.0000,>   32.0000,=   4.0000,>   32.0000,=   16.0000,>   32.0000,=   0.0300,=   2.0000,<=   0.0600,=   4.0000,>   64.0000,>   256.0000,>   32.0000,=   0.5000
SRR14766389,PRJNA736314,SAMN19642059,98360,Salmonella enterica subsp. enterica serovar Dublin,NA,19-020610-062,"Cattle, Domestic",Salmonella enterica subsp. enterica serovar Dublin,2017,INFECTION,MILK,USA,NY,>      32,>      32,=       4,>      32,=      32,>      32,=    0.03,=       2,<=    0.06,=       4,>      64,>     256,>      32,=    0.25
SRR14766390,PRJNA736314,SAMN19641977,98360,Salmonella enterica subsp. enterica serovar Dublin,NA,18-038310-064,"Cattle, Domestic",Salmonella enterica subsp. enterica serovar Dublin,2016,UNKNOWN,LIVER,USA,MN,=   32.0000,>   32.0000,=   4.0000,=   16.0000,=   8.0000,>   32.0000,=   0.2500,=   0.5000,<=   0.0600,>   32.0000,>   64.0000,>   256.0000,=   32.0000,<=   0.1200
SRR14766391,PRJNA736314,SAMN19641976,98360,Salmonella enterica subsp. enterica serovar Dublin,NA,18-038310-038,"Cattle, Domestic",Salmonella enterica subsp. enterica serovar Dublin,2016,INFECTION,LIVER,USA,MN,>   32.0000,>   32.0000,=   4.0000,>   32.0000,=   16.0000,>   32.0000,=   0.0300,=   0.5000,<=   0.0600,=   4.0000,>   64.0000,>   256.0000,>   32.0000,<=   0.1200
SRR14766392,PRJNA736314,SAMN19642010,98360,Salmonella enterica subsp. enterica serovar Dublin,NA,18-038310-009,"Cattle, Domestic",Salmonella enterica subsp. enterica serovar Dublin,2016,INFECTION,LUNG,USA,IA,>   32.0000,>   32.0000,=   8.0000,>   32.0000,=   16.0000,>   32.0000,=   0.5000,=   1.0000,<=   0.0600,>   32.0000,>   64.0000,>   256.0000,>   32.0000,=   0.2500
SRR14766393,PRJNA736314,SAMN19642042,98360,Salmonella enterica subsp. enterica serovar Dublin,NA,18-038310-001,"Cattle, Domestic",Salmonella enterica subsp. enterica serovar Dublin,2016,UNKNOWN,FSWAB,USA,PA,>   32.0000,>   32.0000,=   8.0000,>   32.0000,=   32.0000,>   32.0000,<=   0.0150,=   1.0000,<=   0.0600,=   2.0000,>   64.0000,>   256.0000,>   32.0000,=   0.2500
SRR14766394,PRJNA736314,SAMN19641975,98360,Salmonella enterica subsp. enterica serovar Dublin,NA,18-024131-084,"Cattle, Domestic",Salmonella enterica subsp. enterica serovar Dublin,2016,INFECTION,LIVER,USA,MN,>   32.0000,>   32.0000,=   4.0000,>   32.0000,=   64.0000,>   32.0000,=   0.2500,=   1.0000,<=   0.0600,>   32.0000,>   64.0000,>   256.0000,>   32.0000,=   0.2500
SRR14766395,PRJNA736314,SAMN19642034,98360,Salmonella enterica subsp. enterica serovar Dublin,NA,18-024131-058,"Cattle, Domestic",Salmonella enterica subsp. enterica serovar Dublin,2016,INFECTION,LUNG,USA,OH,=   2.0000,=   2.0000,=   8.0000,=   8.0000,<=   0.2500,>   32.0000,=   0.0300,=   1.0000,<=   0.0600,=   4.0000,>   64.0000,>   256.0000,>   32.0000,=   0.5000
SRR14766396,PRJNA736314,SAMN19642064,98360,Salmonella enterica subsp. enterica serovar Dublin,NA,18-024131-048,"Cattle, Domestic",Salmonella enterica subsp. enterica serovar Dublin,2016,INFECTION,INTEST,USA,KY,>   32.0000,>   32.0000,=   4.0000,>   32.0000,=   16.0000,>   32.0000,=   0.0300,=   0.5000,<=   0.0600,=   4.0000,>   64.0000,>   256.0000,>   32.0000,=   0.2500
SRR14766397,PRJNA736314,SAMN19641974,98360,Salmonella enterica subsp. enterica serovar Dublin,NA,18-024131-046,"Cattle, Domestic",Salmonella enterica subsp. enterica serovar Dublin,2016,INFECTION,LIVER,USA,MN,>   32.0000,>   32.0000,=   4.0000,>   32.0000,=   16.0000,>   32.0000,=   0.0300,=   1.0000,<=   0.0600,=   4.0000,>   64.0000,>   256.0000,>   32.0000,=   0.2500
SRR14766398,PRJNA736314,SAMN19641930,98360,Salmonella enterica subsp. enterica serovar Dublin,NA,18-024131-042,"Cattle, Domestic",Salmonella enterica subsp. enterica serovar Dublin,2016,INFECTION,FECES,USA,WA,<=   1.0000,<=   1.0000,=   1.0000,=   4.0000,<=   0.2500,>   32.0000,<=   0.0150,<=   0.2500,<=   0.0600,=   1.0000,>   64.0000,>   256.0000,>   32.0000,<=   0.1200
SRR14766399,PRJNA736314,SAMN19642056,98360,Salmonella enterica subsp. enterica serovar Dublin,NA,18-024131-039,"Cattle, Domestic",Salmonella enterica subsp. enterica serovar Dublin,2016,INFECTION,LUNG,USA,NY,>   32.0000,>   32.0000,=   2.0000,>   32.0000,=   32.0000,>   32.0000,=   0.0300,=   1.0000,<=   0.0600,=   4.0000,>   64.0000,>   256.0000,>   32.0000,<=   0.1200
SRR14766400,PRJNA736314,SAMN19642031,98360,Salmonella enterica subsp. enterica serovar Dublin,NA,18-006979-374,"Cattle, Domestic",Salmonella enterica subsp. enterica serovar Dublin,2014,INFECTION,FECES,USA,OH,>   32.0000,>   32.0000,=   4.0000,>   32.0000,=   64.0000,>   32.0000,=   0.0300,=   0.5000,<=   0.0600,=   4.0000,>   64.0000,>   256.0000,>   32.0000,=   0.2500
SRR14766401,PRJNA736314,SAMN19641973,98360,Salmonella enterica subsp. enterica serovar Dublin,NA,18-024128-098,"Cattle, Domestic",Salmonella enterica subsp. enterica serovar Dublin,2016,UNKNOWN,LUNG,USA,MN,>   32.0000,>   32.0000,=   8.0000,>   32.0000,=   16.0000,>   32.0000,=   0.0300,=   1.0000,<=   0.0600,=   4.0000,>   64.0000,>   256.0000,>   32.0000,=   0.2500
SRR14766402,PRJNA736314,SAMN19641929,98360,Salmonella enterica subsp. enterica serovar Dublin,NA,18-012180-467,"Cattle, Domestic",Salmonella enterica subsp. enterica serovar Dublin,2015,INFECTION,FECES,USA,WA,>   32.0000,>   32.0000,=   4.0000,>   32.0000,=   64.0000,>   32.0000,=   0.0300,=   16.0000,<=   0.0600,=   8.0000,=   16.0000,>   256.0000,>   32.0000,=   0.2500
SRR14766403,PRJNA736314,SAMN19642051,98360,Salmonella enterica subsp. enterica serovar Dublin,NA,18-012180-463,"Cattle, Domestic",Salmonella enterica subsp. enterica serovar Dublin,2015,INFECTION,CULTURE,USA,NY,>   32.0000,>   32.0000,=   2.0000,=   32.0000,=   8.0000,>   32.0000,<=   0.0150,=   0.5000,<=   0.0600,=   2.0000,>   64.0000,>   256.0000,=   16.0000,=   0.5000
SRR14766404,PRJNA736314,SAMN19642050,98360,Salmonella enterica subsp. enterica serovar Dublin,NA,18-012180-462,"Cattle, Domestic",Salmonella enterica subsp. enterica serovar Dublin,2015,INFECTION,CULTURE,USA,NY,>   32.0000,>   32.0000,=   4.0000,>   32.0000,=   32.0000,>   32.0000,=   0.0300,=   1.0000,<=   0.0600,=   8.0000,>   64.0000,>   256.0000,>   32.0000,=   0.2500
SRR14766405,PRJNA736314,SAMN19642033,98360,Salmonella enterica subsp. enterica serovar Dublin,NA,18-012180-460,"Cattle, Domestic",Salmonella enterica subsp. enterica serovar Dublin,2015,INFECTION,LUNG,USA,OH,<=   1.0000,<=   1.0000,=   0.5000,=   2.0000,<=   0.2500,>   32.0000,<=   0.0150,<=   0.2500,<=   0.0600,<=   0.5000,>   64.0000,>   256.0000,=   16.0000,=   1.0000
SRR14766406,PRJNA736314,SAMN19641941,98360,Salmonella enterica subsp. enterica serovar Dublin,NA,18-012180-447,"Cattle, Domestic",Salmonella enterica subsp. enterica serovar Dublin,2015,UNKNOWN,LYMPH,USA,SD,>   32.0000,>   32.0000,=   4.0000,=   16.0000,=   4.0000,>   32.0000,<=   0.0150,<=   0.2500,<=   0.0600,=   4.0000,>   64.0000,>   256.0000,>   32.0000,=   0.2500
SRR14766407,PRJNA736314,SAMN19642005,98360,Salmonella enterica subsp. enterica serovar Dublin,NA,18-012180-435,"Cattle, Domestic",Salmonella enterica subsp. enterica serovar Dublin,2015,INFECTION,LUNG,USA,IA,>   32.0000,>   32.0000,=   8.0000,>   32.0000,=   16.0000,=   8.0000,=   0.0300,=   1.0000,<=   0.0600,=   8.0000,>   64.0000,>   256.0000,>   32.0000,=   0.2500
SRR14766408,PRJNA736314,SAMN19641967,98360,Salmonella enterica subsp. enterica serovar Dublin,NA,18-012180-416,"Cattle, Domestic",Salmonella enterica subsp. enterica serovar Dublin,2015,INFECTION,LIVER,USA,MN,>   32.0000,>   32.0000,=   4.0000,=   32.0000,=   16.0000,>   32.0000,=   0.0300,=   0.5000,<=   0.0600,=   4.0000,>   64.0000,>   256.0000,>   32.0000,=   2.0000
SRR14766409,PRJNA736314,SAMN19642049,98360,Salmonella enterica subsp. enterica serovar Dublin,NA,18-012180-413,"Cattle, Domestic",Salmonella enterica subsp. enterica serovar Dublin,2015,INFECTION,INTCNTS,USA,NY,>   32.0000,>   32.0000,=   4.0000,>   32.0000,=   32.0000,>   32.0000,=   0.0300,=   0.5000,<=   0.0600,=   4.0000,>   64.0000,>   256.0000,>   32.0000,=   0.5000
SRR14766410,PRJNA736314,SAMN19642004,98360,Salmonella enterica subsp. enterica serovar Dublin,NA,18-012180-412,"Cattle, Domestic",Salmonella enterica subsp. enterica serovar Dublin,2015,INFECTION,LUNG,USA,IA,>   32.0000,>   32.0000,=   4.0000,>   32.0000,=   32.0000,>   32.0000,=   0.5000,=   0.5000,<=   0.0600,>   32.0000,>   64.0000,>   256.0000,>   32.0000,=   0.5000
SRR14766411,PRJNA736314,SAMN19641966,98360,Salmonella enterica subsp. enterica serovar Dublin,NA,18-012180-405,"Cattle, Domestic",Salmonella enterica subsp. enterica serovar Dublin,2015,INFECTION,LIVER,USA,MN,>   32.0000,>   32.0000,=   4.0000,>   32.0000,=   16.0000,>   32.0000,=   0.0300,=   2.0000,<=   0.0600,=   4.0000,>   64.0000,>   256.0000,>   32.0000,>   4.0000
SRR14766412,PRJNA736314,SAMN19641936,98360,Salmonella enterica subsp. enterica serovar Dublin,NA,18-006979-169,"Cattle, Domestic",Salmonella enterica subsp. enterica serovar Dublin,2014,UNKNOWN,FECES,USA,SD,>   32.0000,>   32.0000,<=   0.2500,>   32.0000,>   64.0000,=   4.0000,<=   0.0150,>   16.0000,<=   0.0600,<=   0.5000,=   32.0000,>   256.0000,=   32.0000,<=   0.1200
SRR14766413,PRJNA736314,SAMN19642018,98360,Salmonella enterica subsp. enterica serovar Dublin,NA,18-012180-394,"Cattle, Domestic",Salmonella enterica subsp. enterica serovar Dublin,2015,INFECTION,LUNG,USA,MO,>   32.0000,>   32.0000,=   4.0000,>   32.0000,=   32.0000,>   32.0000,=   0.0300,=   1.0000,<=   0.0600,=   4.0000,>   64.0000,>   256.0000,>   32.0000,=   0.2500
SRR14766414,PRJNA736314,SAMN19642003,98360,Salmonella enterica subsp. enterica serovar Dublin,NA,18-012180-391,"Cattle, Domestic",Salmonella enterica subsp. enterica serovar Dublin,2015,INFECTION,LUNG,USA,IA,=   2.0000,=   2.0000,=   4.0000,=   8.0000,<=   0.2500,>   32.0000,=   0.0300,=   1.0000,<=   0.0600,=   4.0000,>   64.0000,>   256.0000,>   32.0000,>   4.0000
SRR14766415,PRJNA736314,SAMN19642002,98360,Salmonella enterica subsp. enterica serovar Dublin,NA,18-012180-390,"Cattle, Domestic",Salmonella enterica subsp. enterica serovar Dublin,2015,INFECTION,LUNG,USA,IA,>   32.0000,>   32.0000,=   8.0000,>   32.0000,=   32.0000,>   32.0000,=   0.5000,=   1.0000,<=   0.0600,>   32.0000,>   64.0000,>   256.0000,>   32.0000,=   0.2500
SRR14766416,PRJNA736314,SAMN19641965,98360,Salmonella enterica subsp. enterica serovar Dublin,NA,18-012180-369,"Cattle, Domestic",Salmonella enterica subsp. enterica serovar Dublin,2015,INFECTION,LIVER,USA,MN,=   2.0000,=   2.0000,=   4.0000,=   8.0000,<=   0.2500,>   32.0000,=   0.0300,=   0.5000,<=   0.0600,=   8.0000,>   64.0000,>   256.0000,>   32.0000,<=   0.1200
SRR14766417,PRJNA736314,SAMN19642048,98360,Salmonella enterica subsp. enterica serovar Dublin,NA,18-012180-365,"Cattle, Domestic",Salmonella enterica subsp. enterica serovar Dublin,2015,INFECTION,LIVER,USA,NY,>   32.0000,>   32.0000,=   1.0000,>   32.0000,=   32.0000,>   32.0000,=   0.0300,=   1.0000,<=   0.0600,=   8.0000,>   64.0000,>   256.0000,>   32.0000,=   1.0000
SRR14766418,PRJNA736314,SAMN19641940,98360,Salmonella enterica subsp. enterica serovar Dublin,NA,18-012180-360,"Cattle, Domestic",Salmonella enterica subsp. enterica serovar Dublin,2015,UNKNOWN,KIDNEY,USA,SD,>   32.0000,>   32.0000,=   4.0000,>   32.0000,=   64.0000,>   32.0000,=   0.5000,=   1.0000,<=   0.0600,>   32.0000,>   64.0000,>   256.0000,>   32.0000,=   0.2500
SRR14766419,PRJNA736314,SAMN19641964,98360,Salmonella enterica subsp. enterica serovar Dublin,NA,18-012180-337,"Cattle, Domestic",Salmonella enterica subsp. enterica serovar Dublin,2015,INFECTION,LUNG,USA,MN,>   32.0000,>   32.0000,=   4.0000,>   32.0000,=   32.0000,>   32.0000,=   0.0300,=   1.0000,<=   0.0600,=   4.0000,>   64.0000,>   256.0000,>   32.0000,=   0.5000
SRR14766420,PRJNA736314,SAMN19641948,98360,Salmonella enterica subsp. enterica serovar Dublin,NA,18-012180-328,"Cattle, Domestic",Salmonella enterica subsp. enterica serovar Dublin,2015,INFECTION,FSWAB,USA,TX,=   32.0000,>   32.0000,=   4.0000,=   32.0000,=   8.0000,>   32.0000,=   0.1200,=   1.0000,<=   0.0600,>   32.0000,>   64.0000,>   256.0000,=   32.0000,=   0.5000
SRR14766421,PRJNA736314,SAMN19641963,98360,Salmonella enterica subsp. enterica serovar Dublin,NA,18-012180-314,"Cattle, Domestic",Salmonella enterica subsp. enterica serovar Dublin,2015,INFECTION,LIVER,USA,MN,>   32.0000,>   32.0000,=   4.0000,>   32.0000,=   32.0000,>   32.0000,=   0.0300,=   1.0000,<=   0.0600,=   4.0000,>   64.0000,>   256.0000,>   32.0000,=   0.5000
SRR14766422,PRJNA736314,SAMN19642047,98360,Salmonella enterica subsp. enterica serovar Dublin,NA,18-012180-298,"Cattle, Domestic",Salmonella enterica subsp. enterica serovar Dublin,2015,INFECTION,JOINFL,USA,NY,>   32.0000,>   32.0000,=   8.0000,>   32.0000,=   16.0000,>   32.0000,<=   0.0150,=   0.5000,<=   0.0600,=   4.0000,>   64.0000,>   256.0000,>   32.0000,=   0.2500
SRR14766423,PRJNA736314,SAMN19642026,98360,Salmonella enterica subsp. enterica serovar Dublin,NA,18-006979-158,"Cattle, Domestic",Salmonella enterica subsp. enterica serovar Dublin,2014,INFECTION,LUNG,USA,IN,>   32.0000,>   32.0000,=   4.0000,>   32.0000,=   32.0000,>   32.0000,<=   0.0150,=   2.0000,<=   0.0600,=   2.0000,>   64.0000,>   256.0000,>   32.0000,=   2.0000
SRR14766424,PRJNA736314,SAMN19642017,98360,Salmonella enterica subsp. enterica serovar Dublin,NA,18-012180-296,"Cattle, Domestic",Salmonella enterica subsp. enterica serovar Dublin,2015,INFECTION,LIVER,USA,MO,>   32.0000,>   32.0000,=   4.0000,>   32.0000,=   32.0000,>   32.0000,=   0.2500,=   1.0000,<=   0.0600,>   32.0000,>   64.0000,>   256.0000,>   32.0000,=   0.2500
SRR14766425,PRJNA736314,SAMN19642016,98360,Salmonella enterica subsp. enterica serovar Dublin,NA,18-012180-294,"Cattle, Domestic",Salmonella enterica subsp. enterica serovar Dublin,2015,INFECTION,LUNG,USA,MO,>   32.0000,>   32.0000,=   8.0000,>   32.0000,=   32.0000,>   32.0000,=   1.0000,=   1.0000,<=   0.0600,>   32.0000,>   64.0000,>   256.0000,>   32.0000,=   1.0000
SRR14766426,PRJNA736314,SAMN19641939,98360,Salmonella enterica subsp. enterica serovar Dublin,NA,18-012180-280,"Cattle, Domestic",Salmonella enterica subsp. enterica serovar Dublin,2015,INFECTION,INTEST,USA,SD,>   32.0000,>   32.0000,=   4.0000,>   32.0000,=   32.0000,>   32.0000,=   0.0600,=   0.5000,=   0.1200,=   4.0000,>   64.0000,>   256.0000,>   32.0000,=   0.5000
SRR14766427,PRJNA736314,SAMN19642001,98360,Salmonella enterica subsp. enterica serovar Dublin,NA,18-012180-263,"Cattle, Domestic",Salmonella enterica subsp. enterica serovar Dublin,2015,INFECTION,LUNG,USA,IA,>   32.0000,>   32.0000,=   4.0000,>   32.0000,=   32.0000,>   32.0000,=   0.0300,=   0.5000,<=   0.0600,=   4.0000,>   64.0000,>   256.0000,>   32.0000,>   4.0000
SRR14766428,PRJNA736314,SAMN19641962,98360,Salmonella enterica subsp. enterica serovar Dublin,NA,18-012180-249,"Cattle, Domestic",Salmonella enterica subsp. enterica serovar Dublin,2015,INFECTION,LIVER,USA,MN,>   32.0000,>   32.0000,=   0.5000,=   32.0000,=   32.0000,>   32.0000,=   0.0600,<=   0.2500,<=   0.0600,>   32.0000,>   64.0000,>   256.0000,=   16.0000,<=   0.1200
SRR14766429,PRJNA736314,SAMN19642000,98360,Salmonella enterica subsp. enterica serovar Dublin,NA,18-012180-241,"Cattle, Domestic",Salmonella enterica subsp. enterica serovar Dublin,2015,INFECTION,LYMPH,USA,IA,>   32.0000,>   32.0000,=   2.0000,=   32.0000,=   16.0000,>   32.0000,<=   0.0150,<=   0.2500,<=   0.0600,=   4.0000,>   64.0000,>   256.0000,>   32.0000,=   0.5000
SRR14766430,PRJNA736314,SAMN19641999,98360,Salmonella enterica subsp. enterica serovar Dublin,NA,18-012180-240,"Cattle, Domestic",Salmonella enterica subsp. enterica serovar Dublin,2015,INFECTION,LUNG,USA,IA,>   32.0000,>   32.0000,=   4.0000,>   32.0000,=   32.0000,>   32.0000,=   0.0300,=   1.0000,<=   0.0600,=   4.0000,>   64.0000,>   256.0000,>   32.0000,=   0.2500
SRR14766431,PRJNA736314,SAMN19642022,98360,Salmonella enterica subsp. enterica serovar Dublin,NA,18-012180-239,"Cattle, Domestic",Salmonella enterica subsp. enterica serovar Dublin,2015,UNKNOWN,INTCNTS,USA,IL,>   32.0000,>   32.0000,=   4.0000,=   16.0000,=   16.0000,>   32.0000,=   0.0300,=   1.0000,<=   0.0600,=   8.0000,>   64.0000,>   256.0000,>   32.0000,=   0.5000
SRR14766432,PRJNA736314,SAMN19642046,98360,Salmonella enterica subsp. enterica serovar Dublin,NA,18-012180-197,"Cattle, Domestic",Salmonella enterica subsp. enterica serovar Dublin,2015,INFECTION,BLOOD,USA,NY,>   32.0000,>   32.0000,=   4.0000,>   32.0000,=   32.0000,>   32.0000,=   0.0300,=   1.0000,<=   0.0600,=   4.0000,>   64.0000,>   256.0000,>   32.0000,=   0.5000
SRR14766433,PRJNA736314,SAMN19641998,98360,Salmonella enterica subsp. enterica serovar Dublin,NA,18-012180-164,"Cattle, Domestic",Salmonella enterica subsp. enterica serovar Dublin,2015,INFECTION,LIVER,USA,IA,>   32.0000,=   32.0000,=   2.0000,=   16.0000,=   8.0000,>   32.0000,<=   0.0150,=   1.0000,<=   0.0600,=   8.0000,>   64.0000,>   256.0000,>   32.0000,=   0.2500
SRR14766434,PRJNA736314,SAMN19642065,98360,Salmonella enterica subsp. enterica serovar Dublin,NA,19-020610-044,"Cattle, Domestic",Salmonella enterica subsp. enterica serovar Dublin,2017,UNKNOWN,INTEST,USA,KY,>   32.0000,>   32.0000,=   4.0000,>   32.0000,>   64.0000,>   32.0000,=   0.2500,=   1.0000,<=   0.0600,>   32.0000,>   64.0000,>   256.0000,>   32.0000,=   0.2500
SRR14766435,PRJNA736314,SAMN19641945,98360,Salmonella enterica subsp. enterica serovar Dublin,NA,19-020610-035,"Cattle, Domestic",Salmonella enterica subsp. enterica serovar Dublin,2017,UNKNOWN,LUNG,USA,SD,>      32,>      32,=       4,>      32,=      16,>      32,=    0.25,=     0.5,<=    0.06,>      32,>      64,>     256,>      32,=     0.5
SRR14766436,PRJNA736314,SAMN19641985,98360,Salmonella enterica subsp. enterica serovar Dublin,NA,19-020610-013,"Cattle, Domestic",Salmonella enterica subsp. enterica serovar Dublin,2017,INFECTION,LIVER,USA,MN,>      32,>      32,=       4,>      32,=      32,>      32,=     0.5,=       2,<=    0.06,>      32,>      64,>     256,>      32,<=    0.12
SRR14766437,PRJNA736314,SAMN19641984,98360,Salmonella enterica subsp. enterica serovar Dublin,NA,19-020610-006,"Cattle, Domestic",Salmonella enterica subsp. enterica serovar Dublin,2017,INFECTION,LIVER,USA,MN,>      32,>      32,=       8,>      32,=      64,>      32,=    0.03,=       1,<=    0.06,=       4,>      64,>     256,>      32,=    0.25
SRR14766438,PRJNA736314,SAMN19642061,98360,Salmonella enterica subsp. enterica serovar Dublin,NA,18-038877-079,"Cattle, Domestic",Salmonella enterica subsp. enterica serovar Dublin,2017,INFECTION,LUNG,USA,MD,>   32.0000,>   32.0000,=   4.0000,>   32.0000,=   32.0000,>   32.0000,=   0.0300,=   1.0000,<=   0.0600,=   8.0000,>   64.0000,>   256.0000,>   32.0000,=   0.2500
SRR14766439,PRJNA736314,SAMN19641983,98360,Salmonella enterica subsp. enterica serovar Dublin,NA,18-038877-077,"Cattle, Domestic",Salmonella enterica subsp. enterica serovar Dublin,2017,INFECTION,LIVER,USA,MN,>   32.0000,>   32.0000,=   4.0000,>   32.0000,=   32.0000,>   32.0000,=   0.0300,=   1.0000,<=   0.0600,=   4.0000,>   64.0000,>   256.0000,>   32.0000,<=   0.1200
SRR14766440,PRJNA736314,SAMN19642014,98360,Salmonella enterica subsp. enterica serovar Dublin,NA,18-038877-073,"Cattle, Domestic",Salmonella enterica subsp. enterica serovar Dublin,2017,INFECTION,LUNG,USA,IA,<=   1.0000,<=   1.0000,=   4.0000,=   2.0000,<=   0.2500,>   32.0000,<=   0.0150,=   2.0000,<=   0.0600,=   4.0000,>   64.0000,>   256.0000,>   32.0000,<=   0.1200
SRR14766441,PRJNA736314,SAMN19642032,98360,Salmonella enterica subsp. enterica serovar Dublin,NA,18-006979-422,"Cattle, Domestic",Salmonella enterica subsp. enterica serovar Dublin,2014,INFECTION,LUNG,USA,OH,>   32.0000,>   32.0000,=   2.0000,>   32.0000,=   32.0000,>   32.0000,=   0.0600,=   0.5000,<=   0.0600,=   8.0000,>   64.0000,>   256.0000,>   32.0000,=   0.5000
SRR14766442,PRJNA736314,SAMN19641982,98360,Salmonella enterica subsp. enterica serovar Dublin,NA,18-038877-012,"Cattle, Domestic",Salmonella enterica subsp. enterica serovar Dublin,2017,INFECTION,LIVER,USA,MN,>   32.0000,>   32.0000,=   4.0000,>   32.0000,=   16.0000,>   32.0000,=   0.0300,=   1.0000,<=   0.0600,=   4.0000,>   64.0000,>   256.0000,>   32.0000,=   0.2500
SRR14766443,PRJNA736314,SAMN19641981,98360,Salmonella enterica subsp. enterica serovar Dublin,NA,18-038877-005,"Cattle, Domestic",Salmonella enterica subsp. enterica serovar Dublin,2017,INFECTION,LIVER,USA,MN,<=   1.0000,<=   1.0000,=   4.0000,=   4.0000,<=   0.2500,>   32.0000,=   1.0000,=   0.5000,<=   0.0600,>   32.0000,>   64.0000,>   256.0000,>   32.0000,=   0.5000
SRR14766444,PRJNA736314,SAMN19642013,98360,Salmonella enterica subsp. enterica serovar Dublin,NA,18-038876-077,"Cattle, Domestic",Salmonella enterica subsp. enterica serovar Dublin,2017,INFECTION,LUNG,USA,IA,>   32.0000,>   32.0000,=   4.0000,>   32.0000,=   64.0000,=   8.0000,=   0.2500,=   2.0000,<=   0.0600,>   32.0000,>   64.0000,>   256.0000,>   32.0000,=   0.2500
SRR14766445,PRJNA736314,SAMN19642036,98360,Salmonella enterica subsp. enterica serovar Dublin,NA,18-038876-038,"Cattle, Domestic",Salmonella enterica subsp. enterica serovar Dublin,2017,INFECTION,LUNG,USA,OH,>   32.0000,>   32.0000,=   4.0000,=   32.0000,=   16.0000,>   32.0000,<=   0.0150,=   1.0000,<=   0.0600,=   4.0000,>   64.0000,>   256.0000,>   32.0000,=   0.2500
SRR14766446,PRJNA736314,SAMN19642067,98360,Salmonella enterica subsp. enterica serovar Dublin,NA,18-038876-001,"Cattle, Domestic",Salmonella enterica subsp. enterica serovar Dublin,2017,UNKNOWN,UNKNOWN,USA,FL,>   32.0000,>   32.0000,=   4.0000,>   32.0000,=   64.0000,>   32.0000,=   0.0300,=   1.0000,<=   0.0600,=   4.0000,>   64.0000,>   256.0000,>   32.0000,=   4.0000
SRR14766447,PRJNA736314,SAMN19641980,98360,Salmonella enterica subsp. enterica serovar Dublin,NA,18-038875-069,"Cattle, Domestic",Salmonella enterica subsp. enterica serovar Dublin,2017,INFECTION,LIVER,USA,MN,<=   1.0000,=   2.0000,=   8.0000,=   8.0000,<=   0.2500,>   32.0000,=   0.0300,<=   0.2500,<=   0.0600,=   2.0000,>   64.0000,>   256.0000,>   32.0000,<=   0.1200
SRR14766448,PRJNA736314,SAMN19641951,98360,Salmonella enterica subsp. enterica serovar Dublin,NA,18-038875-044,"Cattle, Domestic",Salmonella enterica subsp. enterica serovar Dublin,2017,INFECTION,LUNG,USA,TX,>   32.0000,>   32.0000,=   4.0000,>   32.0000,=   32.0000,>   32.0000,=   0.0600,=   0.5000,<=   0.0600,=   4.0000,>   64.0000,>   256.0000,>   32.0000,=   0.2500
SRR14766449,PRJNA736314,SAMN19642030,98360,Salmonella enterica subsp. enterica serovar Dublin,NA,18-038875-038,"Cattle, Domestic",Salmonella enterica subsp. enterica serovar Dublin,2017,INFECTION,LUNG,USA,IN,>   32.0000,>   32.0000,=   4.0000,>   32.0000,=   32.0000,>   32.0000,=   0.0300,=   1.0000,<=   0.0600,=   4.0000,>   64.0000,>   256.0000,>   32.0000,=   0.2500
SRR14766450,PRJNA736314,SAMN19642012,98360,Salmonella enterica subsp. enterica serovar Dublin,NA,18-038874-053,"Cattle, Domestic",Salmonella enterica subsp. enterica serovar Dublin,2017,INFECTION,LUNG,USA,IA,>   32.0000,>   32.0000,=   4.0000,=   16.0000,=   4.0000,>   32.0000,=   0.2500,=   1.0000,<=   0.0600,>   32.0000,>   64.0000,>   256.0000,>   32.0000,<=   0.1200
SRR14766451,PRJNA736314,SAMN19641932,98360,Salmonella enterica subsp. enterica serovar Dublin,NA,18-038874-001,"Cattle, Domestic",Salmonella enterica subsp. enterica serovar Dublin,2016,INFECTION,LNMES,USA,WA,=   8.0000,>   32.0000,=   4.0000,=   8.0000,<=   0.2500,=   8.0000,=   0.0300,=   0.5000,<=   0.0600,=   4.0000,=   32.0000,<=   16.0000,<=   4.0000,<=   0.1200
SRR14766452,PRJNA736314,SAMN19641928,98360,Salmonella enterica subsp. enterica serovar Dublin,NA,18-006979-400,"Cattle, Domestic",Salmonella enterica subsp. enterica serovar Dublin,2014,UNKNOWN,LIVER,USA,WA,>   32.0000,>   32.0000,=   0.5000,>   32.0000,=   64.0000,>   32.0000,<=   0.0150,>   16.0000,<=   0.0600,<=   0.5000,=   32.0000,>   256.0000,=   16.0000,<=   0.1200
SRR14766453,PRJNA736314,SAMN19642011,98360,Salmonella enterica subsp. enterica serovar Dublin,NA,18-038873-069,"Cattle, Domestic",Salmonella enterica subsp. enterica serovar Dublin,2016,INFECTION,LUNG,USA,IA,>   32.0000,>   32.0000,=   4.0000,>   32.0000,=   32.0000,>   32.0000,=   0.0300,=   1.0000,<=   0.0600,=   4.0000,>   64.0000,>   256.0000,>   32.0000,=   0.5000
SRR14766454,PRJNA736314,SAMN19642058,98360,Salmonella enterica subsp. enterica serovar Dublin,NA,18-038873-066,"Cattle, Domestic",Salmonella enterica subsp. enterica serovar Dublin,2016,INFECTION,INTEST,USA,NY,>   32.0000,>   32.0000,=   4.0000,>   32.0000,=   16.0000,>   32.0000,=   0.0300,=   1.0000,<=   0.0600,=   4.0000,>   64.0000,>   256.0000,>   32.0000,=   0.2500
SRR14766455,PRJNA736314,SAMN19641979,98360,Salmonella enterica subsp. enterica serovar Dublin,NA,18-038873-051,"Cattle, Domestic",Salmonella enterica subsp. enterica serovar Dublin,2016,INFECTION,LUNG,USA,MN,=   2.0000,=   2.0000,=   4.0000,=   8.0000,<=   0.2500,>   32.0000,=   0.0300,=   0.5000,=   0.1200,=   4.0000,>   64.0000,>   256.0000,>   32.0000,=   0.2500
SRR14766456,PRJNA736314,SAMN19642043,98360,Salmonella enterica subsp. enterica serovar Dublin,NA,18-038873-049,"Cattle, Domestic",Salmonella enterica subsp. enterica serovar Dublin,2016,INFECTION,LUNG,USA,PA,>   32.0000,>   32.0000,=   2.0000,>   32.0000,=   64.0000,>   32.0000,<=   0.0150,=   1.0000,<=   0.0600,=   4.0000,>   64.0000,>   256.0000,>   32.0000,=   0.2500
SRR14766457,PRJNA736314,SAMN19641934,98360,Salmonella enterica subsp. enterica serovar Dublin,NA,18-038873-042,"Cattle, Domestic",Salmonella enterica subsp. enterica serovar Dublin,2016,INFECTION,LUNG,USA,ID,>   32.0000,>   32.0000,=   4.0000,>   32.0000,=   64.0000,>   32.0000,=   0.0300,>   16.0000,<=   0.0600,=   4.0000,=   16.0000,>   256.0000,>   32.0000,=   0.2500
SRR14766458,PRJNA736314,SAMN19641931,98360,Salmonella enterica subsp. enterica serovar Dublin,NA,18-038873-031,"Cattle, Domestic",Salmonella enterica subsp. enterica serovar Dublin,2016,INFECTION,LYMPH,USA,WA,>   32.0000,>   32.0000,=   2.0000,>   32.0000,=   32.0000,=   32.0000,=   0.0300,>   16.0000,<=   0.0600,=   4.0000,=   64.0000,>   256.0000,>   32.0000,<=   0.1200
SRR14766459,PRJNA736314,SAMN19642019,98360,Salmonella enterica subsp. enterica serovar Dublin,NA,18-038873-014,"Cattle, Domestic",Salmonella enterica subsp. enterica serovar Dublin,2016,INFECTION,LUNG,USA,MO,>   32.0000,>   32.0000,=   4.0000,>   32.0000,=   32.0000,>   32.0000,=   0.0300,=   1.0000,<=   0.0600,=   4.0000,>   64.0000,>   256.0000,>   32.0000,=   0.2500
SRR14766460,PRJNA736314,SAMN19641978,98360,Salmonella enterica subsp. enterica serovar Dublin,NA,18-038310-079,"Cattle, Domestic",Salmonella enterica subsp. enterica serovar Dublin,2016,INFECTION,LIVER,USA,MN,<=   1.0000,=   2.0000,=   4.0000,=   2.0000,<=   0.2500,>   32.0000,<=   0.0150,=   0.5000,<=   0.0600,=   4.0000,>   64.0000,>   256.0000,>   32.0000,=   0.2500
SRR14766461,PRJNA736314,SAMN19642057,98360,Salmonella enterica subsp. enterica serovar Dublin,NA,18-038310-074,"Cattle, Domestic",Salmonella enterica subsp. enterica serovar Dublin,2016,INFECTION,KIDNEY,USA,NY,>   32.0000,>   32.0000,=   4.0000,>   32.0000,=   32.0000,>   32.0000,=   0.0300,=   0.5000,<=   0.0600,=   4.0000,>   64.0000,>   256.0000,>   32.0000,=   0.2500
SRR14766462,PRJNA736314,SAMN19642035,98360,Salmonella enterica subsp. enterica serovar Dublin,NA,18-038310-069,"Cattle, Domestic",Salmonella enterica subsp. enterica serovar Dublin,2016,UNKNOWN,UNKNOWN,USA,OH,>   32.0000,>   32.0000,=   8.0000,>   32.0000,=   16.0000,>   32.0000,=   0.0300,=   1.0000,<=   0.0600,=   8.0000,>   64.0000,>   256.0000,>   32.0000,=   0.2500
SRR14766463,PRJNA736314,SAMN19642038,98360,Salmonella enterica subsp. enterica serovar Dublin,NA,18-006979-377,"Cattle, Domestic",Salmonella enterica subsp. enterica serovar Dublin,2014,UNKNOWN,LIVER,USA,PA,=   32.0000,>   32.0000,=   1.0000,=   16.0000,=   16.0000,>   32.0000,=   0.0300,=   0.5000,<=   0.0600,=   4.0000,>   64.0000,>   256.0000,=   32.0000,=   0.5000
SRR14766464,PRJNA736314,SAMN19641954,98360,Salmonella enterica subsp. enterica serovar Dublin,NA,18-006979-068,"Cattle, Domestic",Salmonella enterica subsp. enterica serovar Dublin,2014,INFECTION,INTEST,USA,MN,>   32.0000,>   32.0000,=   4.0000,>   32.0000,=   64.0000,>   32.0000,=   0.0300,=   0.5000,<=   0.0600,=   4.0000,>   64.0000,>   256.0000,>   32.0000,>   4.0000
SRR14766465,PRJNA736314,SAMN19642044,98360,Salmonella enterica subsp. enterica serovar Dublin,NA,18-006979-051,"Cattle, Domestic",Salmonella enterica subsp. enterica serovar Dublin,2014,INFECTION,LUNG,USA,NY,=   8.0000,=   8.0000,<=   0.2500,=   4.0000,=   2.0000,>   32.0000,<=   0.0150,=   0.5000,<=   0.0600,=   2.0000,>   64.0000,>   256.0000,=   32.0000,=   1.0000
