data_source,organism,isolate_name,sample_name,fraction,AZT,CAZ,CIP,CRO,CTX,ERT,FEP,GEN,IMI,LEV,MIN,PTZ,TET,run_accession
ndaro,Enterobacter hormaechei,SAMN02356616,PDT000021110.1,train,NA,R,R,NA,R,R,NA,S,S,NA,NA,NA,NA,SRR1010879
ndaro,Enterobacter hormaechei,SAMN02356616,PDT000021110.1,train,NA,R,R,NA,R,R,NA,S,S,NA,NA,NA,NA,SRR1010880
ndaro,Enterobacter hormaechei,SAMN02356616,PDT000021110.1,train,NA,R,R,NA,R,R,NA,S,S,NA,NA,NA,NA,SRR999475
ndaro,Enterobacter hormaechei,SAMN02356616,PDT000021110.1,train,NA,R,R,NA,R,R,NA,S,S,NA,NA,NA,NA,SRR999476
ndaro,Enterobacter sp. MGH 1,SAMN02138541,PDT000021141.1,train,NA,NA,NA,NA,NA,NA,NA,NA,R,R,NA,NA,NA,SRR850714
ndaro,Enterobacter sp. MGH 1,SAMN02138541,PDT000021141.1,train,NA,NA,NA,NA,NA,NA,NA,NA,R,R,NA,NA,NA,SRR850715
ndaro,Enterobacter sp. MGH 1,SAMN02138541,PDT000021141.1,train,NA,NA,NA,NA,NA,NA,NA,NA,R,R,NA,NA,NA,SRR9901953
ndaro,Enterobacter hormaechei,SAMN02138542,PDT000021140.1,train,NA,NA,NA,NA,R,R,NA,NA,S,R,NA,NA,NA,SRR850737
ndaro,Enterobacter hormaechei,SAMN02138542,PDT000021140.1,train,NA,NA,NA,NA,R,R,NA,NA,S,R,NA,NA,NA,SRR850738
ndaro,Enterobacter sp. MGH 3,SAMN02138543,PDT000021139.1,train,NA,NA,NA,NA,R,R,NA,NA,S,R,NA,NA,NA,SRR12492532
ndaro,Enterobacter sp. MGH 3,SAMN02138543,PDT000021139.1,train,NA,NA,NA,NA,R,R,NA,NA,S,R,NA,NA,NA,SRR850772
ndaro,Enterobacter sp. MGH 3,SAMN02138543,PDT000021139.1,train,NA,NA,NA,NA,R,R,NA,NA,S,R,NA,NA,NA,SRR850773
ndaro,Enterobacter hormaechei,SAMN02138544,PDT000021138.1,train,NA,NA,R,NA,R,NA,NA,NA,R,R,NA,NA,NA,SRR850774
ndaro,Enterobacter hormaechei,SAMN02138544,PDT000021138.1,train,NA,NA,R,NA,R,NA,NA,NA,R,R,NA,NA,NA,SRR850775
ndaro,Enterobacter hormaechei,SAMN02138545,PDT000021137.1,train,NA,NA,NA,NA,R,R,NA,S,R,R,NA,NA,NA,SRR850776
ndaro,Enterobacter hormaechei,SAMN02138545,PDT000021137.1,train,NA,NA,NA,NA,R,R,NA,S,R,R,NA,NA,NA,SRR850777
ndaro,Enterobacter sp. MGH 6,SAMN02138546,PDT000021136.1,train,NA,NA,NA,NA,NA,NA,NA,NA,R,R,NA,NA,NA,SRR850778
ndaro,Enterobacter sp. MGH 6,SAMN02138546,PDT000021136.1,train,NA,NA,NA,NA,NA,NA,NA,NA,R,R,NA,NA,NA,SRR850779
ndaro,Enterobacter sp. MGH 6,SAMN02138546,PDT000021136.1,train,NA,NA,NA,NA,NA,NA,NA,NA,R,R,NA,NA,NA,SRR9901952
ndaro,Enterobacter sp. MGH 7,SAMN02138547,PDT000021135.1,train,NA,NA,NA,NA,NA,NA,NA,NA,NA,R,NA,NA,NA,SRR12492531
ndaro,Enterobacter sp. MGH 7,SAMN02138547,PDT000021135.1,train,NA,NA,NA,NA,NA,NA,NA,NA,NA,R,NA,NA,NA,SRR850780
ndaro,Enterobacter sp. MGH 7,SAMN02138547,PDT000021135.1,train,NA,NA,NA,NA,NA,NA,NA,NA,NA,R,NA,NA,NA,SRR850781
ndaro,Enterobacter hormaechei,SAMN02138548,PDT000018107.2,train,NA,NA,NA,NA,R,R,NA,S,S,R,NA,NA,NA,SRR1185111
ndaro,Enterobacter hormaechei,SAMN02138548,PDT000018107.2,train,NA,NA,NA,NA,R,R,NA,S,S,R,NA,NA,NA,SRR1185218
ndaro,Enterobacter hormaechei,SAMN02138548,PDT000018107.2,train,NA,NA,NA,NA,R,R,NA,S,S,R,NA,NA,NA,SRR1185241
ndaro,Enterobacter hormaechei,SAMN02138548,PDT000018107.2,train,NA,NA,NA,NA,R,R,NA,S,S,R,NA,NA,NA,SRR1185273
ndaro,Enterobacter hormaechei,SAMN02138548,PDT000018107.2,train,NA,NA,NA,NA,R,R,NA,S,S,R,NA,NA,NA,SRR1185295
ndaro,Enterobacter hormaechei,SAMN02138548,PDT000018107.2,train,NA,NA,NA,NA,R,R,NA,S,S,R,NA,NA,NA,SRR850782
ndaro,Enterobacter hormaechei,SAMN02138548,PDT000018107.2,train,NA,NA,NA,NA,R,R,NA,S,S,R,NA,NA,NA,SRR850783
ndaro,Enterobacter hormaechei,SAMN02138549,PDT000021134.1,train,NA,NA,NA,NA,R,S,NA,S,S,R,NA,NA,NA,SRR850784
ndaro,Enterobacter hormaechei,SAMN02138549,PDT000021134.1,train,NA,NA,NA,NA,R,S,NA,S,S,R,NA,NA,NA,SRR850785
ndaro,Enterobacter sp. MGH 10,SAMN02138550,PDT000021133.1,train,NA,NA,NA,NA,NA,NA,NA,NA,NA,R,NA,NA,NA,SRR850695
ndaro,Enterobacter sp. MGH 10,SAMN02138550,PDT000021133.1,train,NA,NA,NA,NA,NA,NA,NA,NA,NA,R,NA,NA,NA,SRR850696
ndaro,Enterobacter hormaechei,SAMN02138551,PDT000021132.1,train,NA,NA,NA,NA,R,NA,NA,S,R,R,NA,NA,NA,SRR1180836
ndaro,Enterobacter hormaechei,SAMN02138551,PDT000021132.1,train,NA,NA,NA,NA,R,NA,NA,S,R,R,NA,NA,NA,SRR1180956
ndaro,Enterobacter hormaechei,SAMN02138551,PDT000021132.1,train,NA,NA,NA,NA,R,NA,NA,S,R,R,NA,NA,NA,SRR1187749
ndaro,Enterobacter hormaechei,SAMN02138551,PDT000021132.1,train,NA,NA,NA,NA,R,NA,NA,S,R,R,NA,NA,NA,SRR1187832
ndaro,Enterobacter hormaechei,SAMN02138551,PDT000021132.1,train,NA,NA,NA,NA,R,NA,NA,S,R,R,NA,NA,NA,SRR850697
ndaro,Enterobacter hormaechei,SAMN02138551,PDT000021132.1,train,NA,NA,NA,NA,R,NA,NA,S,R,R,NA,NA,NA,SRR850698
ndaro,Enterobacter hormaechei,SAMN02138551,PDT000021132.1,train,NA,NA,NA,NA,R,NA,NA,S,R,R,NA,NA,NA,SRR850699
ndaro,Enterobacter hormaechei,SAMN02138552,PDT000021131.1,train,NA,NA,NA,NA,R,R,NA,S,S,R,NA,NA,NA,SRR850700
ndaro,Enterobacter hormaechei,SAMN02138552,PDT000021131.1,train,NA,NA,NA,NA,R,R,NA,S,S,R,NA,NA,NA,SRR850701
ndaro,Enterobacter hormaechei,SAMN02138552,PDT000021131.1,train,NA,NA,NA,NA,R,R,NA,S,S,R,NA,NA,NA,SRR867698
ndaro,Enterobacter hormaechei,SAMN02138552,PDT000021131.1,train,NA,NA,NA,NA,R,R,NA,S,S,R,NA,NA,NA,SRR960872
ndaro,Enterobacter hormaechei,SAMN02138553,PDT000021130.1,train,NA,NA,R,NA,R,NA,NA,NA,R,R,NA,NA,NA,SRR850702
ndaro,Enterobacter hormaechei,SAMN02138553,PDT000021130.1,train,NA,NA,R,NA,R,NA,NA,NA,R,R,NA,NA,NA,SRR850703
ndaro,Enterobacter sp. MGH 14,SAMN02138554,PDT000018108.2,train,NA,NA,NA,NA,R,R,NA,NA,R,R,NA,NA,NA,SRR1185266
ndaro,Enterobacter sp. MGH 14,SAMN02138554,PDT000018108.2,train,NA,NA,NA,NA,R,R,NA,NA,R,R,NA,NA,NA,SRR1185271
ndaro,Enterobacter sp. MGH 14,SAMN02138554,PDT000018108.2,train,NA,NA,NA,NA,R,R,NA,NA,R,R,NA,NA,NA,SRR1185297
ndaro,Enterobacter sp. MGH 14,SAMN02138554,PDT000018108.2,train,NA,NA,NA,NA,R,R,NA,NA,R,R,NA,NA,NA,SRR1185307
ndaro,Enterobacter sp. MGH 14,SAMN02138554,PDT000018108.2,train,NA,NA,NA,NA,R,R,NA,NA,R,R,NA,NA,NA,SRR1185315
ndaro,Enterobacter sp. MGH 14,SAMN02138554,PDT000018108.2,train,NA,NA,NA,NA,R,R,NA,NA,R,R,NA,NA,NA,SRR12492533
ndaro,Enterobacter sp. MGH 14,SAMN02138554,PDT000018108.2,train,NA,NA,NA,NA,R,R,NA,NA,R,R,NA,NA,NA,SRR850704
ndaro,Enterobacter sp. MGH 14,SAMN02138554,PDT000018108.2,train,NA,NA,NA,NA,R,R,NA,NA,R,R,NA,NA,NA,SRR850705
ndaro,Enterobacter sp. MGH 15,SAMN02138555,PDT000021129.1,train,NA,NA,R,NA,R,R,NA,R,R,NA,NA,NA,NA,SRR850706
ndaro,Enterobacter sp. MGH 15,SAMN02138555,PDT000021129.1,train,NA,NA,R,NA,R,R,NA,R,R,NA,NA,NA,NA,SRR850707
ndaro,Enterobacter sp. MGH 15,SAMN02138555,PDT000021129.1,train,NA,NA,R,NA,R,R,NA,R,R,NA,NA,NA,NA,SRR850708
ndaro,Enterobacter sp. MGH 15,SAMN02138555,PDT000021129.1,train,NA,NA,R,NA,R,R,NA,R,R,NA,NA,NA,NA,SRR850709
ndaro,Enterobacter sp. MGH 15,SAMN02138555,PDT000021129.1,train,NA,NA,R,NA,R,R,NA,R,R,NA,NA,NA,NA,SRR9901957
ndaro,Enterobacter roggenkampii,SAMN02138556,PDT000019225.2,test,NA,NA,R,NA,S,S,NA,S,S,NA,NA,NA,NA,SRR850710
ndaro,Enterobacter roggenkampii,SAMN02138556,PDT000019225.2,test,NA,NA,R,NA,S,S,NA,S,S,NA,NA,NA,NA,SRR850711
ndaro,Enterobacter roggenkampii,SAMN02138556,PDT000019225.2,test,NA,NA,R,NA,S,S,NA,S,S,NA,NA,NA,NA,SRR850712
ndaro,Enterobacter roggenkampii,SAMN02138556,PDT000019225.2,test,NA,NA,R,NA,S,S,NA,S,S,NA,NA,NA,NA,SRR850713
ndaro,Enterobacter sp. MGH 22,SAMN02138562,PDT000019220.2,train,NA,NA,S,NA,S,S,NA,S,S,NA,NA,NA,NA,SRR850716
ndaro,Enterobacter sp. MGH 22,SAMN02138562,PDT000019220.2,train,NA,NA,S,NA,S,S,NA,S,S,NA,NA,NA,NA,SRR850717
ndaro,Enterobacter sp. MGH 22,SAMN02138562,PDT000019220.2,train,NA,NA,S,NA,S,S,NA,S,S,NA,NA,NA,NA,SRR850718
ndaro,Enterobacter sp. MGH 22,SAMN02138562,PDT000019220.2,train,NA,NA,S,NA,S,S,NA,S,S,NA,NA,NA,NA,SRR850719
ndaro,Enterobacter sp. MGH 23,SAMN02138563,PDT000019219.2,test,NA,NA,S,NA,R,S,NA,S,S,NA,NA,NA,NA,SRR850720
ndaro,Enterobacter sp. MGH 23,SAMN02138563,PDT000019219.2,test,NA,NA,S,NA,R,S,NA,S,S,NA,NA,NA,NA,SRR850721
ndaro,Enterobacter sp. MGH 23,SAMN02138563,PDT000019219.2,test,NA,NA,S,NA,R,S,NA,S,S,NA,NA,NA,NA,SRR850722
ndaro,Enterobacter sp. MGH 23,SAMN02138563,PDT000019219.2,test,NA,NA,S,NA,R,S,NA,S,S,NA,NA,NA,NA,SRR850723
ndaro,Enterobacter sp. MGH 24,SAMN02138564,PDT000019218.2,train,NA,NA,S,NA,R,R,NA,S,S,NA,NA,NA,NA,SRR850724
ndaro,Enterobacter sp. MGH 24,SAMN02138564,PDT000019218.2,train,NA,NA,S,NA,R,R,NA,S,S,NA,NA,NA,NA,SRR850725
ndaro,Enterobacter sp. MGH 24,SAMN02138564,PDT000019218.2,train,NA,NA,S,NA,R,R,NA,S,S,NA,NA,NA,NA,SRR850726
ndaro,Enterobacter sp. MGH 24,SAMN02138564,PDT000019218.2,train,NA,NA,S,NA,R,R,NA,S,S,NA,NA,NA,NA,SRR850727
ndaro,Enterobacter sp. MGH 25,SAMN02138565,PDT000019217.2,train,NA,NA,S,NA,R,R,NA,S,S,NA,NA,NA,NA,SRR850728
ndaro,Enterobacter sp. MGH 25,SAMN02138565,PDT000019217.2,train,NA,NA,S,NA,R,R,NA,S,S,NA,NA,NA,NA,SRR850729
ndaro,Enterobacter sp. MGH 25,SAMN02138565,PDT000019217.2,train,NA,NA,S,NA,R,R,NA,S,S,NA,NA,NA,NA,SRR850730
ndaro,Enterobacter sp. MGH 25,SAMN02138565,PDT000019217.2,train,NA,NA,S,NA,R,R,NA,S,S,NA,NA,NA,NA,SRR850731
ndaro,Enterobacter hormaechei,SAMN02138566,PDT000019215.2,train,NA,NA,R,NA,R,S,NA,S,S,NA,NA,NA,NA,SRR850733
ndaro,Enterobacter hormaechei,SAMN02138566,PDT000019215.2,train,NA,NA,R,NA,R,S,NA,S,S,NA,NA,NA,NA,SRR850734
ndaro,Enterobacter hormaechei,SAMN02138566,PDT000019215.2,train,NA,NA,R,NA,R,S,NA,S,S,NA,NA,NA,NA,SRR850735
ndaro,Enterobacter hormaechei,SAMN02138566,PDT000019215.2,train,NA,NA,R,NA,R,S,NA,S,S,NA,NA,NA,NA,SRR850736
ndaro,Enterobacter sp. MGH 33,SAMN02138573,PDT000021128.1,train,NA,NA,S,NA,R,R,NA,S,S,NA,NA,NA,NA,SRR850739
ndaro,Enterobacter sp. MGH 33,SAMN02138573,PDT000021128.1,train,NA,NA,S,NA,R,R,NA,S,S,NA,NA,NA,NA,SRR850740
ndaro,Enterobacter sp. MGH 33,SAMN02138573,PDT000021128.1,train,NA,NA,S,NA,R,R,NA,S,S,NA,NA,NA,NA,SRR850741
ndaro,Enterobacter sp. MGH 33,SAMN02138573,PDT000021128.1,train,NA,NA,S,NA,R,R,NA,S,S,NA,NA,NA,NA,SRR850742
ndaro,Enterobacter roggenkampii,SAMN02138574,PDT000019212.2,test,NA,NA,S,NA,S,S,NA,S,S,NA,NA,NA,NA,SRR850743
ndaro,Enterobacter roggenkampii,SAMN02138574,PDT000019212.2,test,NA,NA,S,NA,S,S,NA,S,S,NA,NA,NA,NA,SRR850744
ndaro,Enterobacter roggenkampii,SAMN02138574,PDT000019212.2,test,NA,NA,S,NA,S,S,NA,S,S,NA,NA,NA,NA,SRR850745
ndaro,Enterobacter roggenkampii,SAMN02138574,PDT000019212.2,test,NA,NA,S,NA,S,S,NA,S,S,NA,NA,NA,NA,SRR850746
ndaro,Enterobacter sp. MGH 37,SAMN02138577,PDT000021127.1,train,NA,NA,S,NA,R,R,NA,S,R,NA,NA,NA,NA,SRR850764
ndaro,Enterobacter sp. MGH 37,SAMN02138577,PDT000021127.1,train,NA,NA,S,NA,R,R,NA,S,R,NA,NA,NA,NA,SRR850765
ndaro,Enterobacter sp. MGH 37,SAMN02138577,PDT000021127.1,train,NA,NA,S,NA,R,R,NA,S,R,NA,NA,NA,NA,SRR850766
ndaro,Enterobacter sp. MGH 37,SAMN02138577,PDT000021127.1,train,NA,NA,S,NA,R,R,NA,S,R,NA,NA,NA,NA,SRR850767
ndaro,Enterobacter sp. MGH 37,SAMN02138577,PDT000021127.1,train,NA,NA,S,NA,R,R,NA,S,R,NA,NA,NA,NA,SRR9901956
ndaro,Enterobacter sp. MGH 38,SAMN02138578,PDT000019044.1,train,NA,NA,S,NA,S,S,NA,S,S,NA,NA,NA,NA,SRR850768
ndaro,Enterobacter sp. MGH 38,SAMN02138578,PDT000019044.1,train,NA,NA,S,NA,S,S,NA,S,S,NA,NA,NA,NA,SRR850769
ndaro,Enterobacter sp. MGH 38,SAMN02138578,PDT000019044.1,train,NA,NA,S,NA,S,S,NA,S,S,NA,NA,NA,NA,SRR850770
ndaro,Enterobacter sp. MGH 38,SAMN02138578,PDT000019044.1,train,NA,NA,S,NA,S,S,NA,S,S,NA,NA,NA,NA,SRR850771
ndaro,Enterobacter hormaechei,SAMN02138592,PDT000026740.1,test,NA,NA,NA,NA,NA,NA,NA,NA,NA,NA,NA,NA,NA,SRR1165447
ndaro,Enterobacter hormaechei,SAMN02138592,PDT000026740.1,test,NA,NA,NA,NA,NA,NA,NA,NA,NA,NA,NA,NA,NA,SRR1165879
ndaro,Enterobacter hormaechei,SAMN02138592,PDT000026740.1,test,NA,NA,NA,NA,NA,NA,NA,NA,NA,NA,NA,NA,NA,SRR854572
ndaro,Enterobacter hormaechei,SAMN02138592,PDT000026740.1,test,NA,NA,NA,NA,NA,NA,NA,NA,NA,NA,NA,NA,NA,SRR854573
ndaro,Enterobacter hormaechei,SAMN02138592,PDT000026740.1,test,NA,NA,NA,NA,NA,NA,NA,NA,NA,NA,NA,NA,NA,SRR9901960
ndaro,Enterobacter sp. BWH 37,SAMN02138600,PDT000021126.1,test,NA,NA,NA,NA,NA,NA,NA,NA,NA,NA,NA,NA,NA,SRR850687
ndaro,Enterobacter sp. BWH 37,SAMN02138600,PDT000021126.1,test,NA,NA,NA,NA,NA,NA,NA,NA,NA,NA,NA,NA,NA,SRR850688
ndaro,Enterobacter sp. BWH 37,SAMN02138600,PDT000021126.1,test,NA,NA,NA,NA,NA,NA,NA,NA,NA,NA,NA,NA,NA,SRR850689
ndaro,Enterobacter sp. BWH 37,SAMN02138600,PDT000021126.1,test,NA,NA,NA,NA,NA,NA,NA,NA,NA,NA,NA,NA,NA,SRR850690
ndaro,Enterobacter sp. BWH 37,SAMN02138600,PDT000021126.1,test,NA,NA,NA,NA,NA,NA,NA,NA,NA,NA,NA,NA,NA,SRR9901958
ndaro,Enterobacter hormaechei,SAMN02138629,PDT000021124.1,train,NA,R,NA,NA,NA,NA,NA,S,NA,NA,NA,NA,R,SRR850616
ndaro,Enterobacter hormaechei,SAMN02138629,PDT000021124.1,train,NA,R,NA,NA,NA,NA,NA,S,NA,NA,NA,NA,R,SRR850617
ndaro,Enterobacter sp. BIDMC 26,SAMN02138656,PDT000021123.1,train,NA,S,S,S,NA,NA,S,S,NA,NA,NA,NA,NA,SRR850663
ndaro,Enterobacter sp. BIDMC 26,SAMN02138656,PDT000021123.1,train,NA,S,S,S,NA,NA,S,S,NA,NA,NA,NA,NA,SRR850664
ndaro,Enterobacter sp. BIDMC 26,SAMN02138656,PDT000021123.1,train,NA,S,S,S,NA,NA,S,S,NA,NA,NA,NA,NA,SRR850665
ndaro,Enterobacter sp. BIDMC 26,SAMN02138656,PDT000021123.1,train,NA,S,S,S,NA,NA,S,S,NA,NA,NA,NA,NA,SRR850666
ndaro,Enterobacter sp. BIDMC 27,SAMN02138657,PDT000021122.1,train,NA,S,S,S,NA,NA,S,S,NA,NA,NA,NA,NA,SRR850667
ndaro,Enterobacter sp. BIDMC 27,SAMN02138657,PDT000021122.1,train,NA,S,S,S,NA,NA,S,S,NA,NA,NA,NA,NA,SRR850668
ndaro,Enterobacter sp. BIDMC 27,SAMN02138657,PDT000021122.1,train,NA,S,S,S,NA,NA,S,S,NA,NA,NA,NA,NA,SRR850669
ndaro,Enterobacter sp. BIDMC 27,SAMN02138657,PDT000021122.1,train,NA,S,S,S,NA,NA,S,S,NA,NA,NA,NA,NA,SRR850670
ndaro,Enterobacter sp. BIDMC 28,SAMN02138658,PDT000021121.1,train,NA,S,S,S,NA,NA,S,S,NA,NA,NA,NA,NA,SRR850671
ndaro,Enterobacter sp. BIDMC 28,SAMN02138658,PDT000021121.1,train,NA,S,S,S,NA,NA,S,S,NA,NA,NA,NA,NA,SRR850672
ndaro,Enterobacter sp. BIDMC 28,SAMN02138658,PDT000021121.1,train,NA,S,S,S,NA,NA,S,S,NA,NA,NA,NA,NA,SRR850673
ndaro,Enterobacter sp. BIDMC 28,SAMN02138658,PDT000021121.1,train,NA,S,S,S,NA,NA,S,S,NA,NA,NA,NA,NA,SRR850674
ndaro,Enterobacter sp. BIDMC 29,SAMN02138659,PDT000021120.1,train,NA,S,S,S,NA,NA,S,S,NA,NA,NA,NA,NA,SRR850675
ndaro,Enterobacter sp. BIDMC 29,SAMN02138659,PDT000021120.1,train,NA,S,S,S,NA,NA,S,S,NA,NA,NA,NA,NA,SRR850676
ndaro,Enterobacter sp. BIDMC 29,SAMN02138659,PDT000021120.1,train,NA,S,S,S,NA,NA,S,S,NA,NA,NA,NA,NA,SRR850677
ndaro,Enterobacter sp. BIDMC 29,SAMN02138659,PDT000021120.1,train,NA,S,S,S,NA,NA,S,S,NA,NA,NA,NA,NA,SRR850678
ndaro,Enterobacter sp. BIDMC 30,SAMN02138660,PDT000021119.1,train,NA,S,S,S,NA,NA,S,S,NA,NA,NA,NA,NA,SRR850679
ndaro,Enterobacter sp. BIDMC 30,SAMN02138660,PDT000021119.1,train,NA,S,S,S,NA,NA,S,S,NA,NA,NA,NA,NA,SRR850680
ndaro,Enterobacter sp. BIDMC 30,SAMN02138660,PDT000021119.1,train,NA,S,S,S,NA,NA,S,S,NA,NA,NA,NA,NA,SRR850681
ndaro,Enterobacter sp. BIDMC 30,SAMN02138660,PDT000021119.1,train,NA,S,S,S,NA,NA,S,S,NA,NA,NA,NA,NA,SRR850682
ndaro,Enterobacter hormaechei,SAMN02138663,PDT000051472.1,train,NA,S,R,R,NA,NA,NA,S,NA,NA,NA,R,R,SRR850927
ndaro,Enterobacter hormaechei,SAMN02138663,PDT000051472.1,train,NA,S,R,R,NA,NA,NA,S,NA,NA,NA,R,R,SRR850928
ndaro,Enterobacter hormaechei,SAMN02138663,PDT000051472.1,train,NA,S,R,R,NA,NA,NA,S,NA,NA,NA,R,R,SRR850929
ndaro,Enterobacter hormaechei,SAMN02138663,PDT000051472.1,train,NA,S,R,R,NA,NA,NA,S,NA,NA,NA,R,R,SRR850930
ndaro,Enterobacter hormaechei,SAMN02356603,PDT000021116.1,train,NA,R,S,NA,R,R,NA,S,R,NA,NA,NA,NA,SRR1010871
ndaro,Enterobacter hormaechei,SAMN02356603,PDT000021116.1,train,NA,R,S,NA,R,R,NA,S,R,NA,NA,NA,NA,SRR1010872
ndaro,Enterobacter hormaechei,SAMN02356603,PDT000021116.1,train,NA,R,S,NA,R,R,NA,S,R,NA,NA,NA,NA,SRR999465
ndaro,Enterobacter hormaechei,SAMN02356603,PDT000021116.1,train,NA,R,S,NA,R,R,NA,S,R,NA,NA,NA,NA,SRR999466
ndaro,Enterobacter kobei,SAMN02356604,PDT000021115.1,train,NA,S,R,NA,S,S,NA,S,S,NA,NA,NA,NA,SRR1010873
ndaro,Enterobacter kobei,SAMN02356604,PDT000021115.1,train,NA,S,R,NA,S,S,NA,S,S,NA,NA,NA,NA,SRR1010874
ndaro,Enterobacter kobei,SAMN02356604,PDT000021115.1,train,NA,S,R,NA,S,S,NA,S,S,NA,NA,NA,NA,SRR999467
ndaro,Enterobacter kobei,SAMN02356604,PDT000021115.1,train,NA,S,R,NA,S,S,NA,S,S,NA,NA,NA,NA,SRR999468
ndaro,Enterobacter kobei,SAMN02356609,PDT000031672.1,train,NA,R,R,NA,R,R,NA,S,S,NA,NA,NA,NA,SRR1103487
ndaro,Enterobacter kobei,SAMN02356609,PDT000031672.1,train,NA,R,R,NA,R,R,NA,S,S,NA,NA,NA,NA,SRR1103635
ndaro,Enterobacter kobei,SAMN02356609,PDT000031672.1,train,NA,R,R,NA,R,R,NA,S,S,NA,NA,NA,NA,SRR1180689
ndaro,Enterobacter kobei,SAMN02356609,PDT000031672.1,train,NA,R,R,NA,R,R,NA,S,S,NA,NA,NA,NA,SRR1183662
ndaro,Enterobacter kobei,SAMN02356609,PDT000031672.1,train,NA,R,R,NA,R,R,NA,S,S,NA,NA,NA,NA,SRR1187706
ndaro,Enterobacter kobei,SAMN02356609,PDT000031672.1,train,NA,R,R,NA,R,R,NA,S,S,NA,NA,NA,NA,SRR1187816
ndaro,Enterobacter kobei,SAMN02356609,PDT000031672.1,train,NA,R,R,NA,R,R,NA,S,S,NA,NA,NA,NA,SRR999469
ndaro,Enterobacter kobei,SAMN02356609,PDT000031672.1,train,NA,R,R,NA,R,R,NA,S,S,NA,NA,NA,NA,SRR999470
ndaro,Enterobacter hormaechei,SAMN02356610,PDT000021112.1,train,NA,S,S,NA,S,S,NA,S,S,NA,NA,NA,NA,SRR1010875
ndaro,Enterobacter hormaechei,SAMN02356610,PDT000021112.1,train,NA,S,S,NA,S,S,NA,S,S,NA,NA,NA,NA,SRR1010876
ndaro,Enterobacter hormaechei,SAMN02356610,PDT000021112.1,train,NA,S,S,NA,S,S,NA,S,S,NA,NA,NA,NA,SRR999471
ndaro,Enterobacter hormaechei,SAMN02356610,PDT000021112.1,train,NA,S,S,NA,S,S,NA,S,S,NA,NA,NA,NA,SRR999472
ndaro,Enterobacter roggenkampii,SAMN02356619,PDT000021109.1,test,NA,R,S,NA,R,S,NA,S,R,NA,NA,NA,NA,SRR1010881
ndaro,Enterobacter roggenkampii,SAMN02356619,PDT000021109.1,test,NA,R,S,NA,R,S,NA,S,R,NA,NA,NA,NA,SRR1010882
ndaro,Enterobacter roggenkampii,SAMN02356619,PDT000021109.1,test,NA,R,S,NA,R,S,NA,S,R,NA,NA,NA,NA,SRR999477
ndaro,Enterobacter roggenkampii,SAMN02356619,PDT000021109.1,test,NA,R,S,NA,R,S,NA,S,R,NA,NA,NA,NA,SRR999478
ndaro,Enterobacter asburiae,SAMN02356629,PDT000021104.1,train,NA,R,R,NA,R,S,NA,R,R,NA,NA,NA,NA,SRR1010885
ndaro,Enterobacter asburiae,SAMN02356629,PDT000021104.1,train,NA,R,R,NA,R,S,NA,R,R,NA,NA,NA,NA,SRR1010886
ndaro,Enterobacter asburiae,SAMN02356629,PDT000021104.1,train,NA,R,R,NA,R,S,NA,R,R,NA,NA,NA,NA,SRR999481
ndaro,Enterobacter asburiae,SAMN02356629,PDT000021104.1,train,NA,R,R,NA,R,S,NA,R,R,NA,NA,NA,NA,SRR999482
ndaro,Enterobacter hormaechei,SAMN02356630,PDT000021103.1,train,NA,S,S,NA,S,S,NA,S,S,NA,NA,NA,NA,SRR1010887
ndaro,Enterobacter hormaechei,SAMN02356630,PDT000021103.1,train,NA,S,S,NA,S,S,NA,S,S,NA,NA,NA,NA,SRR1010888
ndaro,Enterobacter hormaechei,SAMN02356630,PDT000021103.1,train,NA,S,S,NA,S,S,NA,S,S,NA,NA,NA,NA,SRR999483
ndaro,Enterobacter hormaechei,SAMN02356630,PDT000021103.1,train,NA,S,S,NA,S,S,NA,S,S,NA,NA,NA,NA,SRR999484
ndaro,Enterobacter hormaechei,SAMN02581287,PDT000030616.1,train,NA,R,R,R,NA,NA,R,S,NA,NA,NA,R,R,SRR1180908
ndaro,Enterobacter hormaechei,SAMN02581287,PDT000030616.1,train,NA,R,R,R,NA,NA,R,S,NA,NA,NA,R,R,SRR1180917
ndaro,Enterobacter hormaechei,SAMN02581287,PDT000030616.1,train,NA,R,R,R,NA,NA,R,S,NA,NA,NA,R,R,SRR1187818
ndaro,Enterobacter hormaechei,SAMN02581287,PDT000030616.1,train,NA,R,R,R,NA,NA,R,S,NA,NA,NA,R,R,SRR1187833
ndaro,Enterobacter kobei,SAMN02581288,PDT000030617.1,test,NA,S,S,S,NA,NA,S,S,NA,NA,NA,S,NA,SRR1180905
ndaro,Enterobacter kobei,SAMN02581288,PDT000030617.1,test,NA,S,S,S,NA,NA,S,S,NA,NA,NA,S,NA,SRR1181027
ndaro,Enterobacter kobei,SAMN02581288,PDT000030617.1,test,NA,S,S,S,NA,NA,S,S,NA,NA,NA,S,NA,SRR1187721
ndaro,Enterobacter kobei,SAMN02581288,PDT000030617.1,test,NA,S,S,S,NA,NA,S,S,NA,NA,NA,S,NA,SRR1187756
ndaro,Enterobacter hormaechei,SAMN02581385,PDT000030619.1,train,NA,NA,R,NA,R,R,NA,S,S,NA,NA,NA,NA,SRR1196828
ndaro,Enterobacter hormaechei,SAMN02581385,PDT000030619.1,train,NA,NA,R,NA,R,R,NA,S,S,NA,NA,NA,NA,SRR1196975
ndaro,Enterobacter hormaechei,SAMN02581385,PDT000030619.1,train,NA,NA,R,NA,R,R,NA,S,S,NA,NA,NA,NA,SRR1203976
ndaro,Enterobacter hormaechei,SAMN02581385,PDT000030619.1,train,NA,NA,R,NA,R,R,NA,S,S,NA,NA,NA,NA,SRR1204024
ndaro,Enterobacter roggenkampii,SAMN02581386,PDT000030620.1,test,NA,NA,R,NA,R,R,NA,S,S,NA,NA,NA,NA,SRR1196770
ndaro,Enterobacter roggenkampii,SAMN02581386,PDT000030620.1,test,NA,NA,R,NA,R,R,NA,S,S,NA,NA,NA,NA,SRR1197664
ndaro,Enterobacter roggenkampii,SAMN02581386,PDT000030620.1,test,NA,NA,R,NA,R,R,NA,S,S,NA,NA,NA,NA,SRR1203936
ndaro,Enterobacter roggenkampii,SAMN02581386,PDT000030620.1,test,NA,NA,R,NA,R,R,NA,S,S,NA,NA,NA,NA,SRR1204015
ndaro,Enterobacter cloacae,SAMN04014843,PDT000175510.1,train,R,R,R,R,R,R,R,R,R,R,NA,R,R,SRR4025841
ndaro,Enterobacter cloacae,SAMN04014843,PDT000175510.1,train,R,R,R,R,R,R,R,R,R,R,NA,R,R,SRR5146438
ndaro,Enterobacter cloacae,SAMN04014843,PDT000175510.1,train,R,R,R,R,R,R,R,R,R,R,NA,R,R,SRR5146439
ndaro,Enterobacter cloacae,SAMN04014843,PDT000175510.1,train,R,R,R,R,R,R,R,R,R,R,NA,R,R,SRR5146440
ndaro,Enterobacter cloacae,SAMN04014843,PDT000175510.1,train,R,R,R,R,R,R,R,R,R,R,NA,R,R,SRR5146441
ndaro,Enterobacter hormaechei,SAMN04014873,PDT000352607.1,train,R,R,R,R,R,R,R,R,R,R,NA,R,S,SRR3242004
ndaro,Enterobacter hormaechei,SAMN04014873,PDT000352607.1,train,R,R,R,R,R,R,R,R,R,R,NA,R,S,SRR6985634
ndaro,Enterobacter hormaechei,SAMN04014873,PDT000352607.1,train,R,R,R,R,R,R,R,R,R,R,NA,R,S,SRR6985635
ndaro,Enterobacter hormaechei,SAMN04014879,PDT000343392.1,train,R,R,R,NA,R,R,R,R,R,R,NA,R,R,SRR3242005
ndaro,Enterobacter hormaechei,SAMN04014879,PDT000343392.1,train,R,R,R,NA,R,R,R,R,R,R,NA,R,R,SRR6994963
ndaro,Enterobacter hormaechei,SAMN04014879,PDT000343392.1,train,R,R,R,NA,R,R,R,R,R,R,NA,R,R,SRR6994964
ndaro,Enterobacter cloacae,SAMN04014891,PDT000220018.1,train,R,S,R,S,S,S,S,S,S,R,NA,S,S,SRR4025852
ndaro,Enterobacter cloacae,SAMN04014891,PDT000220018.1,train,R,S,R,S,S,S,S,S,S,R,NA,S,S,SRR5167854
ndaro,Enterobacter cloacae,SAMN04014891,PDT000220018.1,train,R,S,R,S,S,S,S,S,S,R,NA,S,S,SRR5167855
ndaro,Enterobacter cloacae,SAMN04014891,PDT000220018.1,train,R,S,R,S,S,S,S,S,S,R,NA,S,S,SRR5740325
ndaro,Enterobacter cloacae,SAMN04014891,PDT000220018.1,train,R,S,R,S,S,S,S,S,S,R,NA,S,S,SRR5740326
ndaro,Enterobacter cloacae,SAMN04014894,PDT000218726.1,train,R,R,R,R,R,R,R,R,R,R,NA,R,R,SRR4025853
ndaro,Enterobacter cloacae,SAMN04014894,PDT000218726.1,train,R,R,R,R,R,R,R,R,R,R,NA,R,R,SRR5167856
ndaro,Enterobacter cloacae,SAMN04014894,PDT000218726.1,train,R,R,R,R,R,R,R,R,R,R,NA,R,R,SRR5167857
ndaro,Enterobacter cloacae,SAMN04014894,PDT000218726.1,train,R,R,R,R,R,R,R,R,R,R,NA,R,R,SRR5740335
ndaro,Enterobacter cloacae,SAMN04014894,PDT000218726.1,train,R,R,R,R,R,R,R,R,R,R,NA,R,R,SRR5740336
ndaro,Enterobacter cloacae,SAMN04014901,PDT000290094.1,train,R,R,S,R,R,S,S,S,S,S,NA,R,S,SRR3112317
ndaro,Enterobacter cloacae,SAMN04014901,PDT000290094.1,train,R,R,S,R,R,S,S,S,S,S,NA,R,S,SRR6703154
ndaro,Enterobacter cloacae,SAMN04014906,PDT000197025.1,train,R,R,S,R,R,R,R,S,S,S,NA,R,S,SRR4025858
ndaro,Enterobacter cloacae,SAMN04014906,PDT000197025.1,train,R,R,S,R,R,R,R,S,S,S,NA,R,S,SRR5168219
ndaro,Enterobacter cloacae,SAMN04014906,PDT000197025.1,train,R,R,S,R,R,R,R,S,S,S,NA,R,S,SRR5168220
ndaro,Enterobacter cloacae,SAMN04014906,PDT000197025.1,train,R,R,S,R,R,R,R,S,S,S,NA,R,S,SRR5740793
ndaro,Enterobacter cloacae,SAMN04014906,PDT000197025.1,train,R,R,S,R,R,R,R,S,S,S,NA,R,S,SRR5740794
ndaro,Enterobacter cloacae,SAMN04014913,PDT000291308.1,test,R,R,S,R,R,R,R,S,S,S,NA,R,R,SRR3290651
ndaro,Enterobacter cloacae,SAMN04014913,PDT000291308.1,test,R,R,S,R,R,R,R,S,S,S,NA,R,R,SRR6702940
ndaro,Enterobacter cloacae,SAMN04014913,PDT000291308.1,test,R,R,S,R,R,R,R,S,S,S,NA,R,R,SRR6702941
ndaro,Enterobacter cloacae,SAMN04014934,PDT000308132.1,train,R,R,R,R,R,R,R,S,R,R,NA,R,S,SRR3242024
ndaro,Enterobacter cloacae,SAMN04014934,PDT000308132.1,train,R,R,R,R,R,R,R,S,R,R,NA,R,S,SRR6818706
ndaro,Enterobacter cloacae complex sp. FDA-CDC-AR_0132,SAMN04014973,PDT000298158.1,train,R,S,S,S,S,R,S,S,R,S,NA,S,S,SRR3112290
ndaro,Enterobacter cloacae complex sp. FDA-CDC-AR_0132,SAMN04014973,PDT000298158.1,train,R,S,S,S,S,R,S,S,R,S,NA,S,S,SRR6818846
ndaro,Enterobacter cloacae,SAMN04014977,PDT000220303.1,train,R,R,R,R,R,R,R,S,R,R,NA,R,R,SRR4025988
ndaro,Enterobacter cloacae,SAMN04014977,PDT000220303.1,train,R,R,R,R,R,R,R,S,R,R,NA,R,R,SRR5168476
ndaro,Enterobacter cloacae,SAMN04014977,PDT000220303.1,train,R,R,R,R,R,R,R,S,R,R,NA,R,R,SRR5168477
ndaro,Enterobacter cloacae,SAMN04014977,PDT000220303.1,train,R,R,R,R,R,R,R,S,R,R,NA,R,R,SRR5753141
ndaro,Enterobacter cloacae,SAMN04014995,PDT000331108.1,train,R,R,R,R,R,R,R,R,R,S,NA,R,R,SRR3112297
ndaro,Enterobacter cloacae,SAMN04014995,PDT000331108.1,train,R,R,R,R,R,R,R,R,R,S,NA,R,R,SRR7253630
ndaro,Enterobacter cloacae,SAMN04015004,PDT000218725.1,train,R,R,R,R,R,R,R,R,R,R,NA,R,R,SRR4026006
ndaro,Enterobacter cloacae,SAMN04015004,PDT000218725.1,train,R,R,R,R,R,R,R,R,R,R,NA,R,R,SRR5168524
ndaro,Enterobacter cloacae,SAMN04015004,PDT000218725.1,train,R,R,R,R,R,R,R,R,R,R,NA,R,R,SRR5168525
ndaro,Enterobacter cloacae,SAMN04015004,PDT000218725.1,train,R,R,R,R,R,R,R,R,R,R,NA,R,R,SRR5746754
ndaro,Enterobacter cloacae,SAMN04015004,PDT000218725.1,train,R,R,R,R,R,R,R,R,R,R,NA,R,R,SRR5746755
ndaro,Enterobacter cloacae complex sp. FDA-CDC-AR_0164,SAMN04015005,PDT000310204.1,train,R,R,S,R,R,R,S,S,R,S,NA,R,S,SRR3112301
ndaro,Enterobacter cloacae complex sp. FDA-CDC-AR_0164,SAMN04015005,PDT000310204.1,train,R,R,S,R,R,R,S,S,R,S,NA,R,S,SRR7013053
ndaro,Enterobacter cloacae complex sp. FDA-CDC-AR_0164,SAMN04015005,PDT000310204.1,train,R,R,S,R,R,R,S,S,R,S,NA,R,S,SRR7013054
ndaro,Enterobacter cloacae,SAMN04122808,PDT000094023.4,train,NA,NA,NA,NA,NA,NA,R,S,NA,NA,NA,NA,S,SRR2544781
ndaro,Enterobacter cloacae,SAMN04448597,PDT000107972.1,train,R,R,R,R,R,R,R,S,R,R,NA,R,S,SRR3135340
ndaro,Enterobacter cloacae,SAMN04448597,PDT000107972.1,train,R,R,R,R,R,R,R,S,R,R,NA,R,S,SRR3135341
ndaro,Enterobacter cloacae,SAMN04448597,PDT000107972.1,train,R,R,R,R,R,R,R,S,R,R,NA,R,S,SRR3137245
ndaro,Enterobacter cloacae,SAMN04448597,PDT000107972.1,train,R,R,R,R,R,R,R,S,R,R,NA,R,S,SRR3137246
ndaro,Enterobacter cloacae,SAMN04448597,PDT000107972.1,train,R,R,R,R,R,R,R,S,R,R,NA,R,S,SRR3137814
ndaro,Enterobacter cloacae,SAMN04448597,PDT000107972.1,train,R,R,R,R,R,R,R,S,R,R,NA,R,S,SRR3137815
ndaro,Enterobacter cloacae,SAMN04456586,PDT000107938.2,train,NA,NA,NA,NA,NA,NA,NA,NA,NA,NA,NA,NA,S,SRR3168645
ndaro,Enterobacter hormaechei,SAMN05510455,PDT000326645.1,train,NA,NA,NA,NA,NA,NA,R,S,NA,NA,NA,NA,NA,SRR4019402
ndaro,Enterobacter hormaechei,SAMN07291508,PDT000292992.1,train,R,R,R,R,R,R,R,R,R,R,NA,R,R,SRR6807647
ndaro,Enterobacter hormaechei,SAMN07291508,PDT000292992.1,train,R,R,R,R,R,R,R,R,R,R,NA,R,R,SRR6807648
ndaro,Enterobacter hormaechei,SAMN07291509,PDT000294803.1,train,R,R,S,R,R,R,R,R,R,S,NA,R,R,SRR6799395
ndaro,Enterobacter hormaechei,SAMN07291509,PDT000294803.1,train,R,R,S,R,R,R,R,R,R,S,NA,R,R,SRR6799396
ndaro,Enterobacter roggenkampii,SAMN07291510,PDT000294802.1,test,R,R,R,R,R,R,R,S,S,R,NA,R,S,SRR6799398
ndaro,Enterobacter roggenkampii,SAMN07291510,PDT000294802.1,test,R,R,R,R,R,R,R,S,S,R,NA,R,S,SRR6799399
ndaro,Enterobacter hormaechei,SAMN07291525,PDT000311286.1,train,R,R,S,R,R,S,R,S,S,S,NA,R,S,SRR6985735
ndaro,Enterobacter hormaechei,SAMN07291525,PDT000311286.1,train,R,R,S,R,R,S,R,S,S,S,NA,R,S,SRR6985736
ndaro,Enterobacter hormaechei,SAMN07291541,PDT000336702.1,train,R,R,R,R,R,R,R,S,R,R,NA,R,R,SRR6985687
ndaro,Enterobacter hormaechei,SAMN07291541,PDT000336702.1,train,R,R,R,R,R,R,R,S,R,R,NA,R,R,SRR6985688
patric,Enterobacter cloacae,SAMEA2273117,550.655,test,NA,R,R,NA,NA,NA,NA,R,S,NA,NA,R,NA,ERR474276
patric,Enterobacter cloacae,SAMEA2273118,550.745,test,NA,R,R,NA,NA,NA,NA,S,S,NA,NA,R,NA,ERR474277
patric,Enterobacter cloacae,SAMEA2273122,550.878,test,NA,R,R,NA,NA,NA,NA,S,S,NA,NA,R,NA,ERR486101
patric,Enterobacter cloacae,SAMEA2273124,550.904,train,NA,R,R,NA,NA,NA,NA,S,S,NA,NA,S,NA,ERR486103
patric,Enterobacter cloacae,SAMEA2273125,550.907,train,NA,R,R,NA,NA,NA,NA,R,S,NA,NA,R,NA,ERR486104
patric,Enterobacter cloacae,SAMEA2273127,550.918,train,NA,R,R,NA,NA,NA,NA,S,S,NA,NA,R,NA,ERR486106
patric,Enterobacter cloacae,SAMEA2273128,550.937,train,NA,R,R,NA,NA,NA,NA,S,S,NA,NA,S,NA,ERR486107
patric,Enterobacter cloacae,SAMEA2273133,550.811,test,NA,R,R,NA,NA,NA,NA,S,S,NA,NA,R,NA,ERR486112
patric,Enterobacter cloacae,SAMEA2273134,550.815,train,NA,R,R,NA,NA,NA,NA,S,S,NA,NA,R,NA,ERR486113
patric,Enterobacter cloacae,SAMEA2273135,550.819,train,NA,R,S,NA,NA,NA,NA,S,S,NA,R,S,S,ERR486114
patric,Enterobacter cloacae,SAMEA2273136,550.823,test,NA,R,R,NA,NA,NA,NA,R,S,NA,R,R,R,ERR486115
patric,Enterobacter cloacae,SAMEA2273137,550.822,train,NA,R,R,NA,NA,NA,NA,S,S,NA,S,R,S,ERR486116
patric,Enterobacter cloacae,SAMEA2273139,550.831,test,NA,R,R,NA,NA,NA,NA,R,S,NA,R,R,R,ERR486117
patric,Enterobacter cloacae,SAMEA2273140,550.832,train,NA,R,R,NA,NA,NA,NA,S,S,NA,R,R,R,ERR486118
patric,Enterobacter cloacae,SAMEA2273141,550.834,test,NA,R,R,NA,NA,NA,NA,R,S,NA,R,R,R,ERR486119
patric,Enterobacter cloacae,SAMEA2273142,550.836,test,NA,R,R,NA,NA,NA,NA,R,S,NA,R,R,R,ERR486120
patric,Enterobacter cloacae,SAMEA2273143,550.835,test,NA,R,S,NA,NA,NA,NA,S,S,NA,R,R,S,ERR486720
patric,Enterobacter cloacae,SAMEA2273144,550.838,train,NA,S,S,NA,NA,NA,NA,S,S,NA,R,S,R,ERR486121
patric,Enterobacter cloacae,SAMEA2273145,550.837,train,NA,R,R,NA,NA,NA,NA,S,S,NA,R,R,R,ERR486122
patric,Enterobacter cloacae,SAMEA2273147,550.845,train,NA,R,S,NA,NA,NA,NA,S,S,NA,S,R,S,ERR486721
patric,Enterobacter cloacae,SAMEA2273148,550.841,train,NA,R,S,NA,NA,NA,NA,S,S,NA,S,R,S,ERR486124
patric,Enterobacter cloacae,SAMEA2273149,550.843,train,NA,R,S,NA,NA,NA,NA,R,S,NA,R,S,S,ERR486125
patric,Enterobacter cloacae,SAMEA2273150,550.846,train,NA,R,R,NA,NA,NA,NA,R,S,NA,R,S,S,ERR486126
patric,Enterobacter cloacae,SAMEA2273151,550.847,train,NA,R,R,NA,NA,NA,NA,R,S,NA,R,S,R,ERR486127
patric,Enterobacter cloacae,SAMEA2273152,550.844,train,NA,R,S,NA,NA,NA,NA,S,S,NA,R,S,R,ERR486128
patric,Enterobacter cloacae,SAMEA2273153,550.848,test,NA,S,R,NA,NA,NA,NA,S,S,NA,R,S,R,ERR486129
patric,Enterobacter cloacae,SAMEA2273154,550.849,test,NA,R,R,NA,NA,NA,NA,R,S,NA,R,R,R,ERR486130
patric,Enterobacter cloacae,SAMEA2273156,550.852,train,NA,S,R,NA,NA,NA,NA,S,S,NA,S,S,S,ERR486132
patric,Enterobacter cloacae,SAMEA2273157,550.853,train,NA,R,R,NA,NA,NA,NA,S,S,NA,S,R,S,ERR486133
patric,Enterobacter cloacae,SAMEA2273159,550.855,train,NA,S,R,NA,NA,NA,NA,S,S,NA,R,S,R,ERR486135
patric,Enterobacter cloacae,SAMEA2273160,550.856,train,NA,R,R,NA,NA,NA,NA,R,S,NA,S,S,S,ERR486136
patric,Enterobacter cloacae,SAMEA2273161,550.858,train,NA,S,R,NA,NA,NA,NA,S,S,NA,R,S,R,ERR486137
patric,Enterobacter cloacae,SAMEA2273163,550.857,train,NA,S,R,NA,NA,NA,NA,S,S,NA,R,S,S,ERR486138
patric,Enterobacter cloacae,SAMEA2273166,550.862,train,NA,R,S,NA,NA,NA,NA,S,S,NA,R,S,S,ERR486140
patric,Enterobacter cloacae,SAMEA2273169,550.864,test,NA,S,R,NA,NA,NA,NA,S,S,NA,R,S,R,ERR486142
patric,Enterobacter cloacae,SAMEA2273170,550.867,test,NA,R,R,NA,NA,NA,NA,S,S,NA,R,R,R,ERR486143
patric,Enterobacter cloacae,SAMEA2273171,550.865,train,NA,S,R,NA,NA,NA,NA,S,S,NA,R,S,R,ERR486144
patric,Enterobacter cloacae,SAMEA2273172,550.866,train,NA,R,R,NA,NA,NA,NA,R,S,NA,R,S,S,ERR486145
patric,Enterobacter cloacae,SAMEA2273177,550.869,train,NA,R,S,NA,NA,NA,NA,R,S,NA,S,S,S,ERR486149
patric,Enterobacter cloacae,SAMEA2273178,550.871,train,NA,R,R,NA,NA,NA,NA,R,S,NA,R,R,R,ERR486150
patric,Enterobacter cloacae,SAMEA2273179,550.872,train,NA,R,R,NA,NA,NA,NA,R,S,NA,S,R,S,ERR486151
patric,Enterobacter cloacae,SAMEA2273181,550.874,train,NA,R,S,NA,R,NA,NA,S,S,NA,S,R,S,ERR486152
patric,Enterobacter cloacae,SAMEA2273182,550.873,train,NA,R,S,NA,R,NA,NA,S,S,NA,R,R,R,ERR486723
patric,Enterobacter cloacae,SAMEA2273183,550.875,test,NA,R,R,NA,R,NA,NA,R,S,NA,R,R,R,ERR486724
patric,Enterobacter cloacae,SAMEA2273184,550.876,test,NA,R,R,NA,R,NA,NA,R,S,NA,S,R,S,ERR486153
patric,Enterobacter cloacae,SAMEA2273185,550.879,test,NA,R,R,NA,R,NA,NA,R,S,NA,R,R,R,ERR486154
patric,Enterobacter cloacae,SAMEA2273186,550.877,train,NA,R,R,NA,R,NA,NA,S,S,NA,S,R,S,ERR486155
patric,Enterobacter cloacae,SAMEA2273188,550.881,train,NA,R,R,NA,R,NA,NA,S,S,NA,R,R,R,ERR486157
patric,Enterobacter cloacae,SAMEA2273189,550.882,train,NA,R,S,NA,R,NA,NA,S,S,NA,S,R,S,ERR486158
patric,Enterobacter cloacae,SAMEA2273190,550.883,test,NA,R,R,NA,R,NA,NA,S,S,NA,R,R,R,ERR486159
patric,Enterobacter cloacae,SAMEA2273191,550.884,train,NA,R,R,NA,R,NA,NA,S,S,NA,R,S,R,ERR486160
patric,Enterobacter cloacae,SAMEA2273192,550.885,train,NA,R,S,NA,R,NA,NA,S,S,NA,S,R,S,ERR486161
patric,Enterobacter cloacae,SAMEA2273194,550.887,train,NA,R,R,NA,R,NA,NA,S,S,NA,R,R,S,ERR486163
patric,Enterobacter cloacae,SAMEA2273195,550.888,train,NA,R,S,NA,R,NA,NA,S,S,NA,R,R,R,ERR486164
patric,Enterobacter cloacae,SAMEA2273196,550.889,train,NA,R,S,NA,R,NA,NA,R,S,NA,R,S,R,ERR486165
patric,Enterobacter cloacae,SAMEA2273197,550.892,train,NA,R,R,NA,R,NA,NA,R,S,NA,S,S,S,ERR486166
patric,Enterobacter cloacae,SAMEA2273199,550.894,train,NA,R,R,NA,R,NA,NA,S,S,NA,S,R,S,ERR486168
patric,Enterobacter cloacae,SAMEA2273201,550.896,train,NA,R,R,NA,R,NA,NA,R,S,NA,R,R,R,ERR486169
patric,Enterobacter cloacae,SAMEA2273202,550.895,train,NA,R,R,NA,R,NA,NA,S,S,NA,R,R,R,ERR486170
patric,Enterobacter cloacae,SAMEA2273203,550.897,train,NA,R,R,NA,R,NA,NA,R,S,NA,R,R,R,ERR486171
patric,Enterobacter cloacae,SAMEA2273204,550.899,test,NA,S,R,NA,S,NA,NA,S,S,NA,R,S,R,ERR486172
patric,Enterobacter cloacae,SAMEA2273205,550.901,test,NA,R,S,NA,R,NA,NA,S,S,NA,R,R,S,ERR486173
patric,Enterobacter cloacae,SAMEA2273206,550.902,train,NA,R,R,NA,R,NA,NA,R,S,NA,S,S,R,ERR486174
patric,Enterobacter cloacae,SAMEA2273207,550.679,train,NA,R,S,NA,R,NA,NA,S,S,NA,S,R,S,ERR486175
patric,Enterobacter cloacae,SAMEA2273208,550.651,train,NA,R,R,NA,R,NA,NA,R,S,NA,R,R,R,ERR486176
patric,Enterobacter cloacae,SAMEA2273209,550.662,train,NA,R,R,NA,R,NA,NA,R,S,NA,S,S,S,ERR486177
patric,Enterobacter cloacae,SAMEA2273210,550.652,train,NA,R,R,NA,R,NA,NA,R,S,NA,R,R,R,ERR486178
patric,Enterobacter cloacae,SAMEA2273211,550.842,test,NA,R,R,NA,NA,NA,NA,R,S,NA,R,R,S,ERR486179
patric,Enterobacter cloacae,SAMEA2273212,550.672,test,NA,R,R,NA,R,NA,NA,R,S,NA,R,R,R,ERR486180
patric,Enterobacter cloacae,SAMEA2273213,550.676,train,NA,R,R,NA,R,NA,NA,S,S,NA,R,R,R,ERR486725
patric,Enterobacter cloacae,SAMEA2273216,550.908,train,NA,R,R,NA,R,NA,NA,S,S,NA,S,S,S,ERR486183
patric,Enterobacter cloacae,SAMEA2273222,550.905,train,NA,R,R,NA,R,NA,NA,R,S,NA,S,R,S,ERR486189
patric,Enterobacter cloacae,SAMEA2273223,550.906,train,NA,R,R,NA,R,NA,NA,R,S,NA,S,S,S,ERR486190
patric,Enterobacter cloacae,SAMEA2273225,550.909,train,NA,R,R,NA,R,NA,NA,R,S,NA,S,S,R,ERR486192
patric,Enterobacter cloacae,SAMEA2273226,550.911,train,NA,R,R,NA,R,NA,NA,R,S,NA,S,R,S,ERR486193
patric,Enterobacter cloacae,SAMEA2273229,550.912,train,NA,R,R,NA,R,NA,NA,R,S,NA,R,R,S,ERR474376
patric,Enterobacter cloacae,SAMEA2273230,550.914,test,NA,R,R,NA,R,NA,NA,S,S,NA,S,S,S,ERR474377
patric,Enterobacter cloacae,SAMEA2273231,550.913,train,NA,R,R,NA,R,NA,NA,R,S,NA,R,R,R,ERR474378
patric,Enterobacter cloacae,SAMEA2273232,550.915,test,NA,R,S,NA,R,NA,NA,S,R,NA,S,R,S,ERR474379
patric,Enterobacter cloacae,SAMEA2273233,550.917,test,NA,R,S,NA,R,NA,NA,S,S,NA,S,R,S,ERR474380
patric,Enterobacter cloacae,SAMEA2273234,550.916,test,NA,R,R,NA,R,NA,NA,R,S,NA,S,R,S,ERR474381
patric,Enterobacter cloacae,SAMEA2273235,550.921,train,NA,R,S,NA,R,NA,NA,S,S,NA,S,R,S,ERR474382
patric,Enterobacter cloacae,SAMEA2273237,550.919,train,NA,R,S,NA,R,NA,NA,S,S,NA,S,R,S,ERR474384
patric,Enterobacter cloacae,SAMEA2273238,550.923,train,NA,R,R,NA,R,NA,NA,S,S,NA,S,R,S,ERR474385
patric,Enterobacter cloacae,SAMEA2273239,550.925,train,NA,R,S,NA,R,NA,NA,S,S,NA,S,R,S,ERR474386
patric,Enterobacter cloacae,SAMEA2273240,550.924,train,NA,R,R,NA,R,NA,NA,S,S,NA,R,R,R,ERR474387
patric,Enterobacter cloacae,SAMEA2273241,550.926,train,NA,R,S,NA,R,NA,NA,S,S,NA,S,R,S,ERR474388
patric,Enterobacter cloacae,SAMEA2273242,550.927,train,NA,R,S,NA,R,NA,NA,S,S,NA,S,R,S,ERR474389
patric,Enterobacter cloacae,SAMEA2273243,550.928,train,NA,R,S,NA,R,NA,NA,S,S,NA,S,R,S,ERR474390
patric,Enterobacter cloacae,SAMEA2273245,550.931,train,NA,R,R,NA,R,NA,NA,R,S,NA,R,R,R,ERR474392
patric,Enterobacter cloacae,SAMEA2273246,550.932,train,NA,R,R,NA,R,NA,NA,S,S,NA,R,R,R,ERR474393
patric,Enterobacter cloacae,SAMEA2273247,550.933,train,NA,R,S,NA,R,NA,NA,S,S,NA,S,R,S,ERR474394
patric,Enterobacter cloacae,SAMEA2273248,550.934,train,NA,R,S,NA,R,NA,NA,R,S,NA,S,R,S,ERR474395
patric,Enterobacter cloacae,SAMEA2273249,550.935,train,NA,R,S,NA,R,NA,NA,S,S,NA,S,R,S,ERR474396
patric,Enterobacter cloacae,SAMEA2273250,550.936,train,NA,R,S,NA,R,NA,NA,R,S,NA,S,R,S,ERR486726
patric,Enterobacter cloacae,SAMEA2273252,550.939,train,NA,R,R,NA,R,NA,NA,R,R,NA,S,S,S,ERR474398
patric,Enterobacter cloacae,SAMEA2273253,550.938,train,NA,R,R,NA,R,NA,NA,S,S,NA,R,R,R,ERR474399
patric,Enterobacter cloacae,SAMEA2273254,550.943,test,NA,R,R,NA,R,NA,NA,R,S,NA,R,R,R,ERR474400
patric,Enterobacter cloacae,SAMEA2273256,550.941,train,NA,R,R,NA,R,NA,NA,S,S,NA,R,R,R,ERR474402
patric,Enterobacter cloacae,SAMEA2273258,550.942,train,NA,R,R,NA,R,NA,NA,S,S,NA,R,R,R,ERR474404
patric,Enterobacter cloacae,SAMEA2273259,550.944,train,NA,R,R,NA,R,NA,NA,S,S,NA,S,R,S,ERR474405
patric,Enterobacter cloacae,SAMEA2273260,550.946,train,NA,R,R,NA,R,NA,NA,S,S,NA,S,S,S,ERR474406
patric,Enterobacter cloacae,SAMEA2273261,550.945,test,NA,R,S,NA,R,NA,NA,S,S,NA,S,R,S,ERR474407
patric,Enterobacter cloacae,SAMEA2273262,550.948,train,NA,R,R,NA,R,NA,NA,S,S,NA,S,R,S,ERR474408
patric,Enterobacter cloacae,SAMEA2273263,550.949,train,NA,R,S,NA,R,NA,NA,S,S,NA,S,R,S,ERR474409
patric,Enterobacter cloacae,SAMEA2273265,550.951,train,NA,S,S,NA,R,NA,NA,R,S,NA,S,S,R,ERR474411
patric,Enterobacter cloacae,SAMEA2273266,550.954,test,NA,R,S,NA,R,NA,NA,S,S,NA,S,R,S,ERR474412
patric,Enterobacter cloacae,SAMEA2273267,550.952,test,NA,R,S,NA,R,NA,NA,S,S,NA,S,R,S,ERR474413
patric,Enterobacter cloacae,SAMEA2273268,550.953,train,NA,R,S,NA,R,NA,NA,R,S,NA,S,R,R,ERR474414
patric,Enterobacter cloacae,SAMEA2273269,550.955,train,NA,R,S,NA,R,NA,NA,R,S,NA,R,S,R,ERR474415
patric,Enterobacter cloacae,SAMEA2273270,550.957,train,NA,R,S,NA,R,NA,NA,S,S,NA,S,R,S,ERR474416
patric,Enterobacter cloacae,SAMEA2273271,550.958,train,NA,R,R,NA,R,NA,NA,R,S,NA,S,R,S,ERR474417
patric,Enterobacter cloacae,SAMEA2273272,550.959,test,NA,R,S,NA,R,NA,NA,S,S,NA,S,R,S,ERR474418
patric,Enterobacter cloacae,SAMEA2273275,550.961,train,NA,R,R,NA,R,NA,NA,R,S,NA,S,S,S,ERR474421
patric,Enterobacter cloacae,SAMEA2273277,550.964,train,NA,R,S,NA,R,NA,NA,S,S,NA,R,R,R,ERR474423
patric,Enterobacter cloacae,SAMEA2273278,550.962,test,NA,R,R,NA,R,NA,NA,S,S,NA,R,R,R,ERR474424
patric,Enterobacter cloacae,SAMEA2273279,550.963,test,NA,R,S,NA,R,NA,NA,S,S,NA,S,R,S,ERR474425
patric,Enterobacter cloacae,SAMEA2273281,550.677,train,NA,R,S,NA,R,NA,NA,S,S,NA,S,R,S,ERR474427
patric,Enterobacter cloacae,SAMEA2273285,550.654,train,NA,S,R,NA,R,NA,NA,S,S,NA,S,S,S,ERR474431
patric,Enterobacter cloacae,SAMEA2273286,550.681,train,NA,R,S,NA,R,NA,NA,S,S,NA,S,R,S,ERR474432
patric,Enterobacter cloacae,SAMEA2273287,550.678,train,NA,R,R,NA,R,NA,NA,R,S,NA,S,R,S,ERR474433
patric,Enterobacter cloacae,SAMEA2273291,550.648,train,NA,R,R,NA,R,NA,NA,S,S,NA,R,R,R,ERR474437
patric,Enterobacter cloacae,SAMEA2273292,550.644,train,NA,R,R,NA,R,NA,NA,R,S,NA,R,R,R,ERR474438
patric,Enterobacter cloacae,SAMEA2273295,550.659,train,NA,R,S,NA,R,NA,NA,S,S,NA,S,R,S,ERR474441
patric,Enterobacter cloacae,SAMEA2273296,550.664,train,NA,R,R,NA,R,NA,NA,S,S,NA,S,R,R,ERR474442
patric,Enterobacter cloacae,SAMEA2273297,550.671,test,NA,S,R,NA,R,NA,NA,S,S,NA,R,S,R,ERR474443
patric,Enterobacter cloacae,SAMEA2273298,550.684,train,NA,R,R,NA,R,NA,NA,R,S,NA,R,R,S,ERR474444
patric,Enterobacter cloacae,SAMEA2273300,550.647,test,NA,R,R,NA,R,NA,NA,R,S,NA,R,R,R,ERR474446
patric,Enterobacter cloacae,SAMEA2273301,550.673,train,NA,R,S,NA,R,NA,NA,S,S,NA,S,R,R,ERR474447
patric,Enterobacter cloacae,SAMEA2273302,550.675,train,NA,R,S,NA,R,NA,NA,S,S,NA,R,R,S,ERR474448
patric,Enterobacter cloacae,SAMEA2273305,550.669,train,NA,R,R,NA,R,NA,NA,R,S,NA,R,R,R,ERR474451
patric,Enterobacter cloacae,SAMEA2273306,550.668,test,NA,R,R,NA,R,NA,NA,S,S,NA,R,R,R,ERR474452
patric,Enterobacter cloacae,SAMEA2273307,550.666,train,NA,R,R,NA,R,NA,NA,R,S,NA,R,R,R,ERR474453
patric,Enterobacter cloacae,SAMEA2273310,550.667,test,NA,R,R,NA,R,NA,NA,R,S,NA,R,R,R,ERR474456
patric,Enterobacter cloacae,SAMEA2273311,550.686,train,NA,R,R,NA,R,NA,NA,R,S,NA,R,S,R,ERR474457
patric,Enterobacter cloacae,SAMEA2273313,550.663,train,NA,R,R,NA,R,NA,NA,R,S,NA,S,S,S,ERR474459
patric,Enterobacter cloacae,SAMEA2273314,550.656,train,NA,R,R,NA,R,NA,NA,S,S,NA,R,S,R,ERR474460
patric,Enterobacter cloacae,SAMEA2273316,550.649,train,NA,S,R,NA,S,NA,NA,S,S,NA,R,R,R,ERR474462
patric,Enterobacter cloacae,SAMEA2273317,550.645,test,NA,R,R,NA,R,NA,NA,S,S,NA,S,S,S,ERR474463
patric,Enterobacter cloacae,SAMEA2273318,550.688,train,NA,R,S,NA,R,NA,NA,S,S,NA,S,R,S,ERR474464
patric,Enterobacter cloacae,SAMEA2273320,550.653,train,NA,R,S,NA,R,NA,NA,S,S,NA,R,R,R,ERR474466
patric,Enterobacter cloacae,SAMEA2273321,550.646,train,NA,R,S,NA,R,NA,NA,S,S,NA,S,R,S,ERR474281
patric,Enterobacter cloacae,SAMEA2273322,550.643,test,NA,R,R,NA,R,NA,NA,R,S,NA,R,R,R,ERR474282
patric,Enterobacter cloacae,SAMEA2273323,550.687,test,NA,R,R,NA,R,NA,NA,S,R,NA,R,R,R,ERR474283
patric,Enterobacter cloacae,SAMEA2273324,550.689,test,NA,R,R,NA,R,NA,NA,R,S,NA,R,R,R,ERR486727
patric,Enterobacter cloacae,SAMEA2273329,550.691,train,NA,R,R,NA,R,NA,NA,R,S,NA,R,S,R,ERR474288
patric,Enterobacter cloacae,SAMEA2273330,550.692,train,NA,R,S,NA,R,NA,NA,S,S,NA,S,R,S,ERR474289
patric,Enterobacter cloacae,SAMEA2273331,550.693,test,NA,R,S,NA,R,NA,NA,S,S,NA,S,R,S,ERR474290
patric,Enterobacter cloacae,SAMEA2273332,550.694,train,NA,R,S,NA,R,NA,NA,S,S,NA,R,S,R,ERR474291
patric,Enterobacter cloacae,SAMEA2273333,550.696,train,NA,S,R,NA,S,NA,NA,R,S,NA,R,S,R,ERR474292
patric,Enterobacter cloacae,SAMEA2273334,550.697,train,NA,R,R,NA,R,NA,NA,R,S,NA,R,R,R,ERR474293
patric,Enterobacter cloacae,SAMEA2273335,550.698,test,NA,R,S,NA,R,NA,NA,S,S,NA,S,R,S,ERR474294
patric,Enterobacter cloacae,SAMEA2273337,550.699,test,NA,R,R,NA,R,NA,NA,R,S,NA,R,S,R,ERR474296
patric,Enterobacter cloacae,SAMEA2273338,550.701,train,NA,R,S,NA,R,NA,NA,S,S,NA,S,R,S,ERR486728
patric,Enterobacter cloacae,SAMEA2273339,550.702,train,NA,R,S,NA,R,NA,NA,S,S,NA,S,R,S,ERR474297
patric,Enterobacter cloacae,SAMEA2273340,550.703,train,NA,S,S,NA,R,NA,NA,S,S,NA,R,S,R,ERR474298
patric,Enterobacter cloacae,SAMEA2273341,550.704,train,NA,R,S,NA,R,NA,NA,S,S,NA,R,S,S,ERR474299
patric,Enterobacter cloacae,SAMEA2273342,550.705,test,NA,S,R,NA,S,NA,NA,R,S,NA,R,R,R,ERR474300
patric,Enterobacter cloacae,SAMEA2273343,550.706,train,NA,R,R,NA,R,NA,NA,R,S,NA,R,R,R,ERR474301
patric,Enterobacter cloacae,SAMEA2273344,550.707,train,NA,R,R,NA,R,NA,NA,S,S,NA,R,R,R,ERR474302
patric,Enterobacter cloacae,SAMEA2273345,550.708,test,NA,R,R,NA,R,NA,NA,R,S,NA,R,R,R,ERR474303
patric,Enterobacter cloacae,SAMEA2273347,550.711,train,NA,R,R,NA,R,NA,NA,S,S,NA,R,R,S,ERR474305
patric,Enterobacter cloacae,SAMEA2273348,550.709,train,NA,R,S,NA,R,NA,NA,S,S,NA,R,R,R,ERR474306
patric,Enterobacter cloacae,SAMEA2273351,550.714,train,NA,R,S,NA,R,NA,NA,S,S,NA,S,R,S,ERR474309
patric,Enterobacter cloacae,SAMEA2273352,550.716,train,NA,R,R,NA,R,NA,NA,R,S,NA,R,R,R,ERR474310
patric,Enterobacter cloacae,SAMEA2273353,550.715,train,NA,R,S,NA,R,NA,NA,S,S,NA,S,S,S,ERR474311
patric,Enterobacter cloacae,SAMEA2273356,550.717,train,NA,R,R,NA,R,NA,NA,S,S,NA,S,S,S,ERR474314
patric,Enterobacter cloacae,SAMEA2273357,550.719,train,NA,R,R,NA,R,NA,NA,R,S,NA,R,S,R,ERR474315
patric,Enterobacter cloacae,SAMEA2273360,550.718,train,NA,R,R,NA,R,NA,NA,R,S,NA,R,R,R,ERR474318
patric,Enterobacter cloacae,SAMEA2273362,550.721,train,NA,R,R,NA,R,NA,NA,R,S,NA,R,R,R,ERR474320
patric,Enterobacter cloacae,SAMEA2273363,550.722,test,NA,R,R,NA,R,NA,NA,R,S,NA,R,R,S,ERR474321
patric,Enterobacter cloacae,SAMEA2273364,550.725,train,NA,R,R,NA,R,NA,NA,R,S,NA,R,S,S,ERR474322
patric,Enterobacter cloacae,SAMEA2273366,550.723,train,NA,R,R,NA,R,NA,NA,R,S,NA,R,R,R,ERR474324
patric,Enterobacter cloacae,SAMEA2273367,550.724,test,NA,S,R,NA,S,NA,NA,S,S,NA,R,S,R,ERR474325
patric,Enterobacter cloacae,SAMEA2273369,550.674,train,NA,R,R,NA,R,NA,NA,R,S,NA,R,S,R,ERR474327
patric,Enterobacter cloacae,SAMEA2273370,550.683,train,NA,R,S,NA,R,NA,NA,S,S,NA,S,R,S,ERR474328
patric,Enterobacter cloacae,SAMEA2273371,550.727,test,NA,R,R,NA,R,NA,NA,S,S,NA,S,R,S,ERR474329
patric,Enterobacter cloacae,SAMEA2273372,550.726,train,NA,R,S,NA,R,NA,NA,S,S,NA,S,R,S,ERR486729
patric,Enterobacter cloacae,SAMEA2273373,550.728,train,NA,R,S,NA,R,NA,NA,S,S,NA,R,R,R,ERR474330
patric,Enterobacter cloacae,SAMEA2273376,550.729,train,NA,R,S,NA,R,NA,NA,S,S,NA,S,R,S,ERR474333
patric,Enterobacter cloacae,SAMEA2273378,550.731,train,NA,R,S,NA,R,NA,NA,S,S,NA,S,R,S,ERR474335
patric,Enterobacter cloacae,SAMEA2273380,550.732,train,NA,S,S,NA,R,NA,NA,S,S,NA,S,S,S,ERR474337
patric,Enterobacter cloacae,SAMEA2273381,550.733,train,NA,R,R,NA,R,NA,NA,S,S,NA,S,R,R,ERR474338
patric,Enterobacter cloacae,SAMEA2273384,550.758,train,NA,R,R,NA,R,NA,NA,R,S,NA,R,R,S,ERR474341
patric,Enterobacter cloacae,SAMEA2273385,550.734,train,NA,R,R,NA,R,NA,NA,R,S,NA,S,R,S,ERR474342
patric,Enterobacter cloacae,SAMEA2273386,550.735,train,NA,R,S,NA,R,NA,NA,S,S,NA,S,R,S,ERR474343
patric,Enterobacter cloacae,SAMEA2273387,550.759,train,NA,S,R,NA,R,NA,NA,S,S,NA,R,S,R,ERR486730
patric,Enterobacter cloacae,SAMEA2273388,550.737,train,NA,R,R,NA,R,NA,NA,S,S,NA,R,R,R,ERR474344
patric,Enterobacter cloacae,SAMEA2273392,550.739,train,NA,R,S,NA,R,NA,NA,S,S,NA,S,R,S,ERR474348
patric,Enterobacter cloacae,SAMEA2273394,550.761,test,NA,R,S,NA,R,NA,NA,S,S,NA,S,R,S,ERR474349
patric,Enterobacter cloacae,SAMEA2273396,550.742,train,NA,S,R,NA,R,NA,NA,S,S,NA,S,S,R,ERR474351
patric,Enterobacter cloacae,SAMEA2273397,550.762,test,NA,S,R,NA,S,NA,NA,S,S,NA,R,S,R,ERR474352
patric,Enterobacter cloacae,SAMEA2273398,550.743,train,NA,R,S,NA,R,NA,NA,S,S,NA,S,R,S,ERR474353
patric,Enterobacter cloacae,SAMEA2273399,550.744,train,NA,R,S,NA,R,NA,NA,S,S,NA,S,R,S,ERR474354
patric,Enterobacter cloacae,SAMEA2273400,550.763,train,NA,S,R,NA,R,NA,NA,S,S,NA,R,S,R,ERR474355
patric,Enterobacter cloacae,SAMEA2273402,550.764,train,NA,S,R,NA,R,NA,NA,R,S,NA,R,S,R,ERR474357
patric,Enterobacter cloacae,SAMEA2273403,550.765,train,NA,R,R,NA,R,NA,NA,S,S,NA,R,S,S,ERR486732
patric,Enterobacter cloacae,SAMEA2273405,550.766,train,NA,S,R,NA,R,NA,NA,S,S,NA,R,S,R,ERR474359
patric,Enterobacter cloacae,SAMEA2273406,550.767,train,NA,S,R,NA,S,NA,NA,S,S,NA,R,S,R,ERR474360
patric,Enterobacter cloacae,SAMEA2273407,550.768,train,NA,S,S,NA,S,NA,NA,S,S,NA,R,S,R,ERR474361
patric,Enterobacter cloacae,SAMEA2273409,550.772,train,NA,R,S,NA,R,NA,NA,S,S,NA,R,R,R,ERR474363
patric,Enterobacter cloacae,SAMEA2273412,550.771,train,NA,R,S,NA,R,NA,NA,S,S,NA,R,R,R,ERR474365
patric,Enterobacter cloacae,SAMEA2273413,550.774,test,NA,R,R,NA,R,NA,NA,R,S,NA,R,R,S,ERR474366
patric,Enterobacter cloacae,SAMEA2273414,550.773,train,NA,R,R,NA,R,NA,NA,R,S,NA,S,S,S,ERR474367
patric,Enterobacter cloacae,SAMEA2273415,550.775,train,NA,S,R,NA,R,NA,NA,S,S,NA,S,S,S,ERR474368
patric,Enterobacter cloacae,SAMEA2273416,550.776,train,NA,R,R,NA,R,NA,NA,R,S,NA,S,S,S,ERR474369
patric,Enterobacter cloacae,SAMEA2273418,550.746,train,NA,S,S,NA,R,NA,NA,S,S,NA,R,S,R,ERR474371
patric,Enterobacter cloacae,SAMEA2273419,550.748,train,NA,R,R,NA,R,NA,NA,S,S,NA,S,S,S,ERR474372
patric,Enterobacter cloacae,SAMEA2273420,550.778,train,NA,R,R,NA,R,NA,NA,R,S,NA,S,S,S,ERR474373
patric,Enterobacter cloacae,SAMEA2273421,550.747,train,NA,R,R,NA,R,NA,NA,R,S,NA,R,R,R,ERR486194
patric,Enterobacter cloacae,SAMEA2273422,550.779,train,NA,R,R,NA,R,NA,NA,S,S,NA,R,R,R,ERR486195
patric,Enterobacter cloacae,SAMEA2273425,550.781,test,NA,R,R,NA,R,NA,NA,S,S,NA,S,S,S,ERR486734
patric,Enterobacter cloacae,SAMEA2273426,550.782,train,NA,R,R,NA,R,NA,NA,R,S,NA,R,S,R,ERR486735
patric,Enterobacter cloacae,SAMEA2273427,550.786,train,NA,R,R,NA,R,NA,NA,R,S,NA,R,S,R,ERR486736
patric,Enterobacter cloacae,SAMEA2273428,550.784,train,NA,R,R,NA,R,NA,NA,S,S,NA,S,R,S,ERR486198
patric,Enterobacter cloacae,SAMEA2273429,550.785,train,NA,R,R,NA,R,NA,NA,R,S,NA,S,R,S,ERR486199
patric,Enterobacter cloacae,SAMEA2273430,550.783,train,NA,R,R,NA,R,NA,NA,R,S,NA,S,S,S,ERR486200
patric,Enterobacter cloacae,SAMEA2273431,550.787,train,NA,R,R,NA,R,NA,NA,S,S,NA,R,R,R,ERR486201
patric,Enterobacter cloacae,SAMEA2273432,550.791,train,NA,R,R,NA,R,NA,NA,S,S,NA,S,R,S,ERR486202
patric,Enterobacter cloacae,SAMEA2273433,550.788,test,NA,R,R,NA,R,NA,NA,S,S,NA,R,R,R,ERR486203
patric,Enterobacter cloacae,SAMEA2273434,550.789,test,NA,R,R,NA,R,NA,NA,R,S,NA,S,S,R,ERR486204
patric,Enterobacter cloacae,SAMEA2273436,550.792,train,NA,R,R,NA,R,NA,NA,S,S,NA,R,R,R,ERR486206
patric,Enterobacter cloacae,SAMEA2273437,550.794,train,NA,R,S,NA,R,NA,NA,S,S,NA,R,R,R,ERR486207
patric,Enterobacter cloacae,SAMEA2273438,550.793,test,NA,R,R,NA,R,NA,NA,S,R,NA,R,R,R,ERR486208
patric,Enterobacter cloacae,SAMEA2273439,550.795,train,NA,R,R,NA,R,NA,NA,S,S,NA,S,R,S,ERR486209
patric,Enterobacter cloacae,SAMEA2273440,550.798,train,NA,R,R,NA,R,NA,NA,S,S,NA,R,R,R,ERR486210
patric,Enterobacter cloacae,SAMEA2273441,550.796,train,NA,R,R,NA,R,NA,NA,R,S,NA,R,R,R,ERR486211
patric,Enterobacter cloacae,SAMEA2273442,550.797,train,NA,R,R,NA,R,NA,NA,S,S,NA,R,S,R,ERR486212
patric,Enterobacter cloacae,SAMEA2273443,550.801,test,NA,S,R,NA,R,NA,NA,S,R,NA,R,S,S,ERR486213
patric,Enterobacter cloacae,SAMEA2273446,550.802,train,NA,R,R,NA,R,NA,NA,R,S,NA,R,S,R,ERR486216
patric,Enterobacter cloacae,SAMEA2273447,550.803,train,NA,R,R,NA,R,NA,NA,R,S,NA,R,R,S,ERR486217
patric,Enterobacter cloacae,SAMEA2273448,550.804,train,NA,R,R,NA,R,NA,NA,R,S,NA,S,S,S,ERR486218
patric,Enterobacter cloacae,SAMEA2273449,550.805,train,NA,R,R,NA,R,NA,NA,R,S,NA,R,R,R,ERR486219
patric,Enterobacter cloacae,SAMEA2273450,550.806,train,NA,S,R,NA,R,NA,NA,S,S,NA,R,S,R,ERR486220
patric,Enterobacter cloacae,SAMEA2273451,550.807,train,NA,S,S,NA,R,NA,NA,S,S,NA,R,S,R,ERR486221
patric,Enterobacter cloacae,SAMEA2273452,550.809,train,NA,S,S,NA,R,NA,NA,S,R,NA,S,R,S,ERR486222
patric,Enterobacter cloacae,SAMEA2273453,550.808,train,NA,R,R,NA,R,NA,NA,S,R,NA,R,R,R,ERR486223
patric,Enterobacter cloacae,SAMEA2273457,550.817,train,NA,S,R,NA,S,NA,NA,R,S,NA,R,S,R,ERR486227
patric,Enterobacter cloacae,SAMEA2273458,550.813,train,NA,R,S,NA,R,NA,NA,R,S,NA,R,R,R,ERR486228
patric,Enterobacter cloacae,SAMEA2273459,550.816,test,NA,R,R,NA,R,NA,NA,R,S,NA,R,R,R,ERR486229
patric,Enterobacter cloacae,SAMEA2273461,550.818,train,NA,R,R,NA,R,NA,NA,R,S,NA,S,S,S,ERR486231
patric,Enterobacter cloacae,SAMEA2273463,550.821,train,NA,R,S,NA,R,NA,NA,S,S,NA,R,R,S,ERR486233
patric,Enterobacter cloacae,SAMEA2273464,550.824,train,NA,R,R,NA,R,NA,NA,R,S,NA,R,S,R,ERR486234
patric,Enterobacter cloacae,SAMEA2273466,550.827,train,NA,R,R,NA,R,NA,NA,S,S,NA,R,R,R,ERR486236
patric,Enterobacter cloacae,SAMEA2273467,550.826,train,NA,S,S,NA,R,NA,NA,S,S,NA,R,S,R,ERR486237
patric,Enterobacter cloacae,SAMEA2273468,550.828,train,NA,R,S,NA,R,NA,NA,S,S,NA,S,R,S,ERR486238
patric,Enterobacter cloacae,SAMEA2273469,550.829,train,NA,R,R,NA,R,NA,NA,S,S,NA,S,R,R,ERR486239
patric,Enterobacter cloacae,SAMEA2273471,550.868,train,NA,R,S,NA,NA,NA,NA,S,S,NA,S,R,S,ERR486241
patric,Enterobacter cloacae,SAMEA2273473,550.812,test,NA,R,R,NA,NA,NA,NA,S,S,NA,NA,S,NA,ERR486243
patric,Enterobacter cloacae,SAMEA2273474,550.825,test,NA,R,S,NA,NA,NA,NA,S,S,NA,S,R,S,ERR486244
patric,Enterobacter cloacae,SAMEA2273475,550.839,train,NA,R,S,NA,NA,NA,NA,S,S,NA,S,R,S,ERR486737
patric,Enterobacter cloacae,SAMEA2273477,550.851,test,NA,R,S,NA,NA,NA,NA,S,S,NA,R,S,S,ERR486246
patric,Enterobacter cloacae,SAMEA2273479,550.658,train,NA,R,S,NA,R,NA,NA,R,S,NA,R,R,R,ERR486248
patric,Enterobacter cloacae,SAMEA2273480,550.903,train,NA,R,R,NA,R,NA,NA,S,S,NA,R,R,R,ERR486249
patric,Enterobacter cloacae,SAMEA2273481,550.922,test,NA,R,R,NA,R,NA,NA,R,S,NA,R,R,R,ERR486250
patric,Enterobacter cloacae,SAMEA2273482,550.929,test,NA,R,R,NA,R,NA,NA,S,S,NA,S,R,R,ERR486251
patric,Enterobacter cloacae,SAMEA2273483,550.947,train,NA,R,R,NA,R,NA,NA,S,S,NA,R,R,R,ERR486738
patric,Enterobacter cloacae,SAMEA2273484,550.956,test,NA,S,R,NA,R,NA,NA,R,S,NA,S,R,R,ERR486739
patric,Enterobacter cloacae,SAMEA2273485,550.661,train,NA,R,R,NA,R,NA,NA,R,S,NA,R,R,R,ERR486252
patric,Enterobacter cloacae,SAMEA2273486,550.665,test,NA,R,R,NA,R,NA,NA,S,S,NA,R,R,R,ERR486253
patric,Enterobacter cloacae,SAMEA2273487,550.682,test,NA,R,R,NA,R,NA,NA,R,S,NA,R,R,R,ERR486740
patric,Enterobacter cloacae,SAMEA2273488,550.898,train,NA,R,S,NA,R,NA,NA,S,S,NA,R,R,S,ERR486254
patric,Enterobacter cloacae,SAMEA2273489,550.893,train,NA,R,R,NA,R,NA,NA,S,S,NA,R,R,R,ERR486255
patric,Enterobacter cloacae,SAMEA2273491,550.891,train,NA,R,R,NA,R,NA,NA,R,S,NA,R,S,R,ERR486741
patric,Enterobacter cloacae,SAMEA2273494,550.886,train,NA,R,R,NA,R,NA,NA,S,S,NA,R,R,S,ERR486259
patric,Enterobacter cloacae,SAMEA2273495,550.863,train,NA,S,S,NA,NA,NA,NA,S,S,NA,S,S,S,ERR486742
patric,Enterobacter cloacae,SAMEA2273496,550.859,train,NA,R,R,NA,NA,NA,NA,S,S,NA,R,R,S,ERR486260
patric,Enterobacter cloacae,SAMEA2273497,550.685,train,NA,R,S,NA,R,NA,NA,S,S,NA,R,R,S,ERR486743
patric,Enterobacter cloacae,SAMEA2273498,550.695,test,NA,R,R,NA,R,NA,NA,S,S,NA,R,S,R,ERR486261
patric,Enterobacter cloacae,SAMEA2273499,550.712,train,NA,R,S,NA,R,NA,NA,S,S,NA,S,R,S,ERR486262
patric,Enterobacter cloacae,SAMEA2273503,550.736,train,NA,R,R,NA,R,NA,NA,S,S,NA,R,S,R,ERR486744
patric,Enterobacter cloacae,SAMEA2273505,550.833,train,NA,S,R,NA,R,NA,NA,R,S,NA,S,S,S,ERR486745
patric,Enterobacter cloacae,SAMEA2273506,550.777,train,NA,R,R,NA,R,NA,NA,R,S,NA,R,S,R,ERR486267
patric,Enterobacter cloacae,SAMEA2273507,550.657,test,NA,R,S,NA,R,NA,NA,R,S,NA,R,R,R,ERR486268
patric,Enterobacter cloacae,SAMEA2273508,550.814,train,NA,R,R,NA,R,NA,NA,S,S,NA,R,R,R,ERR486269
patric,Enterobacter cloacae,SAMEA2273510,550.799,train,NA,R,R,NA,R,NA,NA,S,S,NA,R,S,R,ERR486271
patric,Enterobacter cloacae,SAMEA2273512,550.738,train,NA,R,R,NA,R,NA,NA,S,S,NA,R,R,R,ERR486272
patric,Enterobacter cloacae,SAMEA2273513,550.741,train,NA,S,S,NA,R,NA,NA,S,S,NA,S,R,S,ERR486747
patric,Enterobacter cloacae,SAMEA2273514,550.769,test,NA,R,R,NA,R,NA,NA,S,S,NA,S,R,R,ERR486748
patric,Enterobacter sp. BWH 39,SAMN02138601,1329837.3,test,NA,NA,NA,NA,NA,NA,NA,NA,NA,NA,NA,NA,NA,SRR850691
patric,Enterobacter sp. BWH 39,SAMN02138601,1329837.3,test,NA,NA,NA,NA,NA,NA,NA,NA,NA,NA,NA,NA,NA,SRR850692
patric,Enterobacter sp. BWH 39,SAMN02138601,1329837.3,test,NA,NA,NA,NA,NA,NA,NA,NA,NA,NA,NA,NA,NA,SRR850693
patric,Enterobacter sp. BWH 39,SAMN02138601,1329837.3,test,NA,NA,NA,NA,NA,NA,NA,NA,NA,NA,NA,NA,NA,SRR850694
patric,Enterobacter cloacae UCI 35,SAMN02356615,1400150.3,train,NA,R,R,NA,R,R,NA,S,R,NA,NA,NA,NA,SRR1010877
patric,Enterobacter cloacae UCI 35,SAMN02356615,1400150.3,train,NA,R,R,NA,R,R,NA,S,R,NA,NA,NA,NA,SRR1010878
patric,Enterobacter cloacae UCI 35,SAMN02356615,1400150.3,train,NA,R,R,NA,R,R,NA,S,R,NA,NA,NA,NA,SRR999473
patric,Enterobacter cloacae UCI 35,SAMN02356615,1400150.3,train,NA,R,R,NA,R,R,NA,S,R,NA,NA,NA,NA,SRR999474
patric,Enterobacter cloacae UCI 40,SAMN02356620,1400153.4,test,NA,S,S,NA,S,S,NA,S,S,NA,NA,NA,NA,SRR1010883
patric,Enterobacter cloacae UCI 40,SAMN02356620,1400153.4,test,NA,S,S,NA,S,S,NA,S,S,NA,NA,NA,NA,SRR1010884
patric,Enterobacter cloacae UCI 40,SAMN02356620,1400153.4,test,NA,S,S,NA,S,S,NA,S,S,NA,NA,NA,NA,SRR999479
patric,Enterobacter cloacae UCI 40,SAMN02356620,1400153.4,test,NA,S,S,NA,S,S,NA,S,S,NA,NA,NA,NA,SRR999480
patric,Enterobacter cloacae,SAMN04014849,550.2125,train,R,R,R,R,R,R,R,S,S,R,NA,R,R,SRR4025842
patric,Enterobacter cloacae,SAMN04014914,550.1668,test,S,R,S,R,R,S,S,S,S,S,NA,R,S,SRR3112323
patric,Enterobacter cloacae,SAMN04014914,550.1668,test,S,R,S,R,R,S,S,S,S,S,NA,R,S,SRR7819368
patric,Enterobacter cloacae,SAMN04014914,550.1668,test,S,R,S,R,R,S,S,S,S,S,NA,R,S,SRR7819369
patric,Enterobacter cloacae,SAMN04096280,550.2106,train,NA,NA,NA,NA,NA,NA,R,S,NA,NA,NA,NA,S,SRR2449301
patric,Enterobacter asburiae,SAMN04122811,61645.207,train,NA,NA,NA,NA,NA,R,NA,NA,NA,NA,NA,NA,S,SRR2544783
patric,Enterobacter hormaechei,SAMN04252889,158836.8,train,NA,NA,NA,NA,NA,S,NA,NA,NA,NA,NA,NA,NA,SRR2960057
patric,Enterobacter hormaechei,SAMN04252893,158836.9,train,NA,NA,NA,NA,NA,R,NA,NA,NA,NA,NA,NA,NA,SRR2960061
patric,Enterobacter hormaechei,SAMN04252894,158836.13,train,NA,NA,NA,NA,NA,R,NA,NA,NA,NA,NA,NA,NA,SRR2960062
patric,Enterobacter hormaechei,SAMN04252894,158836.13,train,NA,NA,NA,NA,NA,R,NA,NA,NA,NA,NA,NA,NA,SRR2960063
patric,Enterobacter asburiae,SAMN04252909,61645.77,test,NA,NA,NA,NA,NA,R,NA,NA,NA,NA,NA,NA,NA,SRR2960079
patric,Enterobacter hormaechei,SAMN04252917,158836.11,train,NA,NA,NA,NA,NA,R,NA,NA,NA,NA,NA,NA,NA,SRR2960089
patric,Enterobacter kobei,SAMN04252923,208224.4,test,NA,NA,NA,NA,NA,R,NA,NA,NA,NA,NA,NA,NA,SRR2960103
patric,Enterobacter cloacae,SAMN04252941,550.508,train,NA,NA,NA,NA,NA,R,NA,NA,NA,NA,NA,NA,NA,SRR2960137
patric,Enterobacter cloacae,SAMN04252950,550.509,train,NA,NA,NA,NA,NA,R,NA,NA,NA,NA,NA,NA,NA,SRR2960148
patric,Enterobacter hormaechei,SAMN04252953,158836.12,train,NA,NA,NA,NA,NA,R,NA,NA,NA,NA,NA,NA,NA,SRR2960151
patric,Enterobacter cloacae,SAMN04339729,550.2109,train,NA,NA,S,NA,NA,NA,R,S,NA,S,NA,NA,S,SRR3057127
patric,Enterobacter cloacae,SAMN04393385,550.2108,train,NA,NA,S,NA,NA,S,NA,S,NA,S,NA,NA,S,SRR3095377
patric,Enterobacter cloacae,SAMN04430988,550.534,train,NA,R,R,R,R,R,R,NA,R,S,NA,R,NA,SRR3110103
patric,Enterobacter cloacae,SAMN04430989,550.536,train,NA,R,R,R,R,R,R,NA,S,S,NA,S,NA,SRR3110104
patric,Enterobacter cloacae,SAMN04430990,550.533,test,NA,R,R,R,R,R,R,NA,R,R,NA,R,NA,SRR3110105
patric,Enterobacter cloacae,SAMN04430991,550.537,train,NA,R,R,R,R,R,R,NA,R,R,NA,R,NA,SRR3110106
patric,Enterobacter cloacae,SAMN04430992,550.535,train,NA,R,R,R,R,R,R,NA,R,R,NA,R,NA,SRR3110107
patric,Enterobacter cloacae,SAMN04430993,550.545,test,NA,R,R,R,R,R,R,NA,R,R,NA,R,NA,SRR3110108
patric,Enterobacter cloacae,SAMN04430994,550.563,train,NA,R,R,R,R,R,R,NA,R,R,NA,R,NA,SRR3110109
patric,Enterobacter asburiae,SAMN04430996,61645.87,train,NA,R,R,R,R,R,R,NA,R,S,NA,R,NA,SRR3110111
patric,Enterobacter cloacae,SAMN04430997,550.561,train,NA,R,R,R,R,R,R,NA,R,R,NA,R,NA,SRR3110112
patric,Enterobacter cloacae,SAMN04430998,550.559,train,NA,R,R,R,R,R,R,NA,R,R,NA,R,NA,SRR3110113
patric,Enterobacter cloacae,SAMN04430999,550.562,train,NA,R,R,R,R,R,R,NA,R,S,NA,R,NA,SRR3110114
patric,Enterobacter cloacae,SAMN04431000,550.564,train,NA,S,S,S,S,S,S,NA,S,S,NA,S,NA,SRR3110115
patric,Enterobacter cloacae,SAMN04431002,550.558,train,NA,R,R,R,R,R,R,NA,R,R,NA,R,NA,SRR3110119
patric,Enterobacter cloacae,SAMN04431003,550.546,test,NA,R,R,R,R,R,R,NA,R,R,NA,R,NA,SRR3110120
patric,Enterobacter cloacae,SAMN04431004,550.565,train,NA,R,R,R,R,R,R,NA,R,R,NA,R,NA,SRR3110169
patric,Enterobacter cloacae,SAMN04431005,550.547,test,NA,R,S,R,R,R,R,NA,R,S,NA,R,NA,SRR3110170
patric,Enterobacter cloacae,SAMN04431006,550.554,train,NA,R,R,R,R,R,R,NA,R,R,NA,R,NA,SRR3110172
patric,Enterobacter cloacae,SAMN04431007,550.549,train,NA,R,R,R,R,R,R,NA,R,R,NA,R,NA,SRR3110173
patric,Enterobacter cloacae,SAMN04431008,550.548,train,NA,R,R,R,R,R,R,NA,R,R,NA,R,NA,SRR3110174
patric,Enterobacter cloacae,SAMN04431009,550.552,train,NA,R,R,R,R,R,R,NA,R,R,NA,R,NA,SRR3110175
patric,Enterobacter cloacae,SAMN04431010,550.566,train,NA,R,R,R,R,R,R,NA,R,R,NA,R,NA,SRR3110176
patric,Enterobacter cloacae,SAMN04431011,550.543,train,NA,R,R,R,R,R,R,NA,R,R,NA,R,NA,SRR3110178
patric,Enterobacter cloacae,SAMN04431012,550.542,train,NA,R,R,R,NA,R,R,NA,NA,NA,NA,R,NA,SRR3110244
patric,Enterobacter cloacae,SAMN04431013,550.541,train,NA,R,R,R,NA,R,R,NA,NA,NA,NA,R,NA,SRR3110245
patric,Enterobacter cloacae,SAMN04431014,550.555,train,NA,R,R,R,R,R,R,NA,S,R,NA,R,NA,SRR3110247
patric,Enterobacter cloacae,SAMN04431015,550.557,train,NA,R,R,R,R,R,R,NA,R,R,NA,R,NA,SRR3110248
patric,Enterobacter cloacae,SAMN04431016,550.551,train,NA,R,R,R,R,R,R,NA,R,R,NA,R,NA,SRR3110249
patric,Enterobacter cloacae,SAMN04431017,550.553,train,NA,R,R,R,R,R,R,NA,R,R,NA,R,NA,SRR3110251
patric,Enterobacter cloacae,SAMN04431020,550.538,train,NA,R,R,R,R,R,R,NA,R,R,NA,R,NA,SRR3110254
patric,Enterobacter cloacae,SAMN04431021,550.539,train,NA,R,R,R,R,R,R,NA,R,R,NA,R,NA,SRR3110255
patric,Enterobacter cloacae,SAMN04431022,550.556,train,NA,R,R,R,R,R,R,NA,R,R,NA,R,NA,SRR3110256
patric,Enterobacter cloacae,SAMN04431024,550.544,train,NA,R,R,R,R,R,R,NA,R,R,NA,R,NA,SRR3110258
patric,Enterobacter cloacae,SAMN04571745,550.2111,train,NA,NA,NA,NA,NA,NA,R,S,NA,R,NA,NA,S,SRR3290093
patric,Enterobacter cloacae,SAMN05170059,550.2157,train,R,R,R,R,R,R,R,S,R,R,NA,R,NA,SRR3982095
patric,Enterobacter cloacae,SAMN05170060,550.2141,train,NA,R,NA,R,R,S,R,S,NA,NA,NA,R,NA,SRR3982096
patric,Enterobacter cloacae,SAMN05170065,550.2126,train,R,R,R,R,R,R,R,S,R,R,NA,R,R,SRR3982101
patric,Enterobacter cloacae,SAMN05170066,550.2131,train,R,R,R,R,R,R,R,S,NA,R,NA,R,R,SRR3982102
patric,Enterobacter ludwigii,SAMN05170079,299767.74,train,R,R,NA,R,R,R,NA,NA,R,NA,NA,R,NA,SRR3982279
patric,Enterobacter cloacae,SAMN05170080,550.2138,train,R,R,NA,R,R,R,R,NA,NA,NA,NA,R,R,SRR3982283
patric,Enterobacter cloacae,SAMN05170081,550.2142,train,R,R,R,R,R,R,R,S,R,R,NA,R,R,SRR3982284
patric,Enterobacter cloacae,SAMN05170089,550.2152,train,R,R,R,R,R,R,R,R,R,R,NA,R,NA,SRR3987106
patric,Enterobacter cloacae,SAMN05170090,550.2154,train,R,R,R,R,R,R,R,S,R,R,NA,R,NA,SRR3987107
patric,Enterobacter cloacae,SAMN05170130,550.2156,test,R,R,NA,R,R,R,R,NA,R,NA,NA,R,R,SRR3996247
patric,Enterobacter cloacae,SAMN05170140,550.2158,train,R,R,R,R,R,R,R,NA,NA,R,NA,R,NA,SRR3996257
patric,Enterobacter cloacae,SAMN05170146,550.2159,train,R,R,R,R,R,NA,R,NA,S,R,NA,R,S,SRR3996263
patric,Enterobacter cloacae,SAMN05170147,550.2155,train,NA,R,NA,R,R,NA,NA,NA,NA,NA,NA,R,NA,SRR3996264
patric,Enterobacter cloacae,SAMN05170152,550.2161,train,R,R,R,R,R,R,R,S,R,R,NA,R,R,SRR3996269
patric,Enterobacter kobei,SAMN05170160,208224.55,train,R,R,R,R,R,R,R,NA,NA,R,NA,R,R,SRR4017815
patric,Enterobacter cloacae,SAMN05170161,550.2147,train,R,R,NA,R,R,R,NA,NA,NA,NA,NA,R,S,SRR4017816
patric,Enterobacter ludwigii,SAMN05170162,299767.75,train,R,R,NA,R,R,R,NA,NA,S,NA,NA,R,S,SRR4017817
patric,Enterobacter cloacae,SAMN05170163,550.2137,test,NA,NA,R,R,R,NA,NA,NA,NA,NA,NA,S,R,SRR4017818
patric,Enterobacter cloacae,SAMN05170164,550.2128,train,R,R,NA,R,R,R,R,NA,R,NA,NA,R,NA,SRR4017819
patric,Enterobacter cloacae,SAMN05170203,550.2133,train,R,R,R,R,R,R,R,R,R,R,NA,R,R,SRR4017858
patric,Enterobacter cloacae,SAMN05170208,550.2151,train,R,R,NA,R,R,R,R,NA,NA,NA,NA,R,NA,SRR4017884
patric,Enterobacter cloacae,SAMN05170231,550.2162,train,R,R,R,R,R,R,R,S,R,R,NA,R,NA,SRR4017907
patric,Enterobacter cloacae,SAMN05170235,550.2127,train,R,R,R,R,R,R,R,NA,R,R,NA,R,R,SRR4017911
patric,Enterobacter cloacae,SAMN05170236,550.2129,train,R,R,NA,R,R,R,R,NA,R,NA,NA,R,S,SRR4017912
patric,Enterobacter cloacae,SAMN05170241,550.2132,train,R,R,R,R,R,R,NA,S,S,R,NA,R,R,SRR4017917
patric,Enterobacter cloacae,SAMN05170267,550.2153,train,R,R,R,R,R,NA,NA,R,NA,R,NA,NA,NA,SRR4035127
patric,Enterobacter cloacae,SAMN05170268,550.2134,train,R,R,NA,R,R,R,S,NA,S,NA,NA,NA,NA,SRR4035128
patric,Enterobacter cloacae,SAMN05170269,550.2135,train,R,R,R,R,R,R,R,S,NA,R,NA,R,R,SRR4035129
patric,Enterobacter cloacae,SAMN05170270,550.2148,train,R,R,NA,R,R,S,NA,NA,NA,NA,NA,NA,NA,SRR4035130
patric,Enterobacter cloacae,SAMN05170271,550.2149,train,R,R,NA,R,R,NA,S,NA,NA,NA,NA,NA,S,SRR4035131
patric,Enterobacter cloacae,SAMN05170326,550.2139,test,R,R,NA,R,R,NA,S,NA,S,NA,NA,NA,NA,SRR4065665
patric,Enterobacter asburiae,SAMN05170333,61645.212,train,R,R,R,R,R,R,S,NA,R,R,NA,R,NA,SRR4065672
patric,Enterobacter cloacae,SAMN05170335,550.2144,train,R,R,NA,R,R,R,NA,NA,NA,NA,NA,R,NA,SRR4065674
patric,Enterobacter cloacae,SAMN05170346,550.2145,train,R,R,NA,R,R,R,R,NA,NA,NA,NA,R,R,SRR4065701
patric,Enterobacter cloacae,SAMN05170350,550.2136,train,R,R,NA,R,R,NA,R,NA,NA,NA,NA,NA,NA,SRR4065705
patric,Enterobacter cloacae,SAMN05170359,550.2143,test,R,R,NA,R,R,NA,S,NA,NA,NA,NA,R,NA,SRR4069217
patric,Enterobacter cloacae,SAMN05170360,550.2146,train,R,R,NA,R,R,R,NA,NA,NA,NA,NA,R,NA,SRR4069218
patric,Enterobacter cloacae,SAMN05806168,550.2113,train,NA,R,NA,R,NA,S,S,S,NA,NA,NA,NA,S,SRR4294849
patric,Enterobacter cloacae,SAMN06007767,550.2114,train,NA,NA,S,NA,NA,S,S,S,NA,S,NA,NA,S,SRR5120208
patric,Enterobacter asburiae,SAMN06007772,61645.208,test,NA,S,S,R,NA,S,S,S,NA,S,NA,R,S,SRR5120213
patric,Enterobacter cloacae,SAMN06124915,550.2115,test,NA,NA,R,NA,NA,S,R,S,NA,R,NA,S,S,SRR5093708
patric,Enterobacter asburiae,SAMN06124923,61645.211,test,R,R,R,R,NA,R,NA,S,R,R,NA,S,NA,SRR5093710
patric,Enterobacter cloacae,SAMN06311515,550.2117,train,NA,NA,S,NA,NA,NA,S,S,NA,S,NA,NA,S,SRR5237404
patric,Enterobacter cloacae,SAMN06672150,550.2119,train,NA,S,S,S,NA,S,S,S,NA,S,NA,S,NA,SRR5398451
patric,Enterobacter cloacae,SAMN06680405,550.2122,train,NA,NA,NA,NA,NA,NA,NA,NA,NA,NA,NA,NA,S,SRR5420066
patric,Enterobacter cloacae,SAMN06754734,550.2118,train,NA,NA,NA,NA,NA,NA,S,S,NA,NA,NA,NA,NA,SRR5445920
patric,Enterobacter asburiae,SAMN06754740,61645.209,test,NA,NA,R,NA,NA,NA,S,S,NA,R,NA,NA,S,SRR5445914
patric,Enterobacter cloacae,SAMN07325905,550.2116,train,NA,R,S,R,NA,S,S,S,NA,S,NA,NA,S,SRR5806878
patric,Enterobacter cloacae,SAMN07332508,550.2121,train,NA,R,R,NA,NA,S,R,NA,NA,R,NA,S,NA,SRR5810508
patric,Enterobacter cloacae,SAMN07410713,550.2123,train,NA,NA,NA,NA,NA,NA,R,NA,NA,NA,NA,NA,S,SRR5862479
patric,Enterobacter cloacae,SAMN07410716,550.2124,test,NA,NA,NA,NA,NA,NA,NA,NA,NA,NA,NA,NA,NA,SRR5862470
patric,Enterobacter cloacae,SAMEA2273130,550.72,train,NA,S,R,NA,NA,NA,NA,S,S,NA,NA,S,NA,ERR486109
patric,Enterobacter cloacae,SAMEA2273146,550.84,test,NA,R,R,NA,NA,NA,NA,R,S,NA,R,R,R,ERR486123
patric,Enterobacter cloacae,SAMEA2273155,550.85,test,NA,R,R,NA,NA,NA,NA,R,S,NA,R,R,R,ERR486131
patric,Enterobacter cloacae,SAMEA2273165,550.86,train,NA,R,R,NA,NA,NA,NA,S,S,NA,S,S,S,ERR486139
patric,Enterobacter cloacae,SAMEA2273176,550.87,train,NA,R,R,NA,NA,NA,NA,R,S,NA,S,S,S,ERR486148
patric,Enterobacter cloacae,SAMEA2273187,550.88,train,NA,R,R,NA,R,NA,NA,R,S,NA,R,R,R,ERR486156
patric,Enterobacter cloacae,SAMEA2273215,550.9,train,NA,R,R,NA,R,NA,NA,R,S,NA,S,R,S,ERR486182
patric,Enterobacter cloacae,SAMEA2273228,550.91,train,NA,R,R,NA,R,NA,NA,R,S,NA,R,S,R,ERR474375
patric,Enterobacter cloacae,SAMEA2273236,550.92,train,NA,S,R,NA,S,NA,NA,S,S,NA,S,R,S,ERR474383
patric,Enterobacter cloacae,SAMEA2273244,550.93,train,NA,R,R,NA,R,NA,NA,R,S,NA,S,R,S,ERR474391
patric,Enterobacter cloacae,SAMEA2273255,550.94,train,NA,S,R,NA,S,NA,NA,S,S,NA,R,R,R,ERR474401
patric,Enterobacter cloacae,SAMEA2273264,550.95,train,NA,R,R,NA,R,NA,NA,R,S,NA,R,R,R,ERR474410
patric,Enterobacter cloacae,SAMEA2273273,550.96,train,NA,R,R,NA,R,NA,NA,R,S,NA,S,S,S,ERR474419
patric,Enterobacter cloacae,SAMEA2273282,550.67,test,NA,R,R,NA,R,NA,NA,R,S,NA,R,R,R,ERR474428
patric,Enterobacter cloacae,SAMEA2273299,550.68,train,NA,S,R,NA,R,NA,NA,S,S,NA,S,R,S,ERR474445
patric,Enterobacter cloacae,SAMEA2273308,550.66,train,NA,R,R,NA,R,NA,NA,R,S,NA,S,R,S,ERR474454
patric,Enterobacter cloacae,SAMEA2273309,550.65,train,NA,R,S,NA,R,NA,NA,S,S,NA,R,R,S,ERR474455
patric,Enterobacter cloacae,SAMEA2273326,550.69,train,NA,R,R,NA,R,NA,NA,R,S,NA,R,S,R,ERR474285
patric,Enterobacter cloacae,SAMEA2273336,550.7,train,NA,R,S,NA,R,NA,NA,S,S,NA,S,R,S,ERR474295
patric,Enterobacter cloacae,SAMEA2273346,550.71,train,NA,S,R,NA,R,NA,NA,S,S,NA,R,S,S,ERR474304
patric,Enterobacter cloacae,SAMEA2273350,550.713,train,NA,S,R,NA,R,NA,NA,S,S,NA,R,R,R,ERR474308
patric,Enterobacter cloacae,SAMEA2273379,550.73,train,NA,S,R,NA,S,NA,NA,S,S,NA,R,S,R,ERR474336
patric,Enterobacter cloacae,SAMEA2273393,550.74,train,NA,S,R,NA,R,NA,NA,S,S,NA,S,R,R,ERR486731
patric,Enterobacter cloacae,SAMEA2273411,550.77,test,NA,S,R,NA,R,NA,NA,S,S,NA,R,S,R,ERR474364
patric,Enterobacter cloacae,SAMEA2273423,550.78,train,NA,R,S,NA,R,NA,NA,S,R,NA,R,R,R,ERR486196
patric,Enterobacter cloacae,SAMEA2273435,550.79,train,NA,R,R,NA,R,NA,NA,S,S,NA,R,R,R,ERR486205
patric,Enterobacter cloacae,SAMEA2273456,550.81,train,NA,R,S,NA,R,NA,NA,S,R,NA,S,R,S,ERR486226
patric,Enterobacter cloacae,SAMEA2273462,550.82,train,NA,R,R,NA,R,NA,NA,R,S,NA,R,R,S,ERR486232
patric,Enterobacter cloacae,SAMEA2273470,550.83,train,NA,R,R,NA,R,NA,NA,R,S,NA,S,R,S,ERR486240
patric,Enterobacter cloacae,SAMEA2273492,550.89,train,NA,R,S,NA,R,NA,NA,S,S,NA,R,R,R,ERR486257
patric,Enterobacter cloacae,SAMEA2273509,550.8,test,NA,R,R,NA,R,NA,NA,S,S,NA,R,R,S,ERR486270
patric,Enterobacter cloacae,SAMEA2273511,550.76,train,NA,R,R,NA,R,NA,NA,S,S,NA,R,R,R,ERR486746
patric,Enterobacter hormaechei,SAMN04252898,158836.1,train,NA,NA,NA,NA,NA,R,NA,NA,NA,NA,NA,NA,NA,SRR2960068
patric,Enterobacter cloacae,SAMN04252951,550.51,train,NA,NA,NA,NA,NA,R,NA,NA,NA,NA,NA,NA,NA,SRR2960149
patric,Enterobacter cloacae,SAMN04430987,550.56,train,NA,R,R,R,R,R,R,NA,R,R,NA,R,NA,SRR3110102
patric,Enterobacter cloacae,SAMN04431001,550.55,train,NA,R,R,R,R,R,R,NA,R,R,NA,R,NA,SRR3110117
patric,Enterobacter cloacae,SAMN04431023,550.54,train,NA,R,R,R,R,R,R,NA,R,R,NA,R,NA,SRR3110257
