data_source,isolate_name,sample_name,fraction,AMC,AMP,AMP-SLB,AZT,CAZ,CFZ,CIP,CRO,CTX,CXM,ERT,FEP,FOX,GEN,LEV,MER,PTZ,TET,TOB,TSU,run_accession
ndaro,SAMN02138598,PDT000020627.1,train,NA,NA,NA,NA,NA,NA,NA,NA,NA,NA,NA,NA,NA,NA,NA,R,NA,NA,NA,NA,SRR850839
ndaro,SAMN02138598,PDT000020627.1,train,NA,NA,NA,NA,NA,NA,NA,NA,NA,NA,NA,NA,NA,NA,NA,R,NA,NA,NA,NA,SRR850840
ndaro,SAMN02138598,PDT000020627.1,train,NA,NA,NA,NA,NA,NA,NA,NA,NA,NA,NA,NA,NA,NA,NA,R,NA,NA,NA,NA,SRR850841
ndaro,SAMN02138598,PDT000020627.1,train,NA,NA,NA,NA,NA,NA,NA,NA,NA,NA,NA,NA,NA,NA,NA,R,NA,NA,NA,NA,SRR850842
ndaro,SAMN02138602,PDT000020626.1,train,NA,NA,NA,NA,NA,NA,NA,NA,NA,NA,NA,NA,NA,NA,NA,R,NA,NA,NA,NA,SRR850843
ndaro,SAMN02138602,PDT000020626.1,train,NA,NA,NA,NA,NA,NA,NA,NA,NA,NA,NA,NA,NA,NA,NA,R,NA,NA,NA,NA,SRR850844
ndaro,SAMN02138602,PDT000020626.1,train,NA,NA,NA,NA,NA,NA,NA,NA,NA,NA,NA,NA,NA,NA,NA,R,NA,NA,NA,NA,SRR850845
ndaro,SAMN02138602,PDT000020626.1,train,NA,NA,NA,NA,NA,NA,NA,NA,NA,NA,NA,NA,NA,NA,NA,R,NA,NA,NA,NA,SRR850846
ndaro,SAMN02138623,PDT000020624.1,train,NA,NA,NA,NA,NA,NA,NA,NA,NA,NA,NA,NA,NA,NA,NA,R,R,NA,NA,NA,SRR850826
ndaro,SAMN02138623,PDT000020624.1,train,NA,NA,NA,NA,NA,NA,NA,NA,NA,NA,NA,NA,NA,NA,NA,R,R,NA,NA,NA,SRR850827
ndaro,SAMN02138630,PDT000020623.1,train,NA,NA,NA,NA,NA,NA,R,R,NA,NA,NA,NA,NA,NA,NA,R,NA,NA,NA,NA,SRR850830
ndaro,SAMN02138630,PDT000020623.1,train,NA,NA,NA,NA,NA,NA,R,R,NA,NA,NA,NA,NA,NA,NA,R,NA,NA,NA,NA,SRR850831
ndaro,SAMN02138638,PDT000020622.1,train,NA,NA,NA,NA,NA,NA,NA,NA,NA,NA,NA,NA,NA,R,NA,R,NA,NA,S,NA,SRR850787
ndaro,SAMN02138638,PDT000020622.1,train,NA,NA,NA,NA,NA,NA,NA,NA,NA,NA,NA,NA,NA,R,NA,R,NA,NA,S,NA,SRR850788
ndaro,SAMN02138640,PDT000020621.1,train,NA,NA,R,NA,NA,R,NA,NA,NA,NA,NA,NA,NA,NA,NA,R,R,NA,NA,NA,SRR850789
ndaro,SAMN02138640,PDT000020621.1,train,NA,NA,R,NA,NA,R,NA,NA,NA,NA,NA,NA,NA,NA,NA,R,R,NA,NA,NA,SRR850790
ndaro,SAMN02138641,PDT000020620.1,train,NA,R,NA,NA,NA,R,NA,NA,NA,NA,NA,NA,NA,R,NA,R,R,NA,NA,R,SRR850791
ndaro,SAMN02138641,PDT000020620.1,train,NA,R,NA,NA,NA,R,NA,NA,NA,NA,NA,NA,NA,R,NA,R,R,NA,NA,R,SRR850792
ndaro,SAMN02138646,PDT000020619.1,train,NA,NA,R,NA,NA,NA,R,NA,NA,NA,NA,NA,NA,NA,NA,R,NA,NA,NA,NA,SRR850794
ndaro,SAMN02138646,PDT000020619.1,train,NA,NA,R,NA,NA,NA,R,NA,NA,NA,NA,NA,NA,NA,NA,R,NA,NA,NA,NA,SRR850795
ndaro,SAMN02138646,PDT000020619.1,train,NA,NA,R,NA,NA,NA,R,NA,NA,NA,NA,NA,NA,NA,NA,R,NA,NA,NA,NA,SRR9901959
ndaro,SAMN02138647,PDT000020618.1,train,NA,NA,NA,NA,NA,NA,NA,NA,NA,NA,NA,NA,NA,NA,NA,R,R,NA,NA,NA,SRR850796
ndaro,SAMN02138647,PDT000020618.1,train,NA,NA,NA,NA,NA,NA,NA,NA,NA,NA,NA,NA,NA,NA,NA,R,R,NA,NA,NA,SRR850797
ndaro,SAMN02138648,PDT000018105.2,train,NA,NA,NA,NA,NA,NA,NA,NA,NA,NA,NA,NA,NA,NA,NA,R,R,NA,NA,NA,SRR1185267
ndaro,SAMN02138648,PDT000018105.2,train,NA,NA,NA,NA,NA,NA,NA,NA,NA,NA,NA,NA,NA,NA,NA,R,R,NA,NA,NA,SRR1185268
ndaro,SAMN02138648,PDT000018105.2,train,NA,NA,NA,NA,NA,NA,NA,NA,NA,NA,NA,NA,NA,NA,NA,R,R,NA,NA,NA,SRR1185288
ndaro,SAMN02138648,PDT000018105.2,train,NA,NA,NA,NA,NA,NA,NA,NA,NA,NA,NA,NA,NA,NA,NA,R,R,NA,NA,NA,SRR1185289
ndaro,SAMN02138648,PDT000018105.2,train,NA,NA,NA,NA,NA,NA,NA,NA,NA,NA,NA,NA,NA,NA,NA,R,R,NA,NA,NA,SRR1185294
ndaro,SAMN02138648,PDT000018105.2,train,NA,NA,NA,NA,NA,NA,NA,NA,NA,NA,NA,NA,NA,NA,NA,R,R,NA,NA,NA,SRR850798
ndaro,SAMN02138648,PDT000018105.2,train,NA,NA,NA,NA,NA,NA,NA,NA,NA,NA,NA,NA,NA,NA,NA,R,R,NA,NA,NA,SRR850799
ndaro,SAMN02138649,PDT000020617.1,train,NA,NA,NA,NA,NA,NA,NA,NA,NA,NA,NA,S,NA,NA,NA,R,NA,NA,NA,NA,SRR850800
ndaro,SAMN02138649,PDT000020617.1,train,NA,NA,NA,NA,NA,NA,NA,NA,NA,NA,NA,S,NA,NA,NA,R,NA,NA,NA,NA,SRR850801
ndaro,SAMN02138668,PDT000019185.2,train,NA,S,S,NA,S,R,S,S,NA,NA,NA,S,NA,S,NA,S,NA,NA,S,S,SRR850814
ndaro,SAMN02138668,PDT000019185.2,train,NA,S,S,NA,S,R,S,S,NA,NA,NA,S,NA,S,NA,S,NA,NA,S,S,SRR850815
ndaro,SAMN02138668,PDT000019185.2,train,NA,S,S,NA,S,R,S,S,NA,NA,NA,S,NA,S,NA,S,NA,NA,S,S,SRR850816
ndaro,SAMN02138668,PDT000019185.2,train,NA,S,S,NA,S,R,S,S,NA,NA,NA,S,NA,S,NA,S,NA,NA,S,S,SRR850817
ndaro,SAMN02138669,PDT000019184.2,train,NA,R,R,NA,S,R,R,S,NA,NA,NA,S,NA,S,NA,S,NA,NA,S,R,SRR850818
ndaro,SAMN02138669,PDT000019184.2,train,NA,R,R,NA,S,R,R,S,NA,NA,NA,S,NA,S,NA,S,NA,NA,S,R,SRR850819
ndaro,SAMN02138669,PDT000019184.2,train,NA,R,R,NA,S,R,R,S,NA,NA,NA,S,NA,S,NA,S,NA,NA,S,R,SRR850820
ndaro,SAMN02138669,PDT000019184.2,train,NA,R,R,NA,S,R,R,S,NA,NA,NA,S,NA,S,NA,S,NA,NA,S,R,SRR850821
ndaro,SAMN02138670,PDT000018993.1,train,NA,R,R,NA,S,R,S,S,NA,NA,NA,S,NA,R,NA,S,NA,NA,S,S,SRR850822
ndaro,SAMN02138670,PDT000018993.1,train,NA,R,R,NA,S,R,S,S,NA,NA,NA,S,NA,R,NA,S,NA,NA,S,S,SRR850823
ndaro,SAMN02138670,PDT000018993.1,train,NA,R,R,NA,S,R,S,S,NA,NA,NA,S,NA,R,NA,S,NA,NA,S,S,SRR850824
ndaro,SAMN02138670,PDT000018993.1,train,NA,R,R,NA,S,R,S,S,NA,NA,NA,S,NA,R,NA,S,NA,NA,S,S,SRR850825
ndaro,SAMN02356581,PDT000020615.1,train,NA,R,R,R,S,R,R,R,NA,NA,R,NA,NA,R,NA,R,NA,S,S,S,SRR1010889
ndaro,SAMN02356581,PDT000020615.1,train,NA,R,R,R,S,R,R,R,NA,NA,R,NA,NA,R,NA,R,NA,S,S,S,SRR1010890
ndaro,SAMN02356581,PDT000020615.1,train,NA,R,R,R,S,R,R,R,NA,NA,R,NA,NA,R,NA,R,NA,S,S,S,SRR999485
ndaro,SAMN02356581,PDT000020615.1,train,NA,R,R,R,S,R,R,R,NA,NA,R,NA,NA,R,NA,R,NA,S,S,S,SRR999486
ndaro,SAMN02356582,PDT000020614.1,train,NA,R,R,R,R,R,R,R,NA,NA,R,NA,NA,R,NA,R,NA,NA,R,S,SRR1010891
ndaro,SAMN02356582,PDT000020614.1,train,NA,R,R,R,R,R,R,R,NA,NA,R,NA,NA,R,NA,R,NA,NA,R,S,SRR1010892
ndaro,SAMN02356582,PDT000020614.1,train,NA,R,R,R,R,R,R,R,NA,NA,R,NA,NA,R,NA,R,NA,NA,R,S,SRR999487
ndaro,SAMN02356582,PDT000020614.1,train,NA,R,R,R,R,R,R,R,NA,NA,R,NA,NA,R,NA,R,NA,NA,R,S,SRR999488
ndaro,SAMN02356588,PDT000020629.1,train,NA,S,S,NA,S,R,S,S,NA,NA,NA,S,NA,S,NA,S,S,NA,S,S,SRR1010893
ndaro,SAMN02356588,PDT000020629.1,train,NA,S,S,NA,S,R,S,S,NA,NA,NA,S,NA,S,NA,S,S,NA,S,S,SRR1010894
ndaro,SAMN02356588,PDT000020629.1,train,NA,S,S,NA,S,R,S,S,NA,NA,NA,S,NA,S,NA,S,S,NA,S,S,SRR999494
ndaro,SAMN02356588,PDT000020629.1,train,NA,S,S,NA,S,R,S,S,NA,NA,NA,S,NA,S,NA,S,S,NA,S,S,SRR999495
ndaro,SAMN02581257,PDT000030567.1,train,NA,R,R,NA,R,R,R,NA,R,NA,R,NA,R,R,NA,R,NA,NA,NA,NA,SRR1180851
ndaro,SAMN02581257,PDT000030567.1,train,NA,R,R,NA,R,R,R,NA,R,NA,R,NA,R,R,NA,R,NA,NA,NA,NA,SRR1180961
ndaro,SAMN02581257,PDT000030567.1,train,NA,R,R,NA,R,R,R,NA,R,NA,R,NA,R,R,NA,R,NA,NA,NA,NA,SRR1187773
ndaro,SAMN02581257,PDT000030567.1,train,NA,R,R,NA,R,R,R,NA,R,NA,R,NA,R,R,NA,R,NA,NA,NA,NA,SRR1187848
ndaro,SAMN02581259,PDT000030568.1,train,NA,R,R,NA,R,R,R,NA,R,NA,R,NA,R,S,NA,R,NA,NA,NA,NA,SRR1180726
ndaro,SAMN02581259,PDT000030568.1,train,NA,R,R,NA,R,R,R,NA,R,NA,R,NA,R,S,NA,R,NA,NA,NA,NA,SRR1180980
ndaro,SAMN02581259,PDT000030568.1,train,NA,R,R,NA,R,R,R,NA,R,NA,R,NA,R,S,NA,R,NA,NA,NA,NA,SRR1187709
ndaro,SAMN02581259,PDT000030568.1,train,NA,R,R,NA,R,R,R,NA,R,NA,R,NA,R,S,NA,R,NA,NA,NA,NA,SRR1187805
ndaro,SAMN02581263,PDT000030569.1,train,NA,R,R,NA,R,R,S,NA,R,NA,R,NA,R,R,NA,S,NA,NA,NA,NA,SRR1180833
ndaro,SAMN02581263,PDT000030569.1,train,NA,R,R,NA,R,R,S,NA,R,NA,R,NA,R,R,NA,S,NA,NA,NA,NA,SRR1180943
ndaro,SAMN02581263,PDT000030569.1,train,NA,R,R,NA,R,R,S,NA,R,NA,R,NA,R,R,NA,S,NA,NA,NA,NA,SRR1187689
ndaro,SAMN02581263,PDT000030569.1,train,NA,R,R,NA,R,R,S,NA,R,NA,R,NA,R,R,NA,S,NA,NA,NA,NA,SRR1187820
ndaro,SAMN02581264,PDT000030570.1,train,NA,R,R,NA,R,R,S,NA,R,NA,S,NA,R,R,NA,S,NA,NA,NA,NA,SRR1180881
ndaro,SAMN02581264,PDT000030570.1,train,NA,R,R,NA,R,R,S,NA,R,NA,S,NA,R,R,NA,S,NA,NA,NA,NA,SRR1181039
ndaro,SAMN02581264,PDT000030570.1,train,NA,R,R,NA,R,R,S,NA,R,NA,S,NA,R,R,NA,S,NA,NA,NA,NA,SRR1187741
ndaro,SAMN02581264,PDT000030570.1,train,NA,R,R,NA,R,R,S,NA,R,NA,S,NA,R,R,NA,S,NA,NA,NA,NA,SRR1187834
ndaro,SAMN02581271,PDT000030571.1,train,NA,R,R,NA,R,R,R,NA,R,NA,R,NA,R,R,NA,S,NA,NA,NA,NA,SRR1180883
ndaro,SAMN02581271,PDT000030571.1,train,NA,R,R,NA,R,R,R,NA,R,NA,R,NA,R,R,NA,S,NA,NA,NA,NA,SRR1181010
ndaro,SAMN02581271,PDT000030571.1,train,NA,R,R,NA,R,R,R,NA,R,NA,R,NA,R,R,NA,S,NA,NA,NA,NA,SRR1187690
ndaro,SAMN02581271,PDT000030571.1,train,NA,R,R,NA,R,R,R,NA,R,NA,R,NA,R,R,NA,S,NA,NA,NA,NA,SRR1187826
ndaro,SAMN02581272,PDT000030572.1,train,NA,R,R,NA,R,R,S,NA,R,NA,S,NA,R,S,NA,S,NA,NA,NA,NA,SRR1180826
ndaro,SAMN02581272,PDT000030572.1,train,NA,R,R,NA,R,R,S,NA,R,NA,S,NA,R,S,NA,S,NA,NA,NA,NA,SRR1181029
ndaro,SAMN02581272,PDT000030572.1,train,NA,R,R,NA,R,R,S,NA,R,NA,S,NA,R,S,NA,S,NA,NA,NA,NA,SRR1187764
ndaro,SAMN02581272,PDT000030572.1,train,NA,R,R,NA,R,R,S,NA,R,NA,S,NA,R,S,NA,S,NA,NA,NA,NA,SRR1187774
ndaro,SAMN02581279,PDT000030546.1,train,NA,R,R,NA,R,R,R,R,NA,NA,NA,R,NA,S,NA,R,NA,R,S,R,SRR1180754
ndaro,SAMN02581279,PDT000030546.1,train,NA,R,R,NA,R,R,R,R,NA,NA,NA,R,NA,S,NA,R,NA,R,S,R,SRR1180992
ndaro,SAMN02581279,PDT000030546.1,train,NA,R,R,NA,R,R,R,R,NA,NA,NA,R,NA,S,NA,R,NA,R,S,R,SRR1187750
ndaro,SAMN02581279,PDT000030546.1,train,NA,R,R,NA,R,R,R,R,NA,NA,NA,R,NA,S,NA,R,NA,R,S,R,SRR1187841
ndaro,SAMN02581280,PDT000030547.1,train,NA,S,S,NA,S,R,S,S,NA,NA,NA,S,NA,S,NA,S,S,NA,S,S,SRR1180767
ndaro,SAMN02581280,PDT000030547.1,train,NA,S,S,NA,S,R,S,S,NA,NA,NA,S,NA,S,NA,S,S,NA,S,S,SRR1181028
ndaro,SAMN02581280,PDT000030547.1,train,NA,S,S,NA,S,R,S,S,NA,NA,NA,S,NA,S,NA,S,S,NA,S,S,SRR1187737
ndaro,SAMN02581280,PDT000030547.1,train,NA,S,S,NA,S,R,S,S,NA,NA,NA,S,NA,S,NA,S,S,NA,S,S,SRR1187842
ndaro,SAMN02581283,PDT000030548.1,train,NA,R,R,NA,R,R,R,R,NA,NA,NA,R,NA,S,NA,R,NA,S,S,R,SRR1180899
ndaro,SAMN02581283,PDT000030548.1,train,NA,R,R,NA,R,R,R,R,NA,NA,NA,R,NA,S,NA,R,NA,S,S,R,SRR1181054
ndaro,SAMN02581283,PDT000030548.1,train,NA,R,R,NA,R,R,R,R,NA,NA,NA,R,NA,S,NA,R,NA,S,S,R,SRR1187770
ndaro,SAMN02581283,PDT000030548.1,train,NA,R,R,NA,R,R,R,R,NA,NA,NA,R,NA,S,NA,R,NA,S,S,R,SRR1187780
ndaro,SAMN02581284,PDT000030549.1,train,NA,S,S,NA,S,R,R,S,NA,NA,NA,S,NA,S,NA,S,S,NA,S,S,SRR1180699
ndaro,SAMN02581284,PDT000030549.1,train,NA,S,S,NA,S,R,R,S,NA,NA,NA,S,NA,S,NA,S,S,NA,S,S,SRR1183618
ndaro,SAMN02581284,PDT000030549.1,train,NA,S,S,NA,S,R,R,S,NA,NA,NA,S,NA,S,NA,S,S,NA,S,S,SRR1187757
ndaro,SAMN02581284,PDT000030549.1,train,NA,S,S,NA,S,R,R,S,NA,NA,NA,S,NA,S,NA,S,S,NA,S,S,SRR1187796
ndaro,SAMN02581285,PDT000030550.1,train,NA,R,R,NA,R,R,R,R,NA,NA,NA,R,NA,S,NA,R,R,R,S,R,SRR10197435
ndaro,SAMN02581285,PDT000030550.1,train,NA,R,R,NA,R,R,R,R,NA,NA,NA,R,NA,S,NA,R,R,R,S,R,SRR1180832
ndaro,SAMN02581285,PDT000030550.1,train,NA,R,R,NA,R,R,R,R,NA,NA,NA,R,NA,S,NA,R,R,R,S,R,SRR1181038
ndaro,SAMN02581285,PDT000030550.1,train,NA,R,R,NA,R,R,R,R,NA,NA,NA,R,NA,S,NA,R,R,R,S,R,SRR1187695
ndaro,SAMN02581285,PDT000030550.1,train,NA,R,R,NA,R,R,R,R,NA,NA,NA,R,NA,S,NA,R,R,R,S,R,SRR1187824
ndaro,SAMN02581286,PDT000030551.1,train,NA,S,S,NA,S,R,S,S,NA,NA,NA,S,NA,S,NA,S,S,NA,S,S,SRR1180885
ndaro,SAMN02581286,PDT000030551.1,train,NA,S,S,NA,S,R,S,S,NA,NA,NA,S,NA,S,NA,S,S,NA,S,S,SRR1180941
ndaro,SAMN02581286,PDT000030551.1,train,NA,S,S,NA,S,R,S,S,NA,NA,NA,S,NA,S,NA,S,S,NA,S,S,SRR1187718
ndaro,SAMN02581286,PDT000030551.1,train,NA,S,S,NA,S,R,S,S,NA,NA,NA,S,NA,S,NA,S,S,NA,S,S,SRR1187790
ndaro,SAMN02581291,PDT000030552.1,train,NA,R,R,NA,S,R,R,S,NA,NA,NA,S,NA,S,NA,S,NA,NA,S,R,SRR1180816
ndaro,SAMN02581291,PDT000030552.1,train,NA,R,R,NA,S,R,R,S,NA,NA,NA,S,NA,S,NA,S,NA,NA,S,R,SRR1180965
ndaro,SAMN02581291,PDT000030552.1,train,NA,R,R,NA,S,R,R,S,NA,NA,NA,S,NA,S,NA,S,NA,NA,S,R,SRR1187751
ndaro,SAMN02581291,PDT000030552.1,train,NA,R,R,NA,S,R,R,S,NA,NA,NA,S,NA,S,NA,S,NA,NA,S,R,SRR1187781
ndaro,SAMN02581292,PDT000030553.1,train,NA,R,R,NA,S,R,R,S,NA,NA,NA,S,NA,S,NA,S,S,NA,R,R,SRR1180747
ndaro,SAMN02581292,PDT000030553.1,train,NA,R,R,NA,S,R,R,S,NA,NA,NA,S,NA,S,NA,S,S,NA,R,R,SRR1180973
ndaro,SAMN02581292,PDT000030553.1,train,NA,R,R,NA,S,R,R,S,NA,NA,NA,S,NA,S,NA,S,S,NA,R,R,SRR1187687
ndaro,SAMN02581292,PDT000030553.1,train,NA,R,R,NA,S,R,R,S,NA,NA,NA,S,NA,S,NA,S,S,NA,R,R,SRR1187708
ndaro,SAMN02581293,PDT000030554.1,train,NA,R,R,NA,S,R,R,S,NA,NA,NA,S,NA,S,NA,S,S,NA,S,R,SRR1180810
ndaro,SAMN02581293,PDT000030554.1,train,NA,R,R,NA,S,R,R,S,NA,NA,NA,S,NA,S,NA,S,S,NA,S,R,SRR1181000
ndaro,SAMN02581293,PDT000030554.1,train,NA,R,R,NA,S,R,R,S,NA,NA,NA,S,NA,S,NA,S,S,NA,S,R,SRR1187771
ndaro,SAMN02581293,PDT000030554.1,train,NA,R,R,NA,S,R,R,S,NA,NA,NA,S,NA,S,NA,S,S,NA,S,R,SRR1187782
ndaro,SAMN02581294,PDT000030555.1,train,NA,S,S,NA,S,R,R,S,NA,NA,NA,S,NA,S,NA,S,S,NA,S,R,SRR1180902
ndaro,SAMN02581294,PDT000030555.1,train,NA,S,S,NA,S,R,R,S,NA,NA,NA,S,NA,S,NA,S,S,NA,S,R,SRR1181063
ndaro,SAMN02581294,PDT000030555.1,train,NA,S,S,NA,S,R,R,S,NA,NA,NA,S,NA,S,NA,S,S,NA,S,R,SRR1187758
ndaro,SAMN02581294,PDT000030555.1,train,NA,S,S,NA,S,R,R,S,NA,NA,NA,S,NA,S,NA,S,S,NA,S,R,SRR1187783
ndaro,SAMN02581295,PDT000030556.1,train,NA,R,R,NA,R,R,R,R,NA,NA,NA,S,NA,S,NA,S,R,NA,S,R,SRR1180848
ndaro,SAMN02581295,PDT000030556.1,train,NA,R,R,NA,R,R,R,R,NA,NA,NA,S,NA,S,NA,S,R,NA,S,R,SRR1181021
ndaro,SAMN02581295,PDT000030556.1,train,NA,R,R,NA,R,R,R,R,NA,NA,NA,S,NA,S,NA,S,R,NA,S,R,SRR1187738
ndaro,SAMN02581295,PDT000030556.1,train,NA,R,R,NA,R,R,R,R,NA,NA,NA,S,NA,S,NA,S,R,NA,S,R,SRR1187819
ndaro,SAMN02581296,PDT000030557.1,train,NA,R,R,NA,S,R,R,S,NA,NA,NA,S,NA,S,NA,S,S,NA,S,R,SRR1180825
ndaro,SAMN02581296,PDT000030557.1,train,NA,R,R,NA,S,R,R,S,NA,NA,NA,S,NA,S,NA,S,S,NA,S,R,SRR1180918
ndaro,SAMN02581296,PDT000030557.1,train,NA,R,R,NA,S,R,R,S,NA,NA,NA,S,NA,S,NA,S,S,NA,S,R,SRR1187762
ndaro,SAMN02581296,PDT000030557.1,train,NA,R,R,NA,S,R,R,S,NA,NA,NA,S,NA,S,NA,S,S,NA,S,R,SRR1187772
ndaro,SAMN02581297,PDT000030558.1,train,NA,R,R,NA,S,R,R,S,NA,NA,NA,S,NA,S,NA,S,S,NA,S,S,SRR1180840
ndaro,SAMN02581297,PDT000030558.1,train,NA,R,R,NA,S,R,R,S,NA,NA,NA,S,NA,S,NA,S,S,NA,S,S,SRR1180987
ndaro,SAMN02581297,PDT000030558.1,train,NA,R,R,NA,S,R,R,S,NA,NA,NA,S,NA,S,NA,S,S,NA,S,S,SRR1187739
ndaro,SAMN02581297,PDT000030558.1,train,NA,R,R,NA,S,R,R,S,NA,NA,NA,S,NA,S,NA,S,S,NA,S,S,SRR1187763
ndaro,SAMN02581298,PDT000030559.1,train,NA,R,R,NA,R,R,R,R,NA,NA,NA,R,NA,R,NA,S,S,NA,R,R,SRR1180732
ndaro,SAMN02581298,PDT000030559.1,train,NA,R,R,NA,R,R,R,R,NA,NA,NA,R,NA,R,NA,S,S,NA,R,R,SRR1181078
ndaro,SAMN02581298,PDT000030559.1,train,NA,R,R,NA,R,R,R,R,NA,NA,NA,R,NA,R,NA,S,S,NA,R,R,SRR1187702
ndaro,SAMN02581298,PDT000030559.1,train,NA,R,R,NA,R,R,R,R,NA,NA,NA,R,NA,R,NA,S,S,NA,R,R,SRR1187810
ndaro,SAMN02581299,PDT000030560.1,train,NA,R,R,NA,S,R,R,S,NA,NA,NA,S,NA,S,NA,S,S,NA,S,S,SRR1180871
ndaro,SAMN02581299,PDT000030560.1,train,NA,R,R,NA,S,R,R,S,NA,NA,NA,S,NA,S,NA,S,S,NA,S,S,SRR1180919
ndaro,SAMN02581299,PDT000030560.1,train,NA,R,R,NA,S,R,R,S,NA,NA,NA,S,NA,S,NA,S,S,NA,S,S,SRR1187791
ndaro,SAMN02581299,PDT000030560.1,train,NA,R,R,NA,S,R,R,S,NA,NA,NA,S,NA,S,NA,S,S,NA,S,S,SRR1187825
ndaro,SAMN02581300,PDT000030561.1,train,NA,R,S,NA,S,R,R,S,NA,NA,NA,S,NA,S,NA,S,S,NA,S,R,SRR1180768
ndaro,SAMN02581300,PDT000030561.1,train,NA,R,S,NA,S,R,R,S,NA,NA,NA,S,NA,S,NA,S,S,NA,S,R,SRR1180942
ndaro,SAMN02581300,PDT000030561.1,train,NA,R,S,NA,S,R,R,S,NA,NA,NA,S,NA,S,NA,S,S,NA,S,R,SRR1187740
ndaro,SAMN02581300,PDT000030561.1,train,NA,R,S,NA,S,R,R,S,NA,NA,NA,S,NA,S,NA,S,S,NA,S,R,SRR1187803
ndaro,SAMN02581389,PDT000030565.1,test,NA,R,R,NA,NA,R,R,NA,R,NA,R,NA,NA,S,NA,R,NA,NA,NA,NA,SRR1196778
ndaro,SAMN02581389,PDT000030565.1,test,NA,R,R,NA,NA,R,R,NA,R,NA,R,NA,NA,S,NA,R,NA,NA,NA,NA,SRR1197702
ndaro,SAMN02581389,PDT000030565.1,test,NA,R,R,NA,NA,R,R,NA,R,NA,R,NA,NA,S,NA,R,NA,NA,NA,NA,SRR1204008
ndaro,SAMN02581389,PDT000030565.1,test,NA,R,R,NA,NA,R,R,NA,R,NA,R,NA,NA,S,NA,R,NA,NA,NA,NA,SRR1204059
ndaro,SAMN02581390,PDT000030566.1,train,NA,R,S,NA,NA,R,R,NA,S,NA,S,NA,NA,S,NA,S,NA,NA,NA,NA,SRR1196717
ndaro,SAMN02581390,PDT000030566.1,train,NA,R,S,NA,NA,R,R,NA,S,NA,S,NA,NA,S,NA,S,NA,NA,NA,NA,SRR1197654
ndaro,SAMN02581390,PDT000030566.1,train,NA,R,S,NA,NA,R,R,NA,S,NA,S,NA,NA,S,NA,S,NA,NA,NA,NA,SRR1203963
ndaro,SAMN02581390,PDT000030566.1,train,NA,R,S,NA,NA,R,R,NA,S,NA,S,NA,NA,S,NA,S,NA,NA,NA,NA,SRR1204067
ndaro,SAMN02581401,PDT000026734.1,train,NA,R,R,NA,R,R,R,R,NA,NA,NA,R,NA,R,NA,R,R,NA,R,R,SRR1172772
ndaro,SAMN02581401,PDT000026734.1,train,NA,R,R,NA,R,R,R,R,NA,NA,NA,R,NA,R,NA,R,R,NA,R,R,SRR1173075
ndaro,SAMN02581401,PDT000026734.1,train,NA,R,R,NA,R,R,R,R,NA,NA,NA,R,NA,R,NA,R,R,NA,R,R,SRR9901954
ndaro,SAMN02581402,PDT000026733.1,train,NA,S,S,NA,S,R,S,S,NA,NA,NA,S,NA,S,NA,S,S,NA,S,S,SRR1172996
ndaro,SAMN02581402,PDT000026733.1,train,NA,S,S,NA,S,R,S,S,NA,NA,NA,S,NA,S,NA,S,S,NA,S,S,SRR1173096
ndaro,SAMN03177615,PDT000048145.1,train,S,R,NA,NA,NA,NA,S,S,NA,NA,NA,NA,S,S,NA,NA,NA,R,NA,S,SRR2239575
ndaro,SAMN03177616,PDT000045589.1,test,S,S,NA,NA,NA,NA,S,S,NA,NA,NA,NA,S,S,NA,NA,NA,R,NA,S,SRR2239576
ndaro,SAMN03177617,PDT000045588.1,train,R,R,NA,NA,NA,NA,S,R,NA,NA,NA,NA,R,S,NA,NA,NA,S,NA,S,SRR2239577
ndaro,SAMN03177618,PDT000048144.1,train,S,S,NA,NA,NA,NA,S,S,NA,NA,NA,NA,S,S,NA,NA,NA,R,NA,S,SRR2239579
ndaro,SAMN03177619,PDT000045627.1,train,S,S,NA,NA,NA,NA,S,S,NA,NA,NA,NA,S,S,NA,NA,NA,R,NA,R,SRR2239578
ndaro,SAMN03177620,PDT000048143.1,train,S,R,NA,NA,NA,NA,S,S,NA,NA,NA,NA,S,S,NA,NA,NA,R,NA,S,SRR2239580
ndaro,SAMN03177621,PDT000045631.1,test,S,R,NA,NA,NA,NA,S,S,NA,NA,NA,NA,S,S,NA,NA,NA,R,NA,S,SRR2239581
ndaro,SAMN03177622,PDT000048130.1,train,R,R,NA,NA,NA,NA,R,R,NA,NA,NA,NA,R,S,NA,NA,NA,R,NA,S,SRR2239582
ndaro,SAMN03177623,PDT000045617.1,test,R,R,NA,NA,NA,NA,S,R,NA,NA,NA,NA,R,S,NA,NA,NA,R,NA,S,SRR2239583
ndaro,SAMN03177624,PDT000045615.1,train,S,R,NA,NA,NA,NA,R,S,NA,NA,NA,NA,S,S,NA,NA,NA,R,NA,S,SRR2239584
ndaro,SAMN03177625,PDT000045616.1,test,S,R,NA,NA,NA,NA,S,S,NA,NA,NA,NA,S,S,NA,NA,NA,R,NA,S,SRR2239585
ndaro,SAMN03177626,PDT000048146.1,test,R,R,NA,NA,NA,NA,S,R,NA,NA,NA,NA,R,S,NA,NA,NA,R,NA,S,SRR2239586
ndaro,SAMN03177627,PDT000045618.1,test,R,R,NA,NA,NA,NA,S,R,NA,NA,NA,NA,R,S,NA,NA,NA,R,NA,S,SRR2239587
ndaro,SAMN03177628,PDT000045619.1,train,R,R,NA,NA,NA,NA,S,R,NA,NA,NA,NA,R,S,NA,NA,NA,R,NA,S,SRR2239588
ndaro,SAMN03177629,PDT000045623.1,test,R,R,NA,NA,NA,NA,S,R,NA,NA,NA,NA,R,S,NA,NA,NA,R,NA,S,SRR2239589
ndaro,SAMN03177630,PDT000048131.1,test,S,R,NA,NA,NA,NA,S,S,NA,NA,NA,NA,S,S,NA,NA,NA,R,NA,R,SRR2239590
ndaro,SAMN03177631,PDT000045611.1,train,S,S,NA,NA,NA,NA,S,S,NA,NA,NA,NA,S,S,NA,NA,NA,R,NA,S,SRR2239591
ndaro,SAMN03177632,PDT000045593.1,test,R,R,NA,NA,NA,NA,S,R,NA,NA,NA,NA,R,S,NA,NA,NA,S,NA,S,SRR2239592
ndaro,SAMN03177633,PDT000045594.1,train,R,R,NA,NA,NA,NA,S,R,NA,NA,NA,NA,R,S,NA,NA,NA,S,NA,S,SRR2239593
ndaro,SAMN03177634,PDT000048128.1,train,S,R,NA,NA,NA,NA,R,S,NA,NA,NA,NA,S,S,NA,NA,NA,R,NA,R,SRR2239594
ndaro,SAMN03177635,PDT000045605.1,test,S,S,NA,NA,NA,NA,S,S,NA,NA,NA,NA,S,S,NA,NA,NA,R,NA,S,SRR2239595
ndaro,SAMN03177636,PDT000048125.1,train,S,S,NA,NA,NA,NA,R,S,NA,NA,NA,NA,S,S,NA,NA,NA,R,NA,R,SRR2239596
ndaro,SAMN03177637,PDT000045604.1,train,S,S,NA,NA,NA,NA,S,S,NA,NA,NA,NA,S,S,NA,NA,NA,R,NA,S,SRR2239597
ndaro,SAMN03177638,PDT000048126.1,test,S,R,NA,NA,NA,NA,S,S,NA,NA,NA,NA,S,S,NA,NA,NA,R,NA,R,SRR2239598
ndaro,SAMN03177639,PDT000045608.1,test,R,R,NA,NA,NA,NA,S,S,NA,NA,NA,NA,S,S,NA,NA,NA,R,NA,S,SRR2239599
ndaro,SAMN03177640,PDT000045609.1,train,R,R,NA,NA,NA,NA,S,R,NA,NA,NA,NA,R,S,NA,NA,NA,R,NA,S,SRR2239600
ndaro,SAMN03177641,PDT000049061.1,train,R,R,NA,NA,NA,NA,S,R,NA,NA,NA,NA,R,S,NA,NA,NA,R,NA,S,SRR2239601
ndaro,SAMN03177642,PDT000048127.1,test,S,S,NA,NA,NA,NA,S,S,NA,NA,NA,NA,S,S,NA,NA,NA,R,NA,S,SRR2239602
ndaro,SAMN03177643,PDT000048129.1,train,S,S,NA,NA,NA,NA,S,S,NA,NA,NA,NA,S,S,NA,NA,NA,R,NA,S,SRR2239603
ndaro,SAMN03177644,PDT000045590.1,train,S,R,NA,NA,NA,NA,S,S,NA,NA,NA,NA,S,S,NA,NA,NA,R,NA,S,SRR2239604
ndaro,SAMN03177645,PDT000045602.1,train,S,R,NA,NA,NA,NA,S,S,NA,NA,NA,NA,S,S,NA,NA,NA,R,NA,S,SRR2239605
ndaro,SAMN03177646,PDT000045603.1,train,R,R,NA,NA,NA,NA,S,R,NA,NA,NA,NA,R,S,NA,NA,NA,R,NA,S,SRR2239606
ndaro,SAMN03177647,PDT000045621.1,test,S,S,NA,NA,NA,NA,S,S,NA,NA,NA,NA,S,S,NA,NA,NA,R,NA,S,SRR2239607
ndaro,SAMN03177648,PDT000045622.1,train,R,R,NA,NA,NA,NA,S,R,NA,NA,NA,NA,R,S,NA,NA,NA,R,NA,R,SRR2239608
ndaro,SAMN03177649,PDT000045591.1,train,S,S,NA,NA,NA,NA,S,S,NA,NA,NA,NA,S,S,NA,NA,NA,R,NA,S,SRR2239609
ndaro,SAMN03177650,PDT000048132.1,train,S,S,NA,NA,NA,NA,S,S,NA,NA,NA,NA,S,S,NA,NA,NA,R,NA,S,SRR2239610
ndaro,SAMN03177651,PDT000048133.1,train,R,R,NA,NA,NA,NA,S,R,NA,NA,NA,NA,R,S,NA,NA,NA,R,NA,S,SRR2239611
ndaro,SAMN03177652,PDT000048134.1,train,R,R,NA,NA,NA,NA,S,S,NA,NA,NA,NA,R,S,NA,NA,NA,R,NA,S,SRR2239612
ndaro,SAMN03177653,PDT000045614.1,test,S,S,NA,NA,NA,NA,S,S,NA,NA,NA,NA,S,S,NA,NA,NA,R,NA,R,SRR2239613
ndaro,SAMN03177654,PDT000048141.1,train,S,R,NA,NA,NA,NA,S,S,NA,NA,NA,NA,S,R,NA,NA,NA,R,NA,S,SRR2239614
ndaro,SAMN03177655,PDT000048135.1,test,S,R,NA,NA,NA,NA,S,S,NA,NA,NA,NA,S,S,NA,NA,NA,R,NA,S,SRR2239615
ndaro,SAMN03177656,PDT000045624.1,test,S,R,NA,NA,NA,NA,R,S,NA,NA,NA,NA,S,S,NA,NA,NA,R,NA,R,SRR2239616
ndaro,SAMN03177657,PDT000045625.1,train,S,R,NA,NA,NA,NA,S,S,NA,NA,NA,NA,S,S,NA,NA,NA,R,NA,S,SRR2239617
ndaro,SAMN03177658,PDT000048136.1,test,S,R,NA,NA,NA,NA,S,S,NA,NA,NA,NA,S,S,NA,NA,NA,R,NA,S,SRR2239618
ndaro,SAMN03177659,PDT000045582.1,test,S,S,NA,NA,NA,NA,S,S,NA,NA,NA,NA,S,S,NA,NA,NA,R,NA,R,SRR2239619
ndaro,SAMN03177660,PDT000045606.1,test,R,R,NA,NA,NA,NA,S,R,NA,NA,NA,NA,R,S,NA,NA,NA,R,NA,R,SRR2239620
ndaro,SAMN03177661,PDT000045607.1,test,R,R,NA,NA,NA,NA,S,R,NA,NA,NA,NA,R,S,NA,NA,NA,S,NA,S,SRR2239621
ndaro,SAMN03177662,PDT000045598.1,train,R,R,NA,NA,NA,NA,S,R,NA,NA,NA,NA,R,S,NA,NA,NA,R,NA,S,SRR2239622
ndaro,SAMN03177663,PDT000045599.1,train,R,R,NA,NA,NA,NA,S,R,NA,NA,NA,NA,R,S,NA,NA,NA,S,NA,S,SRR2239623
ndaro,SAMN03177664,PDT000045584.1,train,R,R,NA,NA,NA,NA,S,R,NA,NA,NA,NA,R,S,NA,NA,NA,S,NA,S,SRR2239624
ndaro,SAMN03177665,PDT000045630.1,test,R,R,NA,NA,NA,NA,S,R,NA,NA,NA,NA,R,S,NA,NA,NA,S,NA,S,SRR2239625
ndaro,SAMN03177666,PDT000048137.1,train,R,R,NA,NA,NA,NA,R,R,NA,NA,NA,NA,R,R,NA,NA,NA,R,NA,S,SRR2239626
ndaro,SAMN03177667,PDT000045600.1,train,R,R,NA,NA,NA,NA,S,S,NA,NA,NA,NA,S,S,NA,NA,NA,R,NA,R,SRR2239627
ndaro,SAMN03177668,PDT000045601.1,train,S,R,NA,NA,NA,NA,S,S,NA,NA,NA,NA,S,S,NA,NA,NA,R,NA,S,SRR2239628
ndaro,SAMN03177669,PDT000045612.1,train,S,R,NA,NA,NA,NA,S,S,NA,NA,NA,NA,S,S,NA,NA,NA,R,NA,S,SRR2239629
ndaro,SAMN03177670,PDT000045613.1,test,R,R,NA,NA,NA,NA,S,R,NA,NA,NA,NA,R,S,NA,NA,NA,S,NA,S,SRR2239630
ndaro,SAMN03177671,PDT000045628.1,train,S,R,NA,NA,NA,NA,S,S,NA,NA,NA,NA,S,S,NA,NA,NA,R,NA,S,SRR2239631
ndaro,SAMN03177672,PDT000045629.1,train,S,R,NA,NA,NA,NA,S,S,NA,NA,NA,NA,S,S,NA,NA,NA,R,NA,S,SRR2239632
ndaro,SAMN03177673,PDT000045626.1,train,S,R,NA,NA,NA,NA,S,S,NA,NA,NA,NA,S,S,NA,NA,NA,R,NA,S,SRR2239633
ndaro,SAMN03177674,PDT000045580.1,test,S,R,NA,NA,NA,NA,S,S,NA,NA,NA,NA,S,S,NA,NA,NA,R,NA,S,SRR2239634
ndaro,SAMN03177675,PDT000045583.1,test,R,R,NA,NA,NA,NA,S,R,NA,NA,NA,NA,R,S,NA,NA,NA,R,NA,S,SRR2239635
ndaro,SAMN03177676,PDT000045581.1,train,S,R,NA,NA,NA,NA,S,S,NA,NA,NA,NA,S,S,NA,NA,NA,R,NA,S,SRR2239636
ndaro,SAMN03177677,PDT000048138.1,train,S,R,NA,NA,NA,NA,S,S,NA,NA,NA,NA,S,S,NA,NA,NA,R,NA,S,SRR2239637
ndaro,SAMN03177678,PDT000048142.1,train,S,S,NA,NA,NA,NA,S,S,NA,NA,NA,NA,S,S,NA,NA,NA,R,NA,S,SRR2239638
ndaro,SAMN03177679,PDT000048139.1,test,R,R,NA,NA,NA,NA,S,S,NA,NA,NA,NA,S,S,NA,NA,NA,R,NA,S,SRR2239639
ndaro,SAMN03177680,PDT000045585.1,train,S,S,NA,NA,NA,NA,S,S,NA,NA,NA,NA,S,S,NA,NA,NA,R,NA,S,SRR2239640
ndaro,SAMN03177681,PDT000045586.1,test,S,R,NA,NA,NA,NA,R,S,NA,NA,NA,NA,S,S,NA,NA,NA,S,NA,S,SRR2239641
ndaro,SAMN03177682,PDT000045587.1,train,R,R,NA,NA,NA,NA,S,R,NA,NA,NA,NA,R,S,NA,NA,NA,R,NA,S,SRR2239642
ndaro,SAMN03177683,PDT000048140.1,train,R,R,NA,NA,NA,NA,S,R,NA,NA,NA,NA,R,S,NA,NA,NA,R,NA,S,SRR2239643
ndaro,SAMN03177684,PDT000045679.1,train,S,S,NA,NA,NA,NA,R,S,NA,NA,NA,NA,S,S,NA,NA,NA,R,NA,S,SRR2239644
ndaro,SAMN03177685,PDT000045620.1,train,S,S,NA,NA,NA,NA,S,S,NA,NA,NA,NA,S,S,NA,NA,NA,R,NA,S,SRR2239645
ndaro,SAMN03177686,PDT000045595.1,train,S,S,NA,NA,NA,NA,R,S,NA,NA,NA,NA,S,S,NA,NA,NA,R,NA,S,SRR2239646
ndaro,SAMN03177687,PDT000045596.1,train,S,S,NA,NA,NA,NA,S,S,NA,NA,NA,NA,S,S,NA,NA,NA,R,NA,S,SRR2239647
ndaro,SAMN03177688,PDT000045597.1,train,S,S,NA,NA,NA,NA,R,S,NA,NA,NA,NA,S,S,NA,NA,NA,R,NA,S,SRR2239648
ndaro,SAMN03177689,PDT000045592.1,test,S,R,NA,NA,NA,NA,S,S,NA,NA,NA,NA,S,R,NA,NA,NA,R,NA,R,SRR2239649
ndaro,SAMN03177690,PDT000045610.1,train,S,R,NA,NA,NA,NA,S,S,NA,NA,NA,NA,S,S,NA,NA,NA,R,NA,R,SRR2239650
ndaro,SAMN04014842,PDT000158300.1,train,R,R,R,R,R,R,R,R,R,NA,R,R,R,S,R,R,R,R,R,R,SRR3112254
ndaro,SAMN04014842,PDT000158300.1,train,R,R,R,R,R,R,R,R,R,NA,R,R,R,S,R,R,R,R,R,R,SRR3659426
ndaro,SAMN04014842,PDT000158300.1,train,R,R,R,R,R,R,R,R,R,NA,R,R,R,S,R,R,R,R,R,R,SRR3666076
ndaro,SAMN04014847,PDT000267147.1,train,R,R,R,R,R,R,R,R,R,NA,R,R,R,R,R,R,R,R,R,R,SRR3112258
ndaro,SAMN04014847,PDT000267147.1,train,R,R,R,R,R,R,R,R,R,NA,R,R,R,R,R,R,R,R,R,R,SRR6277506
ndaro,SAMN04014847,PDT000267147.1,train,R,R,R,R,R,R,R,R,R,NA,R,R,R,R,R,R,R,R,R,R,SRR6277507
ndaro,SAMN04014852,PDT000267156.1,test,R,R,R,R,R,R,R,R,R,NA,S,R,R,R,R,S,S,R,R,R,SRR3112262
ndaro,SAMN04014852,PDT000267156.1,test,R,R,R,R,R,R,R,R,R,NA,S,R,R,R,R,S,S,R,R,R,SRR6277528
ndaro,SAMN04014854,PDT000380900.1,train,S,R,S,S,S,R,S,R,R,NA,S,R,S,R,S,S,S,R,R,R,SRR3112264
ndaro,SAMN04014854,PDT000380900.1,train,S,R,S,S,S,R,S,R,R,NA,S,R,S,R,S,S,S,R,R,R,SRR7817825
ndaro,SAMN04014854,PDT000380900.1,train,S,R,S,S,S,R,S,R,R,NA,S,R,S,R,S,S,S,R,R,R,SRR7817826
ndaro,SAMN04014855,PDT000267148.1,test,R,R,R,R,R,R,R,R,R,NA,S,R,S,R,R,S,S,R,R,S,SRR3112265
ndaro,SAMN04014855,PDT000267148.1,test,R,R,R,R,R,R,R,R,R,NA,S,R,S,R,R,S,S,R,R,S,SRR6277532
ndaro,SAMN04014855,PDT000267148.1,test,R,R,R,R,R,R,R,R,R,NA,S,R,S,R,R,S,S,R,R,S,SRR6277533
ndaro,SAMN04014856,PDT000267155.1,train,R,R,R,R,R,R,R,R,R,NA,S,R,R,R,R,S,R,R,R,R,SRR3112266
ndaro,SAMN04014856,PDT000267155.1,train,R,R,R,R,R,R,R,R,R,NA,S,R,R,R,R,S,R,R,R,R,SRR6277537
ndaro,SAMN04014856,PDT000267155.1,train,R,R,R,R,R,R,R,R,R,NA,S,R,R,R,R,S,R,R,R,R,SRR6277538
ndaro,SAMN04014858,PDT000267828.1,train,S,S,S,S,S,S,S,S,S,NA,S,S,S,S,S,S,S,S,S,S,SRR3112268
ndaro,SAMN04014858,PDT000267828.1,train,S,S,S,S,S,S,S,S,S,NA,S,S,S,S,S,S,S,S,S,S,SRR6278363
ndaro,SAMN04014858,PDT000267828.1,train,S,S,S,S,S,S,S,S,S,NA,S,S,S,S,S,S,S,S,S,S,SRR6278364
ndaro,SAMN04014860,PDT000267827.1,test,S,R,R,S,S,R,R,S,S,NA,S,S,R,S,R,S,S,S,S,S,SRR3112270
ndaro,SAMN04014860,PDT000267827.1,test,S,R,R,S,S,R,R,S,S,NA,S,S,R,S,R,S,S,S,S,S,SRR6278372
ndaro,SAMN04014860,PDT000267827.1,test,S,R,R,S,S,R,R,S,S,NA,S,S,R,S,R,S,S,S,S,S,SRR6278373
ndaro,SAMN04014860,PDT000267827.1,test,S,R,R,S,S,R,R,S,S,NA,S,S,R,S,R,S,S,S,S,S,SRR6278374
ndaro,SAMN04014889,PDT000158301.1,test,R,R,R,R,R,R,R,R,R,NA,R,R,R,R,R,R,R,S,R,R,SRR3112315
ndaro,SAMN04014889,PDT000158301.1,test,R,R,R,R,R,R,R,R,R,NA,R,R,R,R,R,R,R,S,R,R,SRR3878674
ndaro,SAMN04014896,PDT000219964.1,train,R,R,R,R,R,R,R,R,R,NA,R,R,R,R,R,R,R,R,R,R,SRR4025854
ndaro,SAMN04014896,PDT000219964.1,train,R,R,R,R,R,R,R,R,R,NA,R,R,R,R,R,R,R,R,R,R,SRR5167858
ndaro,SAMN04014896,PDT000219964.1,train,R,R,R,R,R,R,R,R,R,NA,R,R,R,R,R,R,R,R,R,R,SRR5167859
ndaro,SAMN04014896,PDT000219964.1,train,R,R,R,R,R,R,R,R,R,NA,R,R,R,R,R,R,R,R,R,R,SRR5750769
ndaro,SAMN04014896,PDT000219964.1,train,R,R,R,R,R,R,R,R,R,NA,R,R,R,R,R,R,R,R,R,R,SRR5750770
ndaro,SAMN04014899,PDT000216784.1,train,R,R,R,R,R,R,R,R,R,NA,R,R,R,R,R,S,R,R,S,R,SRR4025855
ndaro,SAMN04014899,PDT000216784.1,train,R,R,R,R,R,R,R,R,R,NA,R,R,R,R,R,S,R,R,S,R,SRR5168210
ndaro,SAMN04014899,PDT000216784.1,train,R,R,R,R,R,R,R,R,R,NA,R,R,R,R,R,S,R,R,S,R,SRR5168211
ndaro,SAMN04014899,PDT000216784.1,train,R,R,R,R,R,R,R,R,R,NA,R,R,R,R,R,S,R,R,S,R,SRR5749732
ndaro,SAMN04014902,PDT000197013.1,train,R,R,R,R,R,R,S,R,R,NA,R,R,R,R,S,R,R,R,R,R,SRR4025857
ndaro,SAMN04014902,PDT000197013.1,train,R,R,R,R,R,R,S,R,R,NA,R,R,R,R,S,R,R,R,R,R,SRR5168215
ndaro,SAMN04014902,PDT000197013.1,train,R,R,R,R,R,R,S,R,R,NA,R,R,R,R,S,R,R,R,R,R,SRR5168216
ndaro,SAMN04014902,PDT000197013.1,train,R,R,R,R,R,R,S,R,R,NA,R,R,R,R,S,R,R,R,R,R,SRR5740774
ndaro,SAMN04014902,PDT000197013.1,train,R,R,R,R,R,R,S,R,R,NA,R,R,R,R,S,R,R,R,R,R,SRR5740776
ndaro,SAMN04014908,PDT000380902.1,train,R,R,R,R,S,R,R,S,R,NA,S,S,R,S,R,S,S,S,S,S,SRR3290650
ndaro,SAMN04014908,PDT000380902.1,train,R,R,R,R,S,R,R,S,R,NA,S,S,R,S,R,S,S,S,S,S,SRR7817909
ndaro,SAMN04014910,PDT000197014.1,train,R,R,R,R,R,R,S,R,R,NA,R,R,R,S,S,R,R,R,R,R,SRR4025859
ndaro,SAMN04014910,PDT000197014.1,train,R,R,R,R,R,R,S,R,R,NA,R,R,R,S,S,R,R,R,R,R,SRR5168223
ndaro,SAMN04014910,PDT000197014.1,train,R,R,R,R,R,R,S,R,R,NA,R,R,R,S,S,R,R,R,R,R,SRR5168224
ndaro,SAMN04014910,PDT000197014.1,train,R,R,R,R,R,R,S,R,R,NA,R,R,R,S,S,R,R,R,R,R,SRR5740850
ndaro,SAMN04014918,PDT000289953.1,train,S,S,S,S,S,S,S,S,S,NA,S,S,S,S,S,S,S,S,S,S,SRR3112326
ndaro,SAMN04014918,PDT000289953.1,train,S,S,S,S,S,S,S,S,S,NA,S,S,S,S,S,S,S,S,S,S,SRR6703161
ndaro,SAMN04014922,PDT000294786.1,train,R,R,R,R,R,R,R,R,R,NA,S,S,R,S,R,S,S,S,S,S,SRR3112329
ndaro,SAMN04014922,PDT000294786.1,train,R,R,R,R,R,R,R,R,R,NA,S,S,R,S,R,S,S,S,S,S,SRR6817615
ndaro,SAMN04014926,PDT000329816.1,test,R,R,R,R,R,R,R,R,R,NA,R,S,R,S,R,S,R,R,S,R,SRR3112331
ndaro,SAMN04014926,PDT000329816.1,test,R,R,R,R,R,R,R,R,R,NA,R,S,R,S,R,S,R,R,S,R,SRR7252659
ndaro,SAMN04014927,PDT000380899.1,train,R,R,R,R,S,R,R,R,R,NA,R,R,R,R,R,S,R,R,R,R,SRR3112332
ndaro,SAMN04014927,PDT000380899.1,train,R,R,R,R,S,R,R,R,R,NA,R,R,R,R,R,S,R,R,R,R,SRR7818146
ndaro,SAMN04014930,PDT000380903.1,train,R,R,R,R,R,R,S,R,R,NA,S,S,R,S,S,S,S,R,S,S,SRR3112334
ndaro,SAMN04014930,PDT000380903.1,train,R,R,R,R,R,R,S,R,R,NA,S,S,R,S,S,S,S,R,S,S,SRR7818258
ndaro,SAMN04014945,PDT000197015.1,train,R,R,R,R,R,R,R,R,R,NA,R,R,R,S,R,S,R,R,S,R,SRR4025862
ndaro,SAMN04014945,PDT000197015.1,train,R,R,R,R,R,R,R,R,R,NA,R,R,R,S,R,S,R,R,S,R,SRR5168233
ndaro,SAMN04014945,PDT000197015.1,train,R,R,R,R,R,R,R,R,R,NA,R,R,R,S,R,S,R,R,S,R,SRR5168234
ndaro,SAMN04014945,PDT000197015.1,train,R,R,R,R,R,R,R,R,R,NA,R,R,R,S,R,S,R,R,S,R,SRR5740851
ndaro,SAMN04014945,PDT000197015.1,train,R,R,R,R,R,R,R,R,R,NA,R,R,R,S,R,S,R,R,S,R,SRR5740852
ndaro,SAMN04014955,PDT000218720.1,test,R,R,NA,R,R,R,R,R,R,NA,R,R,R,S,R,R,R,S,R,R,SRR4025978
ndaro,SAMN04014955,PDT000218720.1,test,R,R,NA,R,R,R,R,R,R,NA,R,R,R,S,R,R,R,S,R,R,SRR5168373
ndaro,SAMN04014955,PDT000218720.1,test,R,R,NA,R,R,R,R,R,R,NA,R,R,R,S,R,R,R,S,R,R,SRR5168374
ndaro,SAMN04014955,PDT000218720.1,test,R,R,NA,R,R,R,R,R,R,NA,R,R,R,S,R,R,R,S,R,R,SRR5742258
ndaro,SAMN04014955,PDT000218720.1,test,R,R,NA,R,R,R,R,R,R,NA,R,R,R,S,R,R,R,S,R,R,SRR5742259
ndaro,SAMN04014960,PDT000216782.1,test,R,R,R,R,R,R,R,R,R,NA,R,R,R,R,R,R,NA,S,R,R,SRR4025982
ndaro,SAMN04014960,PDT000216782.1,test,R,R,R,R,R,R,R,R,R,NA,R,R,R,R,R,R,NA,S,R,R,SRR5168382
ndaro,SAMN04014960,PDT000216782.1,test,R,R,R,R,R,R,R,R,R,NA,R,R,R,R,R,R,NA,S,R,R,SRR5168383
ndaro,SAMN04014960,PDT000216782.1,test,R,R,R,R,R,R,R,R,R,NA,R,R,R,R,R,R,NA,S,R,R,SRR5742588
ndaro,SAMN04014960,PDT000216782.1,test,R,R,R,R,R,R,R,R,R,NA,R,R,R,R,R,R,NA,S,R,R,SRR5742589
ndaro,SAMN04014969,PDT000216786.1,test,R,R,R,R,R,R,R,R,R,NA,R,R,R,R,R,R,NA,R,R,R,SRR4025986
ndaro,SAMN04014969,PDT000216786.1,test,R,R,R,R,R,R,R,R,R,NA,R,R,R,R,R,R,NA,R,R,R,SRR5168391
ndaro,SAMN04014969,PDT000216786.1,test,R,R,R,R,R,R,R,R,R,NA,R,R,R,R,R,R,NA,R,R,R,SRR5168392
ndaro,SAMN04014969,PDT000216786.1,test,R,R,R,R,R,R,R,R,R,NA,R,R,R,R,R,R,NA,R,R,R,SRR5750295
ndaro,SAMN04014978,PDT000219963.1,test,R,R,R,R,R,R,R,R,R,NA,R,R,R,R,R,R,R,R,R,R,SRR4025989
ndaro,SAMN04014978,PDT000219963.1,test,R,R,R,R,R,R,R,R,R,NA,R,R,R,R,R,R,R,R,R,R,SRR5168479
ndaro,SAMN04014978,PDT000219963.1,test,R,R,R,R,R,R,R,R,R,NA,R,R,R,R,R,R,R,R,R,R,SRR5168480
ndaro,SAMN04014978,PDT000219963.1,test,R,R,R,R,R,R,R,R,R,NA,R,R,R,R,R,R,R,R,R,R,SRR5746514
ndaro,SAMN04014990,PDT000216781.1,test,R,R,R,S,R,R,R,R,R,NA,R,R,R,S,R,R,R,S,S,S,SRR4025997
ndaro,SAMN04014990,PDT000216781.1,test,R,R,R,S,R,R,R,R,R,NA,R,R,R,S,R,R,R,S,S,S,SRR5168500
ndaro,SAMN04014990,PDT000216781.1,test,R,R,R,S,R,R,R,R,R,NA,R,R,R,S,R,R,R,S,S,S,SRR5168501
ndaro,SAMN04014990,PDT000216781.1,test,R,R,R,S,R,R,R,R,R,NA,R,R,R,S,R,R,R,S,S,S,SRR5168502
ndaro,SAMN04014990,PDT000216781.1,test,R,R,R,S,R,R,R,R,R,NA,R,R,R,S,R,R,R,S,S,S,SRR5750456
ndaro,SAMN04014991,PDT000218721.1,test,R,R,R,R,R,R,R,R,R,NA,R,R,R,S,R,R,R,R,S,R,SRR4025998
ndaro,SAMN04014991,PDT000218721.1,test,R,R,R,R,R,R,R,R,R,NA,R,R,R,S,R,R,R,R,S,R,SRR5168503
ndaro,SAMN04014991,PDT000218721.1,test,R,R,R,R,R,R,R,R,R,NA,R,R,R,S,R,R,R,R,S,R,SRR5168504
ndaro,SAMN04014991,PDT000218721.1,test,R,R,R,R,R,R,R,R,R,NA,R,R,R,S,R,R,R,R,S,R,SRR5168505
ndaro,SAMN04014991,PDT000218721.1,test,R,R,R,R,R,R,R,R,R,NA,R,R,R,S,R,R,R,R,S,R,SRR5750457
ndaro,SAMN04014991,PDT000218721.1,test,R,R,R,R,R,R,R,R,R,NA,R,R,R,S,R,R,R,R,S,R,SRR5750458
ndaro,SAMN04014992,PDT000216785.1,test,R,R,R,R,R,R,R,R,R,NA,R,R,R,S,R,R,R,R,R,R,SRR4025999
ndaro,SAMN04014992,PDT000216785.1,test,R,R,R,R,R,R,R,R,R,NA,R,R,R,S,R,R,R,R,R,R,SRR5168506
ndaro,SAMN04014992,PDT000216785.1,test,R,R,R,R,R,R,R,R,R,NA,R,R,R,S,R,R,R,R,R,R,SRR5168507
ndaro,SAMN04014992,PDT000216785.1,test,R,R,R,R,R,R,R,R,R,NA,R,R,R,S,R,R,R,R,R,R,SRR5168508
ndaro,SAMN04014992,PDT000216785.1,test,R,R,R,R,R,R,R,R,R,NA,R,R,R,S,R,R,R,R,R,R,SRR5750470
ndaro,SAMN04014992,PDT000216785.1,test,R,R,R,R,R,R,R,R,R,NA,R,R,R,S,R,R,R,R,R,R,SRR5750471
ndaro,SAMN04015003,PDT000216783.1,test,R,R,R,R,R,R,R,R,R,NA,R,R,R,S,R,R,R,R,S,S,SRR4026005
ndaro,SAMN04015003,PDT000216783.1,test,R,R,R,R,R,R,R,R,R,NA,R,R,R,S,R,R,R,R,S,S,SRR5168522
ndaro,SAMN04015003,PDT000216783.1,test,R,R,R,R,R,R,R,R,R,NA,R,R,R,S,R,R,R,R,S,S,SRR5168523
ndaro,SAMN04015003,PDT000216783.1,test,R,R,R,R,R,R,R,R,R,NA,R,R,R,S,R,R,R,R,S,S,SRR5750477
ndaro,SAMN04393397,PDT000102014.2,test,NA,NA,NA,NA,NA,NA,NA,NA,NA,NA,NA,NA,NA,NA,NA,NA,NA,NA,NA,R,SRR3095381
ndaro,SAMN04622917,PDT000124861.3,train,NA,NA,NA,NA,NA,NA,NA,NA,NA,NA,NA,R,NA,NA,NA,NA,NA,S,NA,R,SRR3618626
ndaro,SAMN05194389,PDT000133637.2,test,NA,NA,NA,NA,NA,NA,NA,NA,NA,NA,NA,NA,NA,NA,NA,NA,NA,S,NA,S,SRR3615372
ndaro,SAMN05194390,PDT000133638.2,train,NA,NA,NA,NA,NA,NA,NA,NA,NA,NA,NA,NA,NA,NA,NA,NA,NA,NA,NA,R,SRR3615373
ndaro,SAMN06808253,PDT000213276.1,train,NA,NA,NA,R,R,NA,R,NA,R,NA,NA,NA,NA,S,NA,NA,NA,NA,NA,R,SRR5482170
ndaro,SAMN07203014,PDT000230871.1,train,NA,NA,NA,NA,NA,NA,NA,R,NA,NA,NA,NA,NA,NA,NA,NA,NA,NA,NA,NA,SRR5660176
ndaro,SAMN07203015,PDT000230870.1,train,NA,NA,NA,NA,NA,NA,NA,R,NA,NA,NA,NA,NA,NA,NA,NA,NA,NA,NA,NA,SRR5660175
ndaro,SAMN07291511,PDT000294789.1,train,NA,R,R,S,S,R,S,S,S,NA,S,S,S,S,S,S,S,S,S,R,SRR6807649
ndaro,SAMN07291511,PDT000294789.1,train,NA,R,R,S,S,R,S,S,S,NA,S,S,S,S,S,S,S,S,S,R,SRR6807650
ndaro,SAMN07291512,PDT000292891.1,train,NA,R,R,R,R,R,S,R,R,NA,S,R,S,R,S,S,S,S,R,R,SRR6799401
ndaro,SAMN07291512,PDT000292891.1,train,NA,R,R,R,R,R,S,R,R,NA,S,R,S,R,S,S,S,S,R,R,SRR6799402
ndaro,SAMN07291513,PDT000294791.1,train,NA,R,R,R,R,R,R,R,R,NA,S,R,R,S,R,S,R,R,R,S,SRR6799403
ndaro,SAMN07291513,PDT000294791.1,train,NA,R,R,R,R,R,R,R,R,NA,S,R,R,S,R,S,R,R,R,S,SRR6799404
ndaro,SAMN07291513,PDT000294791.1,train,NA,R,R,R,R,R,R,R,R,NA,S,R,R,S,R,S,R,R,R,S,SRR6799405
ndaro,SAMN07291514,PDT000294790.1,test,NA,R,R,R,R,R,R,R,R,NA,S,R,R,S,R,S,R,R,S,R,SRR6799406
ndaro,SAMN07291514,PDT000294790.1,test,NA,R,R,R,R,R,R,R,R,NA,S,R,R,S,R,S,R,R,S,R,SRR6799407
ndaro,SAMN07291515,PDT000292892.1,train,NA,R,R,R,R,R,R,R,R,NA,S,R,R,R,R,S,R,R,R,R,SRR6807651
ndaro,SAMN07291515,PDT000292892.1,train,NA,R,R,R,R,R,R,R,R,NA,S,R,R,R,R,S,R,R,R,R,SRR6807652
ndaro,SAMN07291517,PDT000294787.1,test,NA,R,R,R,R,R,R,R,R,NA,S,S,R,S,R,S,R,R,R,R,SRR6799408
ndaro,SAMN07291517,PDT000294787.1,test,NA,R,R,R,R,R,R,R,R,NA,S,S,R,S,R,S,R,R,R,R,SRR6799409
ndaro,SAMN07291521,PDT000358737.1,train,NA,S,S,S,S,S,R,S,S,NA,S,S,S,S,R,S,S,R,S,R,SRR6985671
ndaro,SAMN07291521,PDT000358737.1,train,NA,S,S,S,S,S,R,S,S,NA,S,S,S,S,R,S,S,R,S,R,SRR6985672
ndaro,SAMN07291526,PDT000352556.1,test,NA,R,R,R,R,R,R,R,R,NA,S,R,R,S,R,S,R,R,S,R,SRR6994974
ndaro,SAMN07291526,PDT000352556.1,test,NA,R,R,R,R,R,R,R,R,NA,S,R,R,S,R,S,R,R,S,R,SRR6994975
ndaro,SAMN07291528,PDT000310772.1,test,NA,R,R,R,R,R,R,R,R,NA,R,R,R,R,R,R,R,R,R,R,SRR6994978
ndaro,SAMN07291528,PDT000310772.1,test,NA,R,R,R,R,R,R,R,R,NA,R,R,R,R,R,R,R,R,R,R,SRR6994979
ndaro,SAMN07291529,PDT000310773.1,test,NA,R,R,R,R,R,R,R,R,NA,S,S,R,S,R,S,R,R,R,R,SRR6994980
ndaro,SAMN07291529,PDT000310773.1,test,NA,R,R,R,R,R,R,R,R,NA,S,S,R,S,R,S,R,R,R,R,SRR6994981
ndaro,SAMN07291530,PDT000310771.1,train,NA,R,R,R,R,R,R,R,R,NA,S,R,R,S,R,S,R,R,R,R,SRR6985675
ndaro,SAMN07291530,PDT000310771.1,train,NA,R,R,R,R,R,R,R,R,NA,S,R,R,S,R,S,R,R,R,R,SRR6985676
ndaro,SAMN07291543,PDT000352555.1,test,NA,R,R,R,R,R,S,R,R,NA,R,R,R,S,S,R,R,R,S,S,SRR6994993
ndaro,SAMN07291543,PDT000352555.1,test,NA,R,R,R,R,R,S,R,R,NA,R,R,R,S,S,R,R,R,S,S,SRR6994994
ndaro,SAMN07291544,PDT000343391.1,train,NA,R,R,R,R,R,R,R,R,NA,R,R,R,R,R,S,R,R,R,R,SRR6985737
ndaro,SAMN07291544,PDT000343391.1,train,NA,R,R,R,R,R,R,R,R,NA,R,R,R,R,R,S,R,R,R,R,SRR6985738
ndaro,SAMN07291545,PDT000343389.1,test,NA,R,R,S,R,R,R,R,R,NA,R,R,R,S,R,R,R,R,S,R,SRR6985692
ndaro,SAMN07291545,PDT000343389.1,test,NA,R,R,S,R,R,R,R,R,NA,R,R,R,S,R,R,R,R,S,R,SRR6985693
ndaro,SAMN07291545,PDT000343389.1,test,NA,R,R,S,R,R,R,R,R,NA,R,R,R,S,R,R,R,R,S,R,SRR6985694
ndaro,SAMN07450657,PDT000233311.1,test,NA,NA,NA,NA,NA,NA,NA,R,NA,NA,NA,NA,NA,NA,NA,NA,NA,NA,NA,NA,SRR5943519
ndaro,SAMN07450658,PDT000233332.1,train,NA,NA,NA,NA,NA,NA,NA,R,NA,NA,NA,NA,NA,NA,NA,NA,NA,NA,NA,NA,SRR5943516
ndaro,SAMN07450659,PDT000233309.1,train,NA,NA,NA,NA,NA,NA,NA,R,NA,NA,NA,NA,NA,NA,NA,NA,NA,NA,NA,NA,SRR5943515
ndaro,SAMN07450705,PDT000233317.1,train,NA,NA,NA,NA,NA,NA,NA,R,NA,NA,NA,NA,NA,NA,NA,NA,NA,NA,NA,NA,SRR5943577
ndaro,SAMN07450712,PDT000233336.1,test,NA,NA,NA,NA,NA,NA,NA,R,NA,NA,NA,NA,NA,NA,NA,NA,NA,NA,NA,NA,SRR5943568
ndaro,SAMN07602583,PDT000325637.1,train,R,R,NA,R,R,NA,R,R,R,R,R,NA,NA,S,R,R,R,R,R,R,SRR6037661
ndaro,SAMN07602583,PDT000325637.1,train,R,R,NA,R,R,NA,R,R,R,R,R,NA,NA,S,R,R,R,R,R,R,SRR6037665
narms,SAMN04482383,AM36236,test,S,S,NA,NA,NA,NA,S,S,NA,NA,NA,NA,S,S,NA,NA,NA,S,NA,S,SRR3158825
narms,SAMN04498714,AM32010,train,S,S,NA,NA,NA,NA,S,S,NA,NA,NA,NA,S,S,NA,NA,NA,S,NA,S,SRR3178058
narms,SAMN04633887,AM21614,train,S,S,NA,NA,NA,NA,S,S,NA,NA,NA,NA,S,S,NA,NA,NA,S,NA,S,SRR3371801
narms,SAMN04634089,AM24756,test,S,S,NA,NA,NA,NA,S,S,NA,NA,NA,NA,S,S,NA,NA,NA,S,NA,S,SRR3371809
narms,SAMN04634151,AM32177,train,S,S,NA,NA,NA,NA,S,S,NA,NA,NA,NA,S,S,NA,NA,NA,S,NA,S,SRR3371825
narms,SAMN10112251,2018AM-1462,train,S,S,NA,NA,NA,NA,S,S,NA,NA,NA,NA,S,S,NA,NA,NA,S,NA,S,SRR7894997
narms,SAMN10112322,2018AM-3972,train,S,S,NA,NA,NA,NA,S,S,NA,NA,NA,NA,S,S,NA,NA,NA,S,NA,S,SRR7895074
narms,SAMN10138408,2018AM-3828,test,S,S,NA,NA,NA,NA,S,S,NA,NA,NA,NA,S,S,NA,NA,NA,S,NA,S,SRR7908895
narms,SAMN10163149,2018AM-2709,test,S,S,NA,NA,NA,NA,S,S,NA,NA,NA,NA,S,S,NA,NA,NA,S,NA,S,SRR7949714
narms,SAMN10170520,2018AM-3523,test,S,S,NA,NA,NA,NA,S,S,NA,NA,NA,NA,S,S,NA,NA,NA,R,NA,S,SRR7958544
narms,SAMN10293210,2018AM-2446,train,S,S,NA,NA,NA,NA,S,S,NA,NA,NA,NA,S,S,NA,NA,NA,S,NA,S,SRR8111030
narms,SAMN10348383,2018AM-3195,train,S,S,NA,NA,NA,NA,S,S,NA,NA,NA,NA,S,S,NA,NA,NA,S,NA,S,SRR8136756
narms,SAMN10348479,2018AM-3075,test,S,S,NA,NA,NA,NA,S,S,NA,NA,NA,NA,S,S,NA,NA,NA,S,NA,S,SRR8136775
narms,SAMN10348493,2018AM-3587,test,S,S,NA,NA,NA,NA,S,S,NA,NA,NA,NA,S,S,NA,NA,NA,S,NA,S,SRR8136784
narms,SAMN10352937,2018AM-3073,test,S,S,NA,NA,NA,NA,S,S,NA,NA,NA,NA,S,S,NA,NA,NA,S,NA,S,SRR8139162
narms,SAMN10353493,2018AM-3667,test,S,S,NA,NA,NA,NA,S,S,NA,NA,NA,NA,S,S,NA,NA,NA,S,NA,S,SRR8139711
narms,SAMN10353501,2018AM-3588,train,S,S,NA,NA,NA,NA,S,S,NA,NA,NA,NA,S,S,NA,NA,NA,S,NA,S,SRR8139715
narms,SAMN10355052,2018AM-2940,train,S,S,NA,NA,NA,NA,S,S,NA,NA,NA,NA,S,S,NA,NA,NA,S,NA,S,SRR8141228
narms,SAMN10355068,2017AM-2051,train,S,R,NA,NA,NA,NA,S,S,NA,NA,NA,NA,S,S,NA,NA,NA,S,NA,S,SRR8141240
patric,SAMEA3531745,562.12962,train,S,R,NA,S,S,NA,R,NA,R,R,S,S,S,S,NA,S,S,NA,S,NA,ERR1218638
patric,SAMEA3531867,562.12961,train,S,R,NA,R,R,NA,R,NA,R,R,S,S,S,R,NA,S,S,NA,S,NA,ERR1218722
patric,SAMN02138622,1328436.3,train,NA,NA,NA,NA,NA,NA,NA,NA,NA,NA,NA,NA,NA,NA,NA,R,NA,NA,NA,NA,SRR850809
patric,SAMN02138622,1328436.3,train,NA,NA,NA,NA,NA,NA,NA,NA,NA,NA,NA,NA,NA,NA,NA,R,NA,NA,NA,NA,SRR850810
patric,SAMN02138626,1328438.3,train,NA,NA,NA,NA,NA,NA,NA,NA,NA,NA,NA,NA,NA,NA,NA,R,NA,NA,NA,NA,SRR850828
patric,SAMN02138626,1328438.3,train,NA,NA,NA,NA,NA,NA,NA,NA,NA,NA,NA,NA,NA,NA,NA,R,NA,NA,NA,NA,SRR850829
patric,SAMN02138650,1328447.3,train,NA,NA,NA,NA,NA,NA,NA,NA,NA,NA,NA,NA,NA,NA,NA,R,NA,NA,NA,NA,SRR850803
patric,SAMN02138650,1328447.3,train,NA,NA,NA,NA,NA,NA,NA,NA,NA,NA,NA,NA,NA,NA,NA,R,NA,NA,NA,NA,SRR850804
patric,SAMN02138650,1328447.3,train,NA,NA,NA,NA,NA,NA,NA,NA,NA,NA,NA,NA,NA,NA,NA,R,NA,NA,NA,NA,SRR867699
patric,SAMN02138650,1328447.3,train,NA,NA,NA,NA,NA,NA,NA,NA,NA,NA,NA,NA,NA,NA,NA,R,NA,NA,NA,NA,SRR960873
patric,SAMN02581258,1438690.4,train,NA,NA,NA,NA,R,NA,NA,NA,NA,NA,NA,NA,R,NA,NA,NA,NA,NA,NA,NA,SRR1180761
patric,SAMN02581258,1438690.4,train,NA,NA,NA,NA,R,NA,NA,NA,NA,NA,NA,NA,R,NA,NA,NA,NA,NA,NA,NA,SRR1181001
patric,SAMN02581258,1438690.4,train,NA,NA,NA,NA,R,NA,NA,NA,NA,NA,NA,NA,R,NA,NA,NA,NA,NA,NA,NA,SRR1187752
patric,SAMN02581258,1438690.4,train,NA,NA,NA,NA,R,NA,NA,NA,NA,NA,NA,NA,R,NA,NA,NA,NA,NA,NA,NA,SRR1187784
patric,SAMN03892121,562.42755,train,NA,NA,NA,NA,NA,NA,NA,NA,NA,NA,NA,NA,NA,S,NA,R,NA,NA,NA,R,SRR2134681
patric,SAMN03892127,562.42751,train,R,NA,NA,NA,S,NA,NA,S,NA,NA,S,S,R,S,NA,S,S,S,S,R,SRR2134675
patric,SAMN04014861,562.42761,train,R,R,R,S,S,R,R,S,S,NA,S,S,R,S,R,S,S,S,S,S,SRR4025843
patric,SAMN04014925,562.42762,train,S,R,S,S,R,S,R,S,S,NA,S,S,R,S,R,S,S,S,S,R,SRR3242018
patric,SAMN04014959,562.16324,test,R,R,R,R,R,R,R,R,R,NA,R,R,R,R,R,R,NA,S,R,R,SRR4025981
patric,SAMN04014959,562.16324,test,R,R,R,R,R,R,R,R,R,NA,R,R,R,R,R,R,NA,S,R,R,SRR5168379
patric,SAMN04014959,562.16324,test,R,R,R,R,R,R,R,R,R,NA,R,R,R,R,R,R,NA,S,R,R,SRR5168380
patric,SAMN04014959,562.16324,test,R,R,R,R,R,R,R,R,R,NA,R,R,R,R,R,R,NA,S,R,R,SRR5168381
patric,SAMN04014959,562.16324,test,R,R,R,R,R,R,R,R,R,NA,R,R,R,R,R,R,NA,S,R,R,SRR5724752
patric,SAMN04014959,562.16324,test,R,R,R,R,R,R,R,R,R,NA,R,R,R,R,R,R,NA,S,R,R,SRR5724753
patric,SAMN04022942,562.42758,train,S,NA,NA,NA,R,NA,R,R,NA,NA,NA,NA,S,S,R,S,S,S,S,S,SRR2976832
patric,SAMN04022943,562.42757,test,NA,NA,NA,NA,R,NA,R,R,NA,NA,S,S,NA,NA,R,S,S,NA,S,R,SRR2976833
patric,SAMN04022944,562.42756,train,S,NA,NA,NA,R,NA,NA,NA,NA,NA,S,R,S,S,NA,S,S,S,S,R,SRR2976834
patric,SAMN04022946,562.42754,train,NA,NA,NA,NA,S,NA,S,S,NA,NA,S,S,S,S,S,S,R,S,S,S,SRR2976836
patric,SAMN04096278,562.42634,train,R,NA,NA,NA,R,NA,NA,S,NA,NA,S,S,S,NA,NA,S,NA,NA,NA,R,SRR2449254
patric,SAMN04096283,562.42763,test,S,NA,R,R,NA,NA,NA,NA,NA,NA,S,S,NA,NA,NA,S,S,NA,NA,R,SRR2449036
patric,SAMN04096284,562.42774,train,S,NA,NA,R,NA,NA,NA,NA,NA,NA,S,S,NA,NA,NA,S,S,NA,NA,R,SRR2449085
patric,SAMN04096285,562.42784,train,NA,NA,NA,R,NA,NA,NA,NA,NA,NA,S,R,NA,NA,NA,S,S,NA,NA,S,SRR2449109
patric,SAMN04096286,562.42797,train,NA,NA,NA,R,NA,NA,NA,NA,NA,NA,S,R,NA,NA,NA,S,S,NA,NA,R,SRR2449140
patric,SAMN04096287,562.42809,train,R,NA,NA,R,NA,NA,NA,NA,NA,NA,S,S,NA,NA,NA,S,S,NA,NA,S,SRR2449141
patric,SAMN04096288,562.42816,train,R,NA,NA,R,NA,NA,NA,NA,NA,NA,S,S,NA,S,NA,S,S,NA,NA,R,SRR2449142
patric,SAMN04096289,562.42817,train,NA,NA,NA,R,NA,NA,NA,NA,NA,NA,S,R,NA,NA,NA,S,S,NA,NA,R,SRR2449143
patric,SAMN04096290,562.42818,train,R,R,R,R,NA,R,R,R,NA,NA,S,S,NA,R,R,S,S,NA,NA,NA,SRR2449168
patric,SAMN04096291,562.42819,train,S,NA,R,R,NA,NA,NA,NA,NA,NA,S,S,NA,NA,NA,S,S,NA,NA,R,SRR2449204
patric,SAMN04096292,562.42764,train,S,NA,NA,R,NA,NA,NA,NA,NA,NA,S,S,NA,NA,NA,S,S,NA,NA,R,SRR2449248
patric,SAMN04122807,562.42635,train,NA,NA,NA,NA,NA,NA,NA,NA,NA,NA,NA,NA,NA,S,NA,R,NA,S,NA,R,SRR2544780
patric,SAMN04122814,562.42765,train,R,NA,NA,R,NA,NA,NA,NA,NA,NA,S,R,NA,NA,NA,S,S,NA,NA,R,SRR2544769
patric,SAMN04122815,562.42766,train,S,NA,NA,R,NA,NA,NA,NA,NA,NA,S,S,NA,S,NA,S,S,NA,NA,R,SRR2544770
patric,SAMN04122816,562.42767,train,R,NA,NA,NA,NA,NA,NA,NA,NA,NA,S,R,NA,NA,NA,S,S,NA,NA,S,SRR2544771
patric,SAMN04122817,562.42768,train,NA,NA,NA,R,NA,NA,NA,NA,NA,NA,S,R,NA,NA,NA,S,R,NA,NA,R,SRR2544772
patric,SAMN04122818,562.42769,train,S,NA,NA,R,NA,NA,NA,NA,NA,NA,S,R,NA,NA,NA,S,S,NA,NA,R,SRR2544773
patric,SAMN04122820,562.42771,train,S,NA,NA,R,NA,NA,NA,NA,NA,NA,S,S,NA,S,NA,S,S,NA,NA,R,SRR2544775
patric,SAMN04122821,562.42772,test,NA,NA,NA,NA,NA,NA,R,NA,NA,NA,S,R,NA,NA,R,S,S,NA,NA,R,SRR2544776
patric,SAMN04122822,562.42773,train,NA,NA,NA,NA,NA,NA,NA,NA,NA,NA,S,R,NA,NA,NA,S,S,NA,NA,R,SRR2544777
patric,SAMN04122823,562.42775,train,S,NA,R,R,NA,NA,NA,NA,NA,NA,S,S,NA,NA,NA,S,S,NA,NA,R,SRR2544778
patric,SAMN04279645,562.42776,train,S,NA,S,R,NA,NA,NA,NA,NA,NA,S,S,NA,S,NA,S,S,NA,NA,R,SRR2927303
patric,SAMN04279646,562.42777,train,S,NA,S,S,NA,NA,NA,NA,NA,NA,S,S,NA,S,NA,S,S,NA,NA,R,SRR2927304
patric,SAMN04279647,562.42779,train,NA,NA,NA,R,NA,NA,NA,NA,NA,NA,S,NA,NA,S,NA,S,S,S,NA,R,SRR2927305
patric,SAMN04279649,562.42781,train,NA,NA,NA,R,NA,NA,NA,NA,NA,NA,S,NA,NA,S,NA,S,S,S,NA,S,SRR2927307
patric,SAMN04279650,562.42782,train,S,NA,NA,NA,NA,NA,NA,NA,NA,NA,S,R,NA,S,NA,S,S,S,NA,S,SRR2927308
patric,SAMN04339716,562.42636,train,S,NA,NA,NA,S,NA,NA,NA,NA,NA,S,S,S,S,NA,S,S,S,S,S,SRR3057131
patric,SAMN04339718,562.42637,train,S,NA,NA,NA,S,NA,NA,NA,NA,NA,S,S,S,S,NA,S,S,S,S,S,SRR3057133
patric,SAMN04339719,562.42638,train,S,NA,NA,NA,S,NA,NA,NA,NA,NA,S,S,R,S,NA,S,S,NA,S,R,SRR3057134
patric,SAMN04339720,562.42639,test,S,NA,NA,NA,R,NA,NA,NA,NA,NA,S,R,R,S,NA,S,S,NA,S,R,SRR3057135
patric,SAMN04339722,562.42641,train,S,NA,NA,NA,S,NA,NA,R,NA,NA,NA,NA,S,S,NA,S,R,NA,R,R,SRR3057120
patric,SAMN04339723,562.42642,test,NA,NA,NA,NA,R,NA,S,R,NA,NA,S,S,NA,S,S,S,R,NA,NA,S,SRR3057121
patric,SAMN04339724,562.42643,train,S,NA,NA,NA,S,NA,NA,R,NA,NA,S,NA,S,S,R,S,S,S,S,S,SRR3057122
patric,SAMN04339725,562.42644,train,S,NA,NA,NA,S,NA,NA,R,NA,NA,S,S,S,S,NA,S,S,NA,S,R,SRR3057123
patric,SAMN04339726,562.42645,train,S,NA,NA,NA,S,NA,NA,R,NA,NA,S,S,S,S,NA,S,S,NA,S,R,SRR3057124
patric,SAMN04339727,562.42646,test,S,NA,NA,NA,S,NA,NA,R,NA,NA,NA,NA,S,S,R,S,S,S,S,S,SRR3057125
patric,SAMN04339728,562.42778,test,NA,NA,NA,NA,NA,NA,R,NA,NA,NA,S,R,NA,NA,R,S,S,NA,NA,R,SRR3057126
patric,SAMN04393387,562.42651,train,S,NA,NA,NA,R,NA,NA,NA,NA,NA,S,NA,R,S,NA,S,S,NA,S,R,SRR3095384
patric,SAMN04393388,562.42652,train,S,NA,NA,NA,NA,NA,NA,NA,NA,NA,S,NA,S,S,NA,S,S,S,S,R,SRR3095385
patric,SAMN04393390,562.42653,train,R,NA,NA,NA,R,NA,NA,NA,NA,NA,S,S,S,NA,NA,S,S,NA,R,R,SRR3095387
patric,SAMN04393391,562.42654,test,NA,NA,NA,NA,NA,NA,NA,NA,NA,NA,S,S,NA,S,NA,S,NA,NA,S,R,SRR3095388
patric,SAMN04393394,562.42656,train,NA,NA,NA,NA,NA,NA,S,R,NA,NA,S,S,NA,S,S,S,R,S,S,S,SRR3095391
patric,SAMN04393395,562.42658,test,R,NA,NA,NA,R,NA,NA,NA,NA,NA,S,R,S,S,NA,S,S,NA,S,R,SRR3095379
patric,SAMN04393396,562.42659,train,S,NA,NA,NA,S,NA,NA,NA,NA,NA,S,S,S,S,NA,S,S,NA,S,R,SRR3095380
patric,SAMN04393398,562.42661,train,S,NA,NA,NA,R,NA,NA,NA,NA,NA,S,R,S,NA,NA,S,S,S,R,S,SRR3095382
patric,SAMN04448242,562.42686,test,R,R,R,NA,S,R,R,R,R,NA,R,R,R,R,R,S,R,R,R,R,SRR3222296
patric,SAMN04456582,562.42663,train,S,NA,NA,NA,R,NA,NA,NA,NA,NA,S,R,S,NA,NA,S,S,NA,S,R,SRR3168641
patric,SAMN04456584,562.42664,train,NA,NA,NA,NA,R,NA,NA,NA,NA,NA,S,NA,S,S,NA,S,NA,NA,NA,R,SRR3168643
patric,SAMN04622919,562.42783,test,NA,NA,NA,NA,NA,NA,NA,NA,NA,NA,S,R,NA,NA,NA,S,S,NA,NA,R,SRR3345827
patric,SAMN04622921,562.42786,train,R,NA,NA,NA,NA,NA,NA,NA,NA,NA,S,R,NA,S,NA,S,S,NA,NA,S,SRR3345829
patric,SAMN04622922,562.42787,train,NA,NA,NA,S,NA,NA,NA,NA,NA,NA,S,S,NA,S,NA,S,S,NA,NA,R,SRR3345830
patric,SAMN04622923,562.42788,train,R,NA,NA,R,NA,NA,NA,NA,NA,NA,S,R,NA,NA,NA,S,S,NA,NA,R,SRR3345831
patric,SAMN04622926,562.42791,train,R,NA,NA,R,NA,NA,NA,NA,NA,NA,S,R,NA,NA,NA,S,S,NA,NA,R,SRR3345834
patric,SAMN04622928,562.42794,test,R,NA,NA,R,NA,NA,NA,NA,NA,NA,S,S,NA,S,NA,S,S,NA,NA,S,SRR3345826
patric,SAMN05170063,562.42871,train,R,R,NA,R,R,R,NA,R,R,NA,R,R,NA,NA,NA,R,R,R,NA,S,SRR3982099
patric,SAMN05170069,562.42822,train,R,R,NA,R,R,R,R,R,R,NA,R,R,NA,NA,R,R,R,R,R,R,SRR3982152
patric,SAMN05170070,562.42826,train,R,R,NA,R,R,R,R,R,R,NA,R,R,R,R,R,R,R,NA,R,S,SRR3982153
patric,SAMN05170071,562.42856,train,R,R,NA,NA,R,R,NA,R,R,NA,NA,NA,NA,NA,NA,NA,S,R,NA,S,SRR3982177
patric,SAMN05170073,562.42857,train,R,R,NA,S,S,R,S,S,R,NA,S,S,R,S,S,S,S,S,S,NA,SRR3982215
patric,SAMN05170083,562.42858,train,S,R,NA,S,R,S,R,S,S,NA,S,S,R,S,R,S,S,S,S,NA,SRR3982317
patric,SAMN05170085,562.42859,train,R,R,NA,NA,R,R,R,R,R,NA,NA,NA,NA,NA,R,NA,S,S,NA,S,SRR3982375
patric,SAMN05170086,562.42851,train,R,R,NA,R,R,R,NA,R,R,NA,R,R,NA,NA,NA,R,NA,S,NA,S,SRR3982376
patric,SAMN05170113,562.42866,train,R,R,NA,R,R,R,R,R,R,NA,R,R,NA,R,NA,NA,NA,S,R,S,SRR3987130
patric,SAMN05170120,562.42867,train,R,R,NA,R,R,R,R,R,R,NA,R,R,NA,NA,R,R,R,NA,R,R,SRR3996237
patric,SAMN05170126,562.42861,train,R,R,NA,R,NA,R,R,R,R,NA,NA,R,R,NA,R,NA,S,R,R,S,SRR3996243
patric,SAMN05170127,562.42868,test,R,R,NA,R,R,R,R,R,R,NA,R,R,NA,NA,R,R,R,R,R,R,SRR3996244
patric,SAMN05170132,562.42869,test,R,R,NA,R,R,R,R,R,R,NA,NA,S,NA,NA,R,S,R,R,NA,R,SRR3996249
patric,SAMN05170142,562.42862,train,S,R,NA,R,R,R,R,R,R,NA,NA,R,S,NA,R,NA,NA,NA,NA,R,SRR3996259
patric,SAMN05170159,562.42834,train,R,R,NA,R,R,R,R,R,R,NA,NA,R,NA,R,R,NA,R,R,NA,R,SRR4017814
patric,SAMN05170183,562.42823,test,NA,R,NA,R,R,R,R,R,R,NA,R,R,NA,S,R,NA,R,S,R,R,SRR4017838
patric,SAMN05170184,562.42863,train,NA,R,NA,R,R,R,R,R,R,NA,NA,R,S,NA,R,NA,S,R,R,R,SRR4017839
patric,SAMN05170190,562.42821,train,R,R,NA,R,R,R,R,R,R,NA,R,S,NA,R,R,S,R,S,R,R,SRR4017845
patric,SAMN05170198,562.42824,test,R,R,NA,R,R,R,R,R,R,NA,R,R,NA,R,R,R,R,R,R,R,SRR4017853
patric,SAMN05170202,562.42825,train,R,R,NA,R,R,R,R,R,R,NA,R,R,NA,NA,R,NA,R,R,NA,S,SRR4017857
patric,SAMN05170210,562.42847,train,S,R,NA,NA,NA,NA,R,NA,NA,NA,NA,NA,S,R,NA,NA,NA,NA,NA,R,SRR4017886
patric,SAMN05170212,562.42848,train,R,R,NA,NA,NA,NA,R,NA,NA,NA,NA,NA,S,NA,NA,NA,NA,R,NA,R,SRR4017888
patric,SAMN05170213,562.42873,test,R,R,NA,R,R,R,R,R,R,NA,R,R,NA,R,R,R,R,S,R,R,SRR4017889
patric,SAMN05170215,562.42849,train,R,R,NA,R,NA,R,R,R,R,NA,NA,R,R,NA,R,NA,S,R,R,R,SRR4017891
patric,SAMN05170220,562.42872,train,R,R,NA,R,R,R,R,R,R,NA,R,R,NA,R,R,NA,R,R,R,R,SRR4017896
patric,SAMN05170225,562.42852,train,S,R,NA,R,NA,R,R,R,R,NA,NA,R,S,NA,R,NA,NA,R,NA,R,SRR4017901
patric,SAMN05170227,562.42844,train,NA,NA,NA,NA,NA,S,NA,NA,NA,NA,NA,NA,NA,NA,NA,NA,NA,NA,NA,S,SRR4017903
patric,SAMN05170228,562.42845,train,NA,NA,NA,NA,NA,NA,NA,NA,NA,NA,NA,NA,NA,NA,NA,NA,NA,NA,NA,S,SRR4017904
patric,SAMN05170229,562.42846,test,R,R,NA,R,R,R,NA,R,R,NA,R,R,NA,NA,NA,NA,R,NA,NA,S,SRR4017905
patric,SAMN05170250,562.42843,train,NA,R,NA,R,R,R,R,R,R,NA,R,R,S,S,R,S,NA,R,R,R,SRR4017926
patric,SAMN05170257,562.42853,train,R,R,NA,R,R,R,R,R,R,NA,R,NA,S,R,NA,NA,NA,NA,R,R,SRR4035117
patric,SAMN05170259,562.42827,train,R,R,NA,R,R,R,R,R,R,NA,R,R,NA,NA,R,R,NA,NA,R,S,SRR4035119
patric,SAMN05170260,562.42828,test,NA,R,NA,R,R,R,R,R,R,NA,R,NA,R,R,R,R,R,R,R,S,SRR4035120
patric,SAMN05170261,562.42854,train,NA,R,NA,R,R,R,R,R,R,NA,NA,R,NA,R,R,NA,R,R,NA,S,SRR4035121
patric,SAMN05170262,562.42855,train,R,R,NA,R,R,R,R,R,R,NA,NA,R,NA,NA,R,NA,NA,R,NA,R,SRR4035122
patric,SAMN05170312,562.42864,train,NA,R,NA,R,NA,R,R,R,S,NA,NA,R,NA,NA,R,NA,NA,R,NA,R,SRR4065643
patric,SAMN05170318,562.42836,test,R,R,NA,NA,NA,R,NA,NA,NA,NA,NA,NA,R,R,NA,NA,NA,R,R,R,SRR4065649
patric,SAMN05170319,562.42837,train,S,S,NA,NA,NA,R,R,NA,NA,NA,NA,NA,NA,NA,R,NA,NA,S,NA,S,SRR4065650
patric,SAMN05170327,562.42865,test,R,R,NA,NA,R,R,R,R,R,NA,NA,NA,NA,NA,NA,NA,NA,R,NA,R,SRR4065666
patric,SAMN05170336,562.42833,train,NA,R,NA,R,R,R,R,R,R,NA,R,R,NA,NA,R,NA,R,R,NA,R,SRR4065675
patric,SAMN05170337,562.42841,test,R,R,NA,R,R,R,R,R,R,NA,NA,R,R,R,R,NA,R,R,NA,R,SRR4065676
patric,SAMN05170348,562.42831,train,R,R,NA,R,R,R,R,R,R,NA,NA,R,S,NA,R,S,R,NA,NA,R,SRR4065703
patric,SAMN05170349,562.42832,train,R,R,NA,R,NA,R,R,R,R,NA,R,R,R,NA,R,R,R,R,NA,R,SRR4065704
patric,SAMN05170351,562.42829,train,R,R,NA,R,R,R,R,R,R,NA,R,R,NA,NA,R,NA,R,NA,NA,S,SRR4065706
patric,SAMN05170353,562.42838,train,R,R,NA,NA,NA,R,NA,NA,NA,NA,NA,NA,NA,NA,NA,NA,NA,NA,NA,S,SRR4065708
patric,SAMN05170354,562.42839,train,R,R,NA,NA,NA,NA,R,NA,NA,NA,NA,NA,NA,NA,R,NA,NA,NA,NA,S,SRR4069212
patric,SAMN05173063,562.10576,train,R,R,NA,R,R,R,R,R,NA,NA,S,R,NA,R,R,S,S,R,R,NA,SRR3584989
patric,SAMN05173063,562.10576,train,R,R,NA,R,R,R,R,R,NA,NA,S,R,NA,R,R,S,S,R,R,NA,SRR3624655
patric,SAMN05173063,562.10576,train,R,R,NA,R,R,R,R,R,NA,NA,S,R,NA,R,R,S,S,R,R,NA,SRR3624656
patric,SAMN05178547,562.42807,train,NA,NA,NA,NA,NA,NA,NA,NA,NA,NA,S,NA,NA,NA,NA,S,S,NA,NA,R,SRR3588895
patric,SAMN05178549,562.42811,train,NA,NA,NA,S,NA,NA,R,R,NA,NA,S,S,NA,S,R,S,S,NA,NA,S,SRR3588897
patric,SAMN05194531,562.42676,train,S,NA,NA,NA,S,NA,S,S,NA,NA,S,S,S,NA,S,S,S,NA,R,R,SRR3618617
patric,SAMN05194537,562.42796,train,NA,NA,NA,S,NA,NA,S,R,NA,NA,S,S,NA,S,S,S,S,NA,NA,S,SRR3618631
patric,SAMN05194538,562.42799,train,R,NA,NA,S,NA,NA,NA,NA,NA,NA,S,S,NA,S,NA,S,S,NA,NA,R,SRR3618632
patric,SAMN05194540,562.42801,train,R,NA,NA,NA,NA,NA,NA,NA,NA,NA,S,R,NA,NA,NA,S,S,NA,NA,R,SRR3618634
patric,SAMN05194541,562.42802,train,R,NA,NA,NA,NA,NA,NA,NA,NA,NA,S,NA,NA,NA,NA,S,S,NA,NA,R,SRR3618619
patric,SAMN05194542,562.42805,train,R,NA,NA,R,NA,NA,NA,NA,NA,NA,S,R,NA,NA,NA,S,S,NA,NA,R,SRR3618620
patric,SAMN05194543,562.42804,train,R,NA,NA,NA,NA,NA,NA,NA,NA,NA,S,R,NA,NA,NA,S,S,NA,NA,R,SRR3618621
patric,SAMN05194544,562.42806,train,R,NA,NA,R,NA,NA,NA,NA,NA,NA,S,NA,NA,NA,NA,S,S,NA,NA,R,SRR3618622
patric,SAMN05374478,562.42678,train,NA,NA,NA,NA,NA,NA,NA,NA,NA,NA,NA,NA,NA,NA,NA,NA,NA,NA,NA,R,SRR3932425
patric,SAMN05374480,562.42808,train,NA,NA,NA,NA,NA,NA,NA,NA,NA,NA,S,R,NA,NA,NA,S,S,NA,NA,R,SRR3932427
patric,SAMN05374481,562.42812,train,R,NA,NA,R,NA,NA,NA,NA,NA,NA,S,R,NA,NA,NA,S,S,NA,NA,R,SRR3932428
patric,SAMN05374482,562.42813,train,R,NA,NA,NA,NA,NA,NA,NA,NA,NA,S,R,NA,NA,NA,S,S,NA,NA,R,SRR3932429
patric,SAMN05374483,562.42814,train,R,NA,NA,NA,NA,NA,NA,NA,NA,NA,NA,R,NA,NA,NA,S,S,NA,NA,S,SRR3932418
patric,SAMN05374484,562.42815,test,R,NA,NA,S,NA,NA,R,R,NA,NA,S,S,NA,S,R,S,S,NA,NA,S,SRR3932419
patric,SAMN05374486,562.42803,train,R,NA,NA,NA,NA,NA,NA,NA,NA,NA,S,R,NA,NA,NA,S,S,NA,NA,R,SRR3932421
patric,SAMN05463123,562.42753,train,S,NA,NA,NA,S,NA,NA,S,NA,NA,S,S,R,S,NA,S,S,S,S,R,SRR4019388
patric,SAMN05510453,562.42681,test,S,NA,NA,NA,R,NA,S,NA,NA,NA,S,R,S,S,R,S,S,S,S,R,SRR4019413
patric,SAMN05510454,562.42682,test,S,NA,NA,NA,R,NA,S,NA,NA,NA,S,R,S,S,R,S,S,S,S,S,SRR4019414
patric,SAMN05510456,562.42683,train,S,NA,NA,NA,R,NA,NA,NA,NA,NA,S,R,S,S,NA,S,S,S,S,S,SRR4019403
patric,SAMN05774075,562.42667,train,R,NA,NA,NA,R,NA,NA,NA,NA,NA,S,S,S,NA,NA,S,S,NA,R,S,SRR4245479
patric,SAMN05774076,562.42668,train,S,NA,NA,NA,R,NA,S,NA,NA,NA,S,NA,S,S,R,S,S,NA,S,R,SRR4245480
patric,SAMN05774077,562.42669,train,NA,NA,NA,NA,NA,NA,R,R,NA,NA,NA,NA,NA,NA,NA,NA,S,NA,NA,S,SRR4245481
patric,SAMN05774079,562.42671,train,S,NA,NA,NA,S,NA,NA,NA,NA,NA,S,S,R,S,NA,S,S,NA,S,R,SRR4245483
patric,SAMN05774080,562.42672,train,R,NA,NA,NA,R,NA,NA,R,NA,NA,NA,NA,S,S,NA,S,S,S,NA,S,SRR4245484
patric,SAMN05774082,562.42673,test,R,NA,NA,NA,S,NA,NA,R,NA,NA,S,S,S,S,NA,S,S,NA,R,R,SRR4245486
patric,SAMN05774084,562.42674,train,NA,NA,NA,NA,R,NA,S,R,NA,NA,S,S,NA,S,S,S,S,S,S,S,SRR4245477
patric,SAMN05774085,562.42675,train,R,NA,NA,NA,NA,NA,NA,NA,NA,NA,S,NA,R,NA,NA,S,S,S,R,S,SRR4245478
patric,SAMN05806161,562.42687,test,NA,NA,NA,NA,R,NA,NA,NA,NA,NA,S,R,S,S,NA,S,NA,NA,S,R,SRR4294836
patric,SAMN05806162,562.42688,test,S,NA,NA,NA,S,NA,S,NA,NA,NA,S,S,S,NA,S,S,S,NA,R,S,SRR4294837
patric,SAMN05806164,562.42689,train,R,NA,NA,NA,NA,R,R,NA,NA,NA,NA,R,R,NA,R,S,S,S,NA,R,SRR4294845
patric,SAMN05806166,562.42691,train,S,NA,NA,NA,NA,S,R,S,NA,NA,R,R,S,S,R,S,S,NA,S,R,SRR4294847
patric,SAMN05806169,562.42692,train,NA,NA,NA,NA,NA,R,R,S,NA,NA,R,NA,R,S,R,S,S,NA,S,S,SRR4294850
patric,SAMN05806174,562.42693,train,S,NA,NA,NA,R,NA,NA,NA,NA,NA,S,R,R,NA,NA,S,S,S,NA,S,SRR4294841
patric,SAMN05806175,562.42694,train,NA,NA,NA,NA,NA,NA,NA,R,NA,NA,S,S,NA,S,NA,S,S,NA,S,R,SRR4294842
patric,SAMN06007768,562.42695,train,S,NA,NA,NA,S,NA,NA,NA,NA,NA,S,R,S,S,NA,S,S,S,S,S,SRR5120215
patric,SAMN06007769,562.42696,train,NA,NA,NA,NA,R,NA,NA,NA,NA,NA,S,R,S,S,NA,S,R,NA,NA,S,SRR5120214
patric,SAMN06007770,562.42697,train,NA,NA,NA,NA,S,NA,R,NA,NA,NA,S,S,S,S,R,S,S,NA,S,R,SRR5120209
patric,SAMN06007773,562.42698,train,NA,NA,NA,NA,S,NA,NA,NA,NA,NA,S,S,S,S,NA,S,NA,NA,NA,R,SRR5120218
patric,SAMN06007774,562.42699,train,S,NA,NA,NA,S,NA,NA,R,NA,NA,S,S,S,S,NA,S,S,NA,S,S,SRR5120222
patric,SAMN06007776,562.42701,train,S,NA,NA,NA,S,NA,NA,R,NA,NA,S,S,NA,S,NA,S,S,NA,S,S,SRR5120221
patric,SAMN06015662,562.42702,train,NA,NA,NA,NA,NA,NA,NA,NA,NA,NA,S,NA,R,NA,NA,S,R,S,NA,S,SRR5120226
patric,SAMN06015663,562.42703,train,R,NA,NA,NA,R,NA,R,NA,NA,NA,S,NA,S,S,R,S,S,NA,S,R,SRR5120230
patric,SAMN06015664,562.42704,test,S,NA,NA,NA,S,NA,S,NA,NA,NA,S,S,S,S,S,S,S,NA,S,R,SRR5120235
patric,SAMN06015665,562.42705,train,R,NA,NA,NA,S,NA,R,NA,NA,NA,R,S,S,NA,R,S,S,NA,S,R,SRR5120238
patric,SAMN06015666,562.42706,train,R,NA,NA,NA,R,NA,NA,NA,NA,NA,S,R,S,S,NA,S,S,NA,NA,R,SRR5120228
patric,SAMN06015667,562.42707,test,S,NA,NA,NA,NA,NA,S,NA,NA,NA,S,NA,S,S,S,S,S,S,S,S,SRR5120224
patric,SAMN06015669,562.42708,train,NA,NA,NA,NA,R,NA,S,R,NA,NA,S,S,NA,S,R,S,NA,S,S,S,SRR5120231
patric,SAMN06129824,562.42752,train,S,NA,NA,NA,S,S,R,S,NA,NA,R,R,S,S,R,S,S,S,S,R,SRR5093683
patric,SAMN06129826,562.42685,test,R,NA,NA,NA,NA,NA,NA,NA,NA,NA,S,R,S,NA,NA,S,R,NA,NA,R,SRR5093681
patric,SAMN06311517,562.42716,train,R,NA,NA,NA,S,NA,S,NA,NA,NA,S,S,S,S,R,S,R,NA,S,R,SRR5237402
patric,SAMN06311518,562.42717,train,S,NA,NA,NA,R,NA,R,NA,NA,NA,S,S,S,S,NA,S,S,NA,S,R,SRR5237401
patric,SAMN06311519,562.42718,train,R,NA,NA,NA,S,NA,NA,NA,NA,NA,S,S,S,NA,NA,S,S,NA,R,S,SRR5237400
patric,SAMN06546419,562.42721,train,NA,NA,NA,NA,R,NA,S,R,NA,NA,S,S,NA,S,S,S,S,NA,S,S,SRR5341982
patric,SAMN06546420,562.42722,train,S,NA,NA,NA,R,NA,NA,NA,NA,NA,S,R,S,S,NA,S,S,NA,S,R,SRR5341981
patric,SAMN06672149,562.42731,train,R,NA,NA,NA,NA,NA,NA,NA,NA,NA,S,NA,S,NA,NA,S,R,S,NA,S,SRR5398452
patric,SAMN06672151,562.42723,train,S,NA,NA,NA,R,NA,NA,NA,NA,NA,S,R,R,S,NA,S,S,NA,S,S,SRR5398450
patric,SAMN06680400,562.42719,train,S,NA,NA,NA,S,NA,NA,R,NA,NA,S,S,S,S,NA,S,S,NA,S,R,SRR5420071
patric,SAMN06680403,562.42739,train,R,NA,NA,NA,R,NA,R,NA,NA,NA,S,NA,R,NA,R,S,S,S,NA,R,SRR5420068
patric,SAMN06680406,562.42741,train,NA,NA,NA,NA,NA,NA,NA,R,NA,NA,S,S,NA,S,NA,S,NA,NA,NA,R,SRR5420065
patric,SAMN06754732,562.42724,train,S,NA,NA,NA,S,NA,R,NA,NA,NA,S,S,S,S,R,S,S,S,S,R,SRR5445922
patric,SAMN06754733,562.42725,train,S,NA,NA,NA,S,NA,NA,NA,NA,NA,S,S,S,S,NA,S,S,NA,S,R,SRR5445921
patric,SAMN06754735,562.42726,train,S,NA,NA,NA,S,NA,NA,NA,NA,NA,S,S,S,S,NA,S,S,NA,S,R,SRR5445919
patric,SAMN06754736,562.42727,train,S,NA,NA,NA,S,NA,NA,NA,NA,NA,S,S,S,S,NA,S,S,NA,S,R,SRR5445918
patric,SAMN06754737,562.42728,test,NA,NA,NA,NA,R,NA,S,R,NA,NA,S,S,NA,S,S,S,S,NA,S,S,SRR5445917
patric,SAMN06754738,562.42729,train,S,NA,NA,NA,R,NA,NA,NA,NA,NA,S,S,S,NA,NA,S,S,NA,NA,R,SRR5445916
patric,SAMN07291527,562.28805,train,NA,R,S,R,R,R,R,R,R,NA,S,R,S,R,R,S,S,R,R,R,SRR6994976
patric,SAMN07291527,562.28805,train,NA,R,S,R,R,R,R,R,R,NA,S,R,S,R,R,S,S,R,R,R,SRR6994977
patric,SAMN07325899,562.42711,train,NA,NA,NA,NA,NA,NA,NA,NA,NA,NA,S,NA,R,NA,NA,S,S,NA,NA,R,SRR5806874
patric,SAMN07325901,562.42712,train,S,NA,NA,NA,S,NA,NA,NA,NA,NA,S,S,S,S,NA,S,S,NA,S,R,SRR5806876
patric,SAMN07325902,562.42713,train,NA,NA,NA,NA,R,NA,NA,NA,NA,NA,S,R,R,NA,NA,S,S,NA,NA,R,SRR5806875
patric,SAMN07325903,562.42714,train,NA,NA,NA,NA,NA,NA,NA,NA,NA,NA,S,NA,R,NA,NA,S,R,NA,NA,R,SRR5806880
patric,SAMN07325904,562.42715,train,S,NA,NA,NA,S,NA,S,NA,NA,NA,S,S,S,S,S,S,S,NA,S,S,SRR5806879
patric,SAMN07332509,562.42732,test,S,NA,NA,NA,S,NA,S,NA,NA,NA,S,S,S,S,S,S,S,S,S,S,SRR5810505
patric,SAMN07332512,562.42733,train,S,NA,NA,NA,S,NA,NA,NA,NA,NA,S,S,S,S,NA,S,S,S,S,S,SRR5810504
patric,SAMN07332516,562.42734,train,NA,NA,NA,NA,NA,NA,NA,NA,NA,NA,S,NA,R,S,NA,S,R,S,NA,S,SRR5810510
patric,SAMN07332517,562.42735,train,S,NA,NA,NA,R,NA,NA,NA,NA,NA,S,S,R,S,NA,S,S,NA,S,R,SRR5810513
patric,SAMN07332518,562.42736,train,S,NA,NA,NA,R,NA,NA,NA,NA,NA,S,S,S,S,NA,S,S,S,S,S,SRR5810514
patric,SAMN07332519,562.42737,train,R,NA,NA,NA,S,NA,NA,R,NA,NA,S,S,R,S,NA,S,S,S,S,S,SRR5810511
patric,SAMN07332520,562.42738,train,NA,NA,NA,NA,NA,NA,NA,NA,NA,NA,S,NA,R,S,NA,S,R,S,NA,S,SRR5810512
patric,SAMN07410708,562.42742,train,S,NA,NA,NA,R,NA,NA,NA,NA,NA,S,S,R,S,NA,S,S,S,S,S,SRR5862472
patric,SAMN07410718,562.42743,train,NA,NA,NA,NA,S,NA,S,R,NA,NA,S,S,NA,S,S,S,S,S,S,S,SRR5862468
patric,SAMN07450847,562.42744,test,S,NA,NA,NA,S,NA,NA,NA,NA,NA,S,S,S,S,NA,S,S,NA,S,R,SRR5901129
patric,SAMN07450850,562.42745,test,NA,NA,NA,NA,NA,NA,NA,R,NA,NA,S,S,NA,S,NA,S,R,NA,R,R,SRR5901134
patric,SAMN07450852,562.42746,test,S,NA,NA,NA,R,NA,R,NA,NA,NA,S,R,S,S,R,S,S,S,S,R,SRR5901126
patric,SAMN07450853,562.42747,train,R,NA,NA,NA,R,NA,NA,NA,NA,NA,S,NA,R,S,NA,S,S,NA,R,R,SRR5901125
patric,SAMN07450854,562.42748,train,NA,NA,NA,NA,R,NA,S,R,NA,NA,S,S,NA,S,S,S,S,S,S,S,SRR5901138
patric,SAMN07450857,562.42749,train,NA,NA,NA,NA,NA,NA,NA,NA,NA,NA,S,NA,R,S,NA,S,R,S,NA,R,SRR5901135
merino,SAMN07510203,MER-2,train,R,R,R,R,R,R,S,R,R,R,S,S,R,S,S,S,S,NA,S,S,SRR5936474
merino,SAMN07510204,MER-4,train,R,R,R,R,R,R,S,R,R,R,S,S,R,S,S,S,S,NA,S,S,SRR5936475
merino,SAMN07510205,MER-5,train,S,R,R,R,R,R,S,R,R,R,S,R,S,S,S,S,S,NA,S,R,SRR5936476
merino,SAMN07510206,MER-8,train,S,R,S,R,S,R,R,R,R,R,S,S,S,S,R,S,S,NA,S,S,SRR5936477
merino,SAMN07510207,MER-9,train,R,R,R,R,R,R,R,R,R,R,S,R,S,R,R,S,S,NA,R,R,SRR5936470
merino,SAMN07510208,MER-10,train,R,R,R,R,S,R,R,R,R,R,S,R,S,S,R,S,S,NA,S,S,SRR5936471
merino,SAMN07510209,MER-13,train,S,R,S,R,S,R,R,R,R,R,S,R,S,S,R,S,S,NA,S,R,SRR5936472
merino,SAMN07510210,MER-14,train,S,R,S,S,S,R,R,R,R,R,S,R,S,S,R,S,S,NA,S,R,SRR5936473
merino,SAMN07510211,MER-15,test,R,R,S,S,S,R,R,S,R,R,S,S,R,S,S,S,S,NA,S,S,SRR5936467
merino,SAMN07510212,MER-16,train,R,R,R,R,R,R,R,R,R,R,S,R,S,S,R,S,S,NA,S,S,SRR5936468
merino,SAMN07510213,MER-17,test,R,R,R,S,S,R,S,R,R,R,S,S,S,R,S,S,S,NA,R,R,SRR5936497
merino,SAMN07510214,MER-20,train,R,R,R,R,S,R,R,R,R,R,S,R,S,S,R,S,S,NA,S,R,SRR5936498
merino,SAMN07510215,MER-21,train,R,R,R,R,S,R,R,R,R,R,S,R,S,R,S,S,S,NA,R,R,SRR5936499
merino,SAMN07510216,MER-22,train,S,R,R,S,S,R,S,R,R,R,S,S,S,S,S,S,S,NA,S,S,SRR5936500
merino,SAMN07510217,MER-25,train,R,R,R,S,S,R,R,R,R,R,S,R,S,R,R,S,S,NA,S,R,SRR5936501
merino,SAMN07510218,MER-26,test,S,R,S,S,S,R,S,R,R,R,S,S,S,S,S,S,S,NA,S,R,SRR5936502
merino,SAMN07510219,MER-27,train,R,R,R,S,S,R,R,R,R,R,S,R,S,R,R,S,S,NA,S,R,SRR5936503
merino,SAMN07510220,MER-28,train,S,R,R,S,S,R,S,R,R,R,S,S,S,S,S,S,S,NA,S,R,SRR5936504
merino,SAMN07510221,MER-29,train,R,R,R,S,S,R,R,R,R,R,S,R,S,R,R,S,S,NA,S,S,SRR5936489
merino,SAMN07510222,MER-30,test,R,R,R,R,S,R,R,R,R,R,S,R,S,S,R,S,S,NA,R,R,SRR5936490
merino,SAMN07510223,MER-31,train,R,R,R,R,R,R,R,R,R,R,S,R,S,S,R,S,S,NA,S,R,SRR5936527
merino,SAMN07510224,MER-33,train,R,R,R,R,R,R,R,R,R,R,S,S,R,S,R,S,S,NA,S,S,SRR5936526
merino,SAMN07510225,MER-34,train,R,R,S,S,S,S,S,S,S,S,S,S,S,S,R,S,S,NA,S,S,SRR5936529
merino,SAMN07510226,MER-36,train,R,R,R,R,R,R,R,R,R,R,S,R,S,R,R,S,S,NA,R,R,SRR5936528
merino,SAMN07510227,MER-37,train,R,R,R,R,R,R,R,R,R,R,S,R,S,R,R,S,S,NA,R,R,SRR5936523
merino,SAMN07510228,MER-38,train,R,R,R,S,S,R,R,R,R,R,S,R,S,R,R,S,S,NA,R,S,SRR5936522
merino,SAMN07510229,MER-39,train,R,R,R,R,R,R,R,R,R,R,S,R,S,R,R,S,S,NA,R,R,SRR5936525
merino,SAMN07510230,MER-40,train,R,R,R,R,R,R,R,R,R,R,S,R,S,R,R,S,S,NA,R,R,SRR5936524
merino,SAMN07510231,MER-41,train,R,R,R,S,S,R,S,S,S,R,S,S,S,S,S,S,S,NA,S,S,SRR5936534
merino,SAMN07510232,MER-42,test,S,R,S,R,S,R,R,R,R,R,S,R,S,S,R,S,S,NA,S,S,SRR5936533
merino,SAMN07510233,MER-43,train,R,R,R,R,R,R,R,R,R,R,S,S,R,S,R,S,S,NA,S,S,SRR5936495
merino,SAMN07510234,MER-49,train,R,R,R,R,R,R,R,R,R,R,S,R,S,S,R,S,S,NA,S,S,SRR5936496
merino,SAMN07510235,MER-50,train,R,R,R,R,R,R,S,R,R,R,S,S,R,S,S,S,S,NA,S,S,SRR5936493
merino,SAMN07510236,MER-51,train,R,R,R,S,S,R,R,R,R,R,S,S,S,S,R,S,R,NA,R,R,SRR5936494
merino,SAMN07510237,MER-52,train,S,R,S,R,S,R,R,R,R,R,S,R,S,S,R,S,S,NA,S,S,SRR5936491
merino,SAMN07510238,MER-53,train,R,R,R,R,R,R,S,R,R,R,S,R,S,R,S,S,S,NA,S,R,SRR5936492
merino,SAMN07510239,MER-56,test,R,R,R,R,R,R,S,R,R,R,S,R,S,R,S,S,S,NA,R,R,SRR5936479
merino,SAMN07510240,MER-58,test,R,R,R,R,S,R,S,R,R,R,S,R,R,S,S,S,S,NA,S,R,SRR5936483
merino,SAMN07510241,MER-65,train,S,R,S,R,R,R,R,R,R,R,S,R,S,S,R,S,S,NA,S,S,SRR5936530
merino,SAMN07510242,MER-66,train,S,R,S,R,R,R,R,R,R,R,S,R,S,S,R,S,S,NA,S,S,SRR5936535
merino,SAMN07510243,MER-67,train,R,R,R,R,R,R,S,R,R,R,S,S,R,S,S,S,S,NA,S,S,SRR5936508
merino,SAMN07510244,MER-68,train,R,R,S,R,S,R,R,R,R,R,S,R,S,S,R,S,S,NA,S,R,SRR5936484
merino,SAMN07510245,MER-76,train,R,R,R,R,R,R,S,R,R,R,S,R,S,S,S,S,S,NA,S,R,SRR5936505
merino,SAMN07510246,MER-78,train,S,R,R,R,R,R,R,R,R,R,S,R,S,S,R,S,S,NA,S,R,SRR5936521
merino,SAMN07510247,MER-79,train,S,R,S,R,R,R,R,R,R,R,S,R,S,S,R,S,S,NA,S,R,SRR5936509
merino,SAMN07510248,MER-80,train,R,R,R,R,R,R,R,R,R,R,S,R,S,R,R,S,R,NA,R,R,SRR5936507
merino,SAMN07510249,MER-82,train,R,R,R,R,R,R,R,R,R,R,S,R,S,R,R,S,S,NA,R,R,SRR5936506
merino,SAMN07510250,MER-83,train,R,R,R,R,R,R,R,R,R,R,S,R,S,R,R,S,S,NA,R,R,SRR5936513
merino,SAMN07510251,MER-86,train,R,R,R,R,R,R,R,R,R,R,S,R,R,S,R,S,S,NA,S,S,SRR5936532
merino,SAMN07510252,MER-87,test,R,R,R,R,S,R,R,R,R,R,S,R,S,S,R,S,S,NA,R,R,SRR5936531
merino,SAMN07510253,MER-88,train,R,R,R,R,R,R,R,R,R,R,S,R,S,R,R,S,S,NA,R,R,SRR5936485
merino,SAMN07510254,MER-89,train,R,R,R,R,R,R,R,R,R,R,S,R,S,S,R,S,R,NA,R,S,SRR5936486
merino,SAMN07510255,MER-90,train,R,R,R,R,R,R,R,R,R,R,S,S,R,R,R,S,S,NA,S,R,SRR5936487
merino,SAMN07510256,MER-94,train,R,R,R,R,R,R,R,R,R,R,S,R,S,R,R,S,S,NA,R,R,SRR5936488
merino,SAMN07510257,MER-95,train,R,R,R,R,R,R,R,R,R,R,S,R,S,R,R,S,S,NA,R,S,SRR5936481
merino,SAMN07510258,MER-97,train,S,R,S,R,S,R,R,R,R,R,S,R,S,S,R,S,S,NA,S,R,SRR5936482
merino,SAMN07510259,MER-98,train,R,R,R,R,R,R,R,R,R,R,S,R,R,S,R,S,S,NA,R,S,SRR5936466
merino,SAMN07510260,MER-99,test,R,R,R,S,S,R,R,R,R,R,S,S,R,S,R,S,S,NA,S,R,SRR5936469
merino,SAMN07510261,MER-100,train,R,R,R,S,S,R,R,R,R,R,S,S,R,S,R,S,S,NA,S,R,SRR5936510
merino,SAMN07510262,MER-101,train,R,R,R,R,R,R,R,R,R,R,S,R,S,R,R,S,S,NA,R,R,SRR5936480
merino,SAMN07510263,MER-102,test,R,R,R,R,R,R,R,R,R,R,S,R,S,S,R,S,S,NA,S,R,SRR5936515
merino,SAMN07510264,MER-103,train,S,R,S,R,S,R,R,R,R,R,S,R,S,S,R,S,S,NA,S,R,SRR5936514
merino,SAMN07510265,MER-104,train,R,R,R,R,R,R,R,R,R,R,S,R,S,R,R,S,S,NA,R,R,SRR5936517
merino,SAMN07510266,MER-105,test,S,R,R,R,S,R,R,R,R,R,S,R,S,R,S,S,S,NA,R,R,SRR5936516
merino,SAMN07510267,MER-106,train,R,R,R,R,R,R,R,R,R,R,S,R,S,R,R,S,S,NA,R,R,SRR5936519
merino,SAMN07510268,MER-107,train,R,R,R,R,R,R,R,R,R,R,S,R,R,S,R,S,S,NA,S,R,SRR5936518
merino,SAMN07510269,MER-108,train,R,R,R,S,R,R,R,R,R,R,S,S,R,S,R,S,S,NA,S,S,SRR5936478
merino,SAMN07510270,MER-110,train,R,R,R,R,R,R,R,R,R,R,S,R,R,R,R,S,S,NA,R,S,SRR5936520
merino,SAMN07510271,MER-111,train,R,R,R,R,S,R,R,R,R,R,S,R,S,R,R,S,S,NA,R,R,SRR5936512
merino,SAMN07510272,MER-112,train,R,R,R,R,S,R,R,R,R,R,S,S,S,R,S,S,S,NA,S,R,SRR5936511
merino,SAMN10058834,MER-11,test,S,S,S,S,S,S,S,S,S,S,S,S,S,S,S,S,S,NA,S,S,SRR7828818
merino,SAMN10058848,MER-115,train,R,R,R,R,R,R,S,R,R,R,S,S,R,S,S,S,S,NA,S,S,SRR7828800
merino,SAMN10058849,MER-116,train,R,R,R,R,S,R,R,R,R,R,S,R,R,R,R,S,S,NA,R,R,SRR7828799
merino,SAMN10058851,MER-118,train,R,R,R,R,R,R,R,R,R,R,S,R,S,R,R,S,R,NA,R,S,SRR7828801
merino,SAMN10058852,MER-119,train,R,R,R,R,R,R,R,R,R,R,S,R,S,S,R,S,S,NA,S,R,SRR7828808
merino,SAMN10058853,MER-120,train,R,R,R,R,R,R,R,R,R,R,S,R,S,S,R,S,S,NA,R,S,SRR7828807
merino,SAMN10058854,MER-121,train,S,R,S,R,R,R,R,R,R,R,S,R,S,R,R,S,S,NA,R,R,SRR7828778
merino,SAMN10058855,MER-122,train,R,R,R,R,R,R,R,R,R,R,S,R,R,R,R,S,R,NA,R,R,SRR7828779
merino,SAMN10058856,MER-124,test,R,R,R,R,S,R,R,R,R,R,S,R,S,S,R,S,S,NA,S,R,SRR7828780
merino,SAMN10058857,MER-129,train,R,R,R,R,R,R,R,R,R,R,S,R,R,R,R,S,S,NA,R,R,SRR7828781
merino,SAMN10058858,MER-132,train,R,R,R,S,S,R,S,R,R,R,S,R,S,S,S,S,S,NA,S,S,SRR7828782
merino,SAMN10058859,MER-134,train,S,R,R,R,R,R,R,R,R,R,S,R,S,S,R,S,S,NA,S,R,SRR7828783
merino,SAMN10058861,MER-141,train,S,R,S,R,S,R,R,R,R,R,S,S,S,S,R,S,S,NA,S,S,SRR7828785
merino,SAMN10058862,MER-142,train,R,R,R,R,R,R,R,R,R,R,S,R,S,R,R,S,S,NA,R,R,SRR7828775
merino,SAMN10058865,MER-146,train,S,R,R,R,S,R,R,R,R,R,S,R,S,R,R,S,S,NA,R,S,SRR7828763
merino,SAMN10058866,MER-148,train,R,R,R,R,R,R,R,R,R,R,S,R,S,R,R,S,S,NA,R,S,SRR7828762
merino,SAMN10058867,MER-149,train,S,R,R,R,R,R,R,R,R,R,S,R,S,S,R,S,S,NA,S,S,SRR7828761
merino,SAMN10058869,MER-151,test,R,R,R,R,R,R,R,R,R,R,S,S,R,S,S,S,S,NA,S,R,SRR7828759
merino,SAMN10058870,MER-152,train,R,R,R,R,R,R,R,R,R,R,S,R,S,R,R,S,S,NA,R,R,SRR7828758
merino,SAMN10058871,MER-153,test,R,R,R,R,R,R,R,R,R,R,S,R,S,R,R,S,S,NA,R,R,SRR7828757
merino,SAMN10058872,MER-154,train,S,R,S,R,S,R,S,R,R,R,S,R,S,S,S,S,S,NA,S,R,SRR7828756
merino,SAMN10058873,MER-155,train,S,R,R,R,S,R,S,R,R,R,S,R,S,S,S,S,S,NA,S,R,SRR7828755
merino,SAMN10058874,MER-157,train,R,R,R,R,R,R,R,R,R,R,S,S,R,R,R,S,S,NA,R,S,SRR7828711
merino,SAMN10058875,MER-158,train,S,R,R,S,S,R,S,R,R,R,S,R,S,S,S,S,S,NA,S,S,SRR7828716
merino,SAMN10058876,MER-160,train,R,R,R,S,S,R,R,R,R,R,S,R,R,R,R,S,S,NA,R,R,SRR7828709
merino,SAMN10058877,MER-161,train,S,R,S,R,S,R,R,R,R,R,S,R,S,S,R,S,S,NA,S,R,SRR7828710
merino,SAMN10058878,MER-162,train,R,R,R,R,R,R,R,R,R,R,S,R,S,R,R,S,S,NA,R,S,SRR7828726
merino,SAMN10058879,MER-163,train,S,R,S,R,S,R,S,R,R,R,S,R,S,S,S,S,S,NA,S,R,SRR7828727
merino,SAMN10058881,MER-165,train,R,R,R,R,R,R,R,R,R,R,S,R,S,R,R,S,S,NA,R,R,SRR7828725
merino,SAMN10058882,MER-166,train,S,R,S,R,R,R,S,R,R,R,S,R,S,R,S,S,S,NA,S,R,SRR7828712
merino,SAMN10058883,MER-167,train,R,R,R,S,S,R,R,R,R,R,S,R,S,R,R,S,S,NA,R,R,SRR7828713
merino,SAMN10058885,MER-171,test,R,R,R,R,R,R,S,R,R,R,S,R,S,S,S,S,S,NA,S,R,SRR7828691
merino,SAMN10058886,MER-172,train,S,R,S,R,S,R,R,R,R,R,S,R,S,S,R,S,S,NA,S,R,SRR7828694
merino,SAMN10058887,MER-173,train,R,R,R,R,R,R,R,R,R,R,S,R,S,R,R,S,S,NA,R,S,SRR7828693
merino,SAMN10058888,MER-174,train,R,R,R,R,R,R,R,R,R,R,S,R,S,R,R,S,S,NA,R,R,SRR7828696
merino,SAMN10058889,MER-175,train,S,R,S,R,S,R,S,R,R,R,S,R,S,S,S,S,S,NA,S,S,SRR7828695
merino,SAMN10058890,MER-176,train,S,R,S,R,S,R,R,R,R,R,S,R,S,S,R,S,S,NA,S,S,SRR7828698
merino,SAMN10058891,MER-177,train,S,R,S,R,R,R,R,R,R,R,S,S,S,S,R,S,S,NA,S,R,SRR7828697
merino,SAMN10058892,MER-178,train,R,R,R,S,S,R,R,R,S,R,S,S,S,S,R,S,S,NA,R,R,SRR7828689
merino,SAMN10058893,MER-179,train,S,R,R,S,S,R,S,R,R,R,S,R,S,S,S,S,S,NA,S,S,SRR7828688
merino,SAMN10058894,MER-180,train,R,R,R,R,S,R,R,R,R,R,S,R,R,S,R,S,S,NA,S,R,SRR7828672
merino,SAMN10058896,MER-182,train,R,R,R,R,R,R,R,R,R,R,S,R,S,S,S,S,S,NA,S,R,SRR7828674
merino,SAMN10058897,MER-183,train,R,R,R,R,R,R,R,R,R,R,S,R,S,S,S,S,S,NA,S,R,SRR7828675
merino,SAMN10058898,MER-184,train,R,R,R,R,R,R,R,R,R,R,S,R,S,S,R,S,S,NA,S,R,SRR7828668
merino,SAMN10058899,MER-188,train,R,R,R,R,R,R,S,R,R,R,S,R,S,S,S,S,S,NA,S,S,SRR7828669
merino,SAMN10058900,MER-189,train,R,R,R,R,S,R,S,R,R,S,S,R,S,S,S,S,S,NA,S,R,SRR7828670
merino,SAMN10058901,MER-191,train,R,R,R,R,R,R,R,R,R,R,S,R,S,S,R,S,S,NA,S,R,SRR7828671
merino,SAMN10058902,MER-193,test,R,R,R,R,R,R,R,R,R,R,S,R,S,S,R,S,S,NA,S,R,SRR7828666
merino,SAMN10058903,MER-196,train,R,R,R,R,R,R,S,R,R,R,S,S,R,S,S,S,S,NA,S,S,SRR7828667
merino,SAMN10058904,MER-197,train,R,R,R,S,S,R,S,R,R,R,S,R,S,S,S,S,R,NA,S,R,SRR7828635
merino,SAMN10058905,MER-198,train,R,R,R,R,R,R,S,R,R,R,S,R,S,R,S,S,S,NA,R,R,SRR7828687
merino,SAMN10058906,MER-199,train,R,R,R,R,R,R,R,R,R,R,S,R,S,R,R,S,S,NA,R,R,SRR7828633
merino,SAMN10058907,MER-200,train,R,R,R,R,R,R,R,R,R,R,S,R,S,S,R,S,S,NA,S,R,SRR7828676
merino,SAMN10058909,MER-202,train,S,R,S,R,S,R,R,R,R,R,S,R,S,S,R,S,S,NA,S,R,SRR7828738
merino,SAMN10058910,MER-203,train,R,R,R,S,R,R,S,R,R,R,S,S,R,S,S,S,S,NA,S,S,SRR7828637
merino,SAMN10058911,MER-204,train,R,R,R,S,S,R,S,R,R,R,S,R,S,S,S,S,S,NA,S,S,SRR7828636
merino,SAMN10058912,MER-205,train,R,R,R,R,R,R,R,R,R,R,S,R,S,S,R,S,S,NA,R,S,SRR7828642
merino,SAMN10058913,MER-206,train,R,R,R,R,R,R,R,R,R,R,S,R,S,R,R,S,S,NA,R,R,SRR7828641
merino,SAMN10058914,MER-207,train,R,R,R,R,R,R,S,R,R,R,S,S,R,S,S,S,S,NA,S,S,SRR7828664
merino,SAMN10058916,MER-209,train,R,R,R,R,R,R,S,R,R,R,S,S,R,S,S,S,S,NA,S,S,SRR7828662
merino,SAMN10058917,MER-210,train,S,R,R,S,S,R,R,R,R,R,S,S,S,R,R,S,S,NA,R,S,SRR7828663
merino,SAMN10058918,MER-211,train,R,R,R,R,R,R,R,R,R,R,S,R,S,S,R,S,S,NA,R,S,SRR7828819
merino,SAMN10058919,MER-212,train,S,R,S,R,S,R,S,R,R,R,S,R,S,R,S,S,S,NA,S,R,SRR7828787
merino,SAMN10058920,MER-213,test,S,R,R,R,R,R,R,R,R,R,S,R,S,R,R,S,S,NA,R,R,SRR7828777
merino,SAMN10058921,MER-214,train,R,R,R,R,R,R,R,R,R,R,S,R,S,R,R,S,S,NA,R,R,SRR7828646
merino,SAMN10058922,MER-215,train,R,R,R,R,R,R,R,R,R,R,S,R,S,R,R,S,S,NA,R,R,SRR7828656
merino,SAMN10058923,MER-216,train,R,R,R,R,R,R,R,R,R,R,S,R,S,R,R,S,S,NA,R,R,SRR7828657
merino,SAMN10058924,MER-218,train,R,R,R,S,S,R,S,S,S,R,S,S,R,S,S,S,S,NA,S,R,SRR7828850
merino,SAMN10058926,MER-223,train,R,R,R,R,R,R,R,R,R,R,S,R,S,S,R,S,S,NA,R,S,SRR7828852
merino,SAMN10058927,MER-225,train,R,R,R,S,S,R,S,S,S,R,S,S,R,S,S,S,S,NA,S,S,SRR7828851
merino,SAMN10058928,MER-226,train,R,R,R,R,R,R,R,R,R,R,S,R,S,R,R,S,S,NA,R,R,SRR7828846
merino,SAMN10058929,MER-227,train,S,R,S,S,S,R,R,R,R,R,S,R,S,S,R,S,S,NA,S,R,SRR7828845
merino,SAMN10058930,MER-230,train,S,R,S,S,S,R,R,R,R,R,S,S,S,S,R,S,S,NA,S,S,SRR7828848
merino,SAMN10058931,MER-231,train,S,R,R,S,S,R,S,R,R,R,S,S,S,S,S,S,S,NA,S,S,SRR7828831
merino,SAMN10058932,MER-232,train,S,R,S,R,R,R,R,R,R,R,S,R,S,S,R,S,S,NA,S,R,SRR7828844
merino,SAMN10058935,MER-237,train,R,R,R,R,R,R,R,R,R,R,S,R,S,S,R,S,S,NA,S,S,SRR7828770
merino,SAMN10058936,MER-238,test,S,R,S,S,S,R,R,R,R,R,S,S,S,S,R,S,S,NA,S,S,SRR7828771
merino,SAMN10058937,MER-239,train,R,R,R,R,R,R,R,R,R,R,S,R,S,R,R,S,S,NA,R,S,SRR7828772
merino,SAMN10058938,MER-240,train,S,R,R,R,R,R,R,R,R,R,S,R,S,S,R,S,S,NA,S,R,SRR7828765
merino,SAMN10058939,MER-241,train,S,R,S,R,S,R,R,R,R,R,S,S,S,S,R,S,S,NA,S,S,SRR7828766
merino,SAMN10058940,MER-242,test,R,R,R,R,R,R,R,R,R,R,S,R,S,R,R,S,S,NA,R,R,SRR7828767
merino,SAMN10058941,MER-243,train,S,R,S,S,S,R,S,R,R,R,S,S,S,S,S,S,S,NA,S,R,SRR7828768
merino,SAMN10058942,MER-244,train,S,R,S,S,S,R,S,R,R,R,S,R,S,S,S,S,S,NA,S,R,SRR7828773
merino,SAMN10058943,MER-245,train,R,R,R,R,R,R,R,R,R,R,S,R,R,S,R,S,S,NA,S,R,SRR7828774
merino,SAMN10058944,MER-246,train,R,R,R,S,S,R,R,R,R,R,S,R,S,R,R,S,S,NA,R,R,SRR7828792
merino,SAMN10058945,MER-247,train,R,R,R,R,R,R,R,R,R,R,S,S,R,R,R,S,S,NA,R,R,SRR7828791
merino,SAMN10058946,MER-248,test,R,R,R,S,R,R,S,R,R,R,S,S,R,R,S,S,S,NA,R,R,SRR7828790
merino,SAMN10058947,MER-249,test,R,R,R,S,S,R,S,R,R,R,S,R,S,R,S,S,S,NA,S,R,SRR7828789
merino,SAMN10058948,MER-250,train,R,R,R,R,R,R,R,R,R,R,S,R,S,R,R,S,S,NA,R,R,SRR7828796
merino,SAMN10058949,MER-251,train,R,R,R,R,R,R,R,R,R,R,S,R,S,R,R,S,S,NA,R,S,SRR7828795
merino,SAMN10058950,MER-252,train,S,R,S,R,S,R,R,R,R,R,S,R,S,S,R,S,S,NA,S,R,SRR7828794
merino,SAMN10058951,MER-253,train,S,R,S,S,S,R,R,R,R,R,S,S,S,S,R,S,S,NA,S,R,SRR7828793
merino,SAMN10058952,MER-254,test,S,R,R,R,R,R,R,R,R,R,S,R,S,S,R,S,S,NA,S,R,SRR7828798
merino,SAMN10058953,MER-255,test,R,R,R,R,R,R,R,R,R,R,S,R,R,S,R,S,S,NA,S,S,SRR7828797
merino,SAMN10058955,MER-257,train,R,R,R,R,R,R,R,R,R,R,S,R,S,R,R,S,S,NA,R,S,SRR7828643
merino,SAMN10058956,MER-258,train,S,R,S,S,S,R,R,R,R,R,S,S,S,R,R,S,S,NA,S,R,SRR7828815
merino,SAMN10058957,MER-259,train,R,R,R,S,S,R,R,R,R,R,S,R,S,R,R,S,S,NA,R,R,SRR7828816
merino,SAMN10058958,MER-262,train,R,R,R,R,R,R,R,R,R,R,S,R,S,S,R,S,S,NA,R,R,SRR7828813
merino,SAMN10058959,MER-264,train,R,R,R,R,R,R,R,R,R,R,S,R,S,S,R,S,S,NA,S,S,SRR7828814
merino,SAMN10058960,MER-266,test,S,R,R,R,R,R,R,R,R,R,S,R,S,S,R,S,S,NA,S,R,SRR7828811
merino,SAMN10058961,MER-267,train,R,R,S,R,S,R,R,R,R,R,S,R,S,S,R,S,S,NA,S,R,SRR7828812
merino,SAMN10058962,MER-268,test,R,R,S,R,R,R,R,R,R,R,S,R,S,S,R,S,S,NA,S,R,SRR7828809
merino,SAMN10058963,MER-271,train,R,R,R,R,R,R,R,R,R,R,S,R,R,S,R,S,R,NA,S,R,SRR7828810
merino,SAMN10058964,MER-272,test,R,R,R,S,R,R,R,R,R,R,S,R,R,R,R,S,S,NA,R,R,SRR7828840
merino,SAMN10058965,MER-273,train,R,R,R,S,S,R,R,R,R,R,S,R,R,R,R,S,S,NA,R,R,SRR7828839
merino,SAMN10058966,MER-274,train,R,R,R,R,R,R,R,R,R,R,S,R,S,S,R,S,S,NA,R,R,SRR7828842
merino,SAMN10058967,MER-276,train,R,R,R,R,R,R,R,R,R,R,S,R,S,R,R,S,R,NA,R,R,SRR7828841
merino,SAMN10058968,MER-277,test,R,R,R,R,R,R,R,R,R,R,S,R,S,S,S,S,S,NA,S,S,SRR7828836
merino,SAMN10058969,MER-278,train,R,R,R,R,S,R,R,R,R,R,S,R,S,S,R,S,S,NA,R,R,SRR7828835
merino,SAMN10058970,MER-279,train,R,R,R,R,S,R,R,R,R,R,S,R,R,R,R,S,S,NA,R,R,SRR7828838
merino,SAMN10058971,MER-280,test,R,R,R,S,S,R,R,S,S,R,S,S,S,S,R,S,S,NA,R,R,SRR7828837
merino,SAMN10058972,MER-281,test,R,R,R,R,R,R,R,R,R,R,S,R,R,S,R,S,S,NA,R,R,SRR7828833
merino,SAMN10058973,MER-284,train,R,R,R,R,R,R,S,R,R,R,S,S,S,R,S,S,S,NA,S,R,SRR7828832
merino,SAMN10058981,MER-297,train,R,R,R,R,R,R,R,R,R,R,S,R,S,R,R,S,S,NA,R,S,SRR7828654
merino,SAMN10058982,MER-298,train,R,R,R,R,R,R,R,R,R,R,S,R,S,R,R,S,S,NA,R,S,SRR7828644
merino,SAMN10058983,MER-299,train,R,R,R,R,R,R,R,R,R,R,S,R,S,R,R,S,S,NA,R,S,SRR7828645
merino,SAMN10058984,MER-300,test,R,R,R,R,R,R,R,R,R,R,S,R,S,R,R,S,S,NA,R,S,SRR7828684
merino,SAMN10058985,MER-301,train,R,R,R,R,R,R,S,R,R,R,S,R,S,S,S,S,S,NA,R,R,SRR7828683
merino,SAMN10058986,MER-302,train,R,R,R,R,R,R,R,R,R,R,S,R,S,R,R,S,S,NA,R,R,SRR7828682
merino,SAMN10058987,MER-303,train,R,R,R,R,S,R,R,R,R,R,S,R,S,R,R,S,S,NA,R,R,SRR7828681
merino,SAMN10058988,MER-304,test,R,R,R,R,R,R,R,R,R,R,S,R,R,S,R,S,S,NA,S,R,SRR7828680
merino,SAMN10058989,MER-305,train,R,R,R,R,R,R,R,R,R,R,S,R,S,S,R,S,S,NA,R,S,SRR7828679
merino,SAMN10058990,MER-306,test,R,R,R,R,S,R,R,R,R,R,S,R,S,S,R,S,S,NA,R,R,SRR7828678
merino,SAMN10058991,MER-307,train,S,R,R,S,S,R,R,R,R,R,S,R,S,S,R,S,S,NA,S,R,SRR7828677
merino,SAMN10058992,MER-308,train,R,R,R,R,R,R,R,R,R,R,S,S,R,S,R,S,S,NA,S,S,SRR7828686
merino,SAMN10058994,MER-310,test,R,R,R,R,R,R,R,R,R,R,S,R,S,R,R,S,S,NA,S,R,SRR7828701
merino,SAMN10058997,MER-313,test,S,R,R,R,R,R,S,R,R,R,S,R,S,S,S,S,S,NA,S,S,SRR7828700
merino,SAMN10058998,MER-314,train,R,R,S,R,S,R,R,R,R,R,S,R,S,S,R,S,S,NA,S,S,SRR7828705
merino,SAMN10058999,MER-315,train,R,R,R,R,R,R,R,R,R,R,S,R,S,R,R,S,S,NA,R,S,SRR7828706
merino,SAMN10059000,MER-317,train,R,R,R,R,R,R,R,R,R,R,S,R,S,R,R,S,S,NA,R,R,SRR7828703
merino,SAMN10059001,MER-318,test,R,R,R,R,R,R,R,R,R,R,S,S,R,S,R,S,S,NA,S,R,SRR7828704
merino,SAMN10059002,MER-319,train,R,R,R,R,R,R,R,R,R,R,S,R,S,R,R,S,S,NA,R,S,SRR7828707
merino,SAMN10059003,MER-320,train,R,R,R,R,R,R,R,R,R,R,S,S,S,S,R,S,S,NA,S,R,SRR7828708
merino,SAMN10059004,MER-322,train,S,R,S,S,S,R,S,R,R,R,S,S,S,S,S,S,S,NA,S,R,SRR7828729
merino,SAMN10059005,MER-323,train,R,R,R,R,R,R,R,R,R,R,S,R,S,R,R,S,S,NA,R,R,SRR7828728
merino,SAMN10059006,MER-324,train,R,R,R,R,R,R,R,R,R,R,S,R,S,R,R,S,S,NA,R,R,SRR7828731
merino,SAMN10059007,MER-325,train,R,R,R,R,S,R,R,R,R,R,S,S,S,R,R,S,S,NA,S,S,SRR7828730
merino,SAMN10059008,MER-326,train,R,R,R,R,R,R,R,R,R,R,S,R,R,S,R,S,S,NA,S,S,SRR7828733
merino,SAMN10059009,MER-327,train,R,R,R,R,R,R,R,R,R,R,S,R,S,R,R,S,S,NA,R,R,SRR7828732
merino,SAMN10059012,MER-330,train,R,R,R,R,R,R,R,R,R,R,S,R,S,S,R,S,R,NA,R,R,SRR7828737
merino,SAMN10059013,MER-331,train,R,R,R,S,R,R,R,R,R,R,S,R,S,S,R,S,S,NA,S,S,SRR7828736
merino,SAMN10059014,MER-332,train,R,R,R,R,R,R,R,R,R,R,S,R,R,R,R,S,S,NA,R,S,SRR7828721
merino,SAMN10059015,MER-333,train,R,R,R,R,R,R,R,R,R,R,S,R,S,R,R,S,S,NA,R,S,SRR7828722
merino,SAMN10059016,MER-334,train,R,R,R,R,R,R,R,R,R,R,S,R,S,R,R,S,S,NA,R,R,SRR7828723
merino,SAMN10059017,MER-335,test,R,R,R,S,S,R,R,R,R,R,S,R,S,S,R,S,S,NA,S,R,SRR7828724
merino,SAMN10059018,MER-336,train,R,R,R,R,S,R,R,R,R,R,S,R,S,R,R,S,S,NA,S,R,SRR7828717
merino,SAMN10059019,MER-337,train,R,R,R,R,R,R,R,R,R,R,S,S,R,R,R,S,S,NA,S,R,SRR7828718
merino,SAMN10059020,MER-339,train,R,R,S,S,S,R,R,R,R,R,S,S,S,S,S,S,S,NA,S,S,SRR7828719
merino,SAMN10059022,MER-341,train,R,R,R,R,S,R,R,R,R,R,S,R,S,R,R,S,S,NA,R,R,SRR7828714
merino,SAMN10059023,MER-342,test,R,R,R,R,S,R,R,R,R,R,S,R,S,S,S,S,S,NA,S,S,SRR7828715
merino,SAMN10059024,MER-343,train,R,R,R,R,S,R,R,R,R,R,S,R,S,S,S,S,S,NA,S,S,SRR7828750
merino,SAMN10059025,MER-344,train,R,R,R,R,S,R,R,R,R,R,S,R,S,S,R,S,S,NA,R,R,SRR7828749
merino,SAMN10059026,MER-345,train,R,R,R,R,R,R,R,R,R,R,S,R,S,R,R,S,S,NA,R,R,SRR7828748
merino,SAMN10059027,MER-346,train,S,R,R,S,S,R,S,R,R,R,S,R,S,S,S,S,S,NA,S,R,SRR7828747
merino,SAMN10059028,MER-347,test,R,R,R,R,S,R,R,R,R,R,S,R,S,R,R,S,S,NA,R,R,SRR7828754
merino,SAMN10059029,MER-348,train,R,R,R,R,R,R,R,R,R,R,S,R,S,S,R,S,S,NA,S,R,SRR7828753
merino,SAMN10059030,MER-349,train,R,R,R,R,R,R,R,R,R,R,S,R,S,S,R,S,R,NA,S,R,SRR7828752
merino,SAMN10059031,MER-350,train,R,R,R,R,R,R,R,R,R,R,S,R,R,S,R,S,S,NA,S,R,SRR7828751
merino,SAMN10059032,MER-351,train,R,R,R,R,S,R,R,R,R,R,S,R,S,S,R,S,S,NA,R,R,SRR7828742
merino,SAMN10059033,MER-352,test,R,R,R,R,R,R,R,R,R,R,S,R,S,S,R,S,S,NA,R,R,SRR7828741
merino,SAMN10059034,MER-353,train,R,R,R,R,S,R,S,R,R,R,S,R,R,S,S,S,S,NA,S,S,SRR7828829
merino,SAMN10059036,MER-355,train,R,R,R,R,R,R,S,R,R,R,S,R,S,S,S,S,S,NA,S,S,SRR7828827
merino,SAMN10059037,MER-356,train,S,S,S,S,S,S,R,S,S,S,S,S,S,S,R,S,S,NA,S,S,SRR7828826
merino,SAMN10059038,MER-357,train,R,R,R,R,S,R,R,R,R,R,S,R,S,R,R,S,S,NA,R,S,SRR7828825
merino,SAMN10059039,MER-358,train,R,R,R,R,S,R,R,R,R,R,S,R,S,R,R,S,S,NA,R,R,SRR7828824
merino,SAMN10059040,MER-359,test,R,R,R,R,R,R,R,R,R,R,S,R,S,S,R,S,S,NA,R,S,SRR7828823
merino,SAMN10059041,MER-360,train,R,R,R,R,R,R,R,R,R,R,S,R,R,R,R,S,S,NA,R,R,SRR7828822
merino,SAMN10059042,MER-361,test,R,R,R,R,R,R,R,R,R,R,S,R,S,S,R,S,S,NA,S,S,SRR7828821
merino,SAMN10059043,MER-362,train,R,R,R,R,R,R,R,R,R,R,S,R,S,R,R,S,R,NA,R,R,SRR7828820
merino,SAMN10059044,MER-363,train,S,R,S,R,R,R,R,R,R,R,S,R,S,S,R,S,S,NA,S,S,SRR7828739
merino,SAMN10059045,MER-364,train,R,R,R,R,R,R,R,R,R,R,S,R,R,R,R,S,S,NA,R,S,SRR7828740
merino,SAMN10059046,MER-365,test,S,R,S,R,R,R,R,R,R,R,S,R,S,S,R,S,S,NA,S,S,SRR7828632
merino,SAMN10059047,MER-366,train,R,R,R,R,R,R,R,R,R,R,S,R,S,S,R,S,S,NA,R,R,SRR7828638
merino,SAMN10059048,MER-367,train,R,R,R,S,S,R,R,R,R,R,S,S,R,S,R,S,R,NA,R,R,SRR7828743
merino,SAMN10059049,MER-368,train,R,R,R,R,R,R,R,R,R,R,S,R,S,R,R,S,S,NA,R,S,SRR7828744
merino,SAMN10059050,MER-369,test,S,R,S,R,R,R,R,R,R,R,S,R,S,S,R,S,S,NA,S,S,SRR7828745
merino,SAMN10059051,MER-370,train,R,R,R,R,S,R,R,R,R,R,S,S,S,S,R,S,S,NA,R,R,SRR7828746
merino,SAMN10059052,MER-371,train,R,R,R,R,R,R,R,R,R,R,S,R,S,R,R,S,S,NA,R,R,SRR7828655
merino,SAMN10059053,MER-372,train,R,R,R,R,R,R,R,R,R,R,S,R,S,R,R,S,S,NA,R,R,SRR7828660
merino,SAMN10059054,MER-373,train,R,R,R,R,R,R,R,R,R,R,S,R,S,R,R,S,S,NA,R,R,SRR7828659
merino,SAMN10059055,MER-374,train,R,R,R,R,R,R,R,R,R,R,S,R,S,S,R,S,S,NA,R,R,SRR7828658
merino,SAMN10059056,MER-375,train,R,R,R,R,R,R,R,R,R,R,S,R,S,R,R,S,S,NA,R,S,SRR7828661
merino,SAMN10059057,MER-376,train,R,R,R,R,R,R,R,R,R,R,S,R,S,R,R,S,S,NA,R,S,SRR7828786
