SRA_run,BioSample_ID,isolate_name,isolation_latitude,isolation_longitude,ERS Number,MLST,spa,SCCMec,isolation_country,city,source,HosCom,mrsa,mrsa__groupcolour,PEN_phenotype,FOX_phenotype,CIP_phenotype,MFX_phenotype,AMK_phenotype,GEN_phenotype,TOB_phenotype,ERY_phenotype,CLI_phenotype,TCY_phenotype,FUS_phenotype,MUP_phenotype,RIF_phenotype,TMP_phenotype
ERR033337,SAMEA698455,10_BG_121,43.27731,26.92871,ERS026699,121,t809,,Bulgaria,Shumen,PF,CO,0,#76F013,resistant,,,,,,,,,,,,,
ERR033276:ERR033354,SAMEA698303,100_BE_22,50.85128,2.884192,ERS026683,22,t709,,Belgium,IEPER,BC,CO,0,#FFF734,,,,,,,,,,,,,,
ERR033503:ERR038660,SAMEA698468,101_FR_2877,48.7991,2.262465,ERS026773,2877,t2062,,France,CLAMART,PF,HA,0,#FFF734,resistant,,,,,,,,,,,,,
ERR033445:ERR033639,SAMEA698164,102_FR_22,48.00772,0.198579,ERS026755,22,t790,,France,LE MANS,PF,CO,0,#FFF734,resistant,,,,,,,,,,,,,
ERR045842:ERR045849,SAMEA1028338,105_UK_22,53.19146,-2.895007,ERS026920,22,t032,IVh,United Kingdom,Chester,BC,HA,1,#ED462F,resistant,resistant,resistant,resistant,,,,resistant,resistant,,,,,
ERR033569,SAMEA698270,11_SE_395,59.37816,13.50427,ERS027012,395,t2650,,Sweden,Karlstad,BC,,0,#76F013,,,,,,,,,,,,,,
ERR033399:ERR033645,SAMEA698196,110_DE_22,52.518,13.38229,ERS026834,22,t032,IVh,Germany,Berlin,BC,CO,1,#ED462F,resistant,resistant,resistant,resistant,,,,,,,,,,
ERR033473,SAMEA698288,111_DE_22,52.52348,13.41149,ERS026800,22,t032,IVh,Germany,Berlin,BC,HA,1,#FFF734,resistant,resistant,resistant,resistant,,,,resistant,resistant,,,,,
ERR033465,SAMEA698247,112_DE_22,52.52348,13.41149,ERS026797,22,t032,IVh,Germany,Berlin,BC,HA,1,#FFF734,resistant,resistant,resistant,resistant,,,,,,,,,,
ERR033475,SAMEA698287,113_DE_22,54.32269,10.13586,ERS026801,22,t032,IVh,Germany,Kiel,BC,,1,#FFF734,resistant,resistant,resistant,resistant,,,,resistant,resistant,,,,,
ERR033466,SAMEA698248,114_DE_22,52.52348,13.41149,ERS026796,22,t032,IVh,Germany,Berlin,BC,CO,1,#FFF734,resistant,resistant,resistant,resistant,,,,,,,,,,
ERR033486,SAMEA698440,115_DE_22,52.34715,14.55047,ERS026812,22,t032,IVh,Germany,FRANKFURT AN DER ODER,BC,,1,#FFF734,resistant,resistant,resistant,resistant,,,,,,,,,,
ERR033402:ERR033648,SAMEA698201,116_DE_22,52.37207,9.735686,ERS026831,22,t032,IVh,Germany,Hannover,BC,HA,1,#FFF734,resistant,resistant,resistant,resistant,,,,,,,,,,
ERR033488,SAMEA698571,117_DE_22,52.13095,11.6367,ERS026823,22,t032,IVh,Germany,Magdeburg,BC,HA,1,#FFF734,resistant,resistant,resistant,resistant,,,,resistant,resistant,,,,,
ERR033477,SAMEA698442,118_DE_22,52.37207,9.735686,ERS026810,22,t032,IVh,Germany,Hannover,BC,HA,1,#FFF734,resistant,resistant,resistant,resistant,,,,resistant,resistant,,,,,
ERR033476,SAMEA698443,119_DE_22,54.32269,10.13586,ERS026811,22,t1956,IVh,Germany,Kiel,PF,,1,#FFF734,resistant,resistant,resistant,resistant,,,,resistant,resistant,,,,,
ERR033434:ERR033628,SAMEA698171,12_DK_45,55.67629,12.56812,ERS026752,45,t2727,,Denmark,Copenhagen,BC,HA,0,#76F013,,,,,,,,,,,,,,
ERR033511,SAMEA698583,128_PT_22,41.55176,-8.422891,ERS026944,22,t032,IVh,Portugal,Braga,BC,CO,1,#FFF734,resistant,resistant,resistant,resistant,,,,resistant,resistant,,,,,
ERR033512,SAMEA698585,129_PT_22,38.73521,-9.14027,ERS026946,22,t022,IVh,Portugal,Lisbon,BC,,1,#ED462F,resistant,resistant,resistant,resistant,,,,,,,,,,
ERR033699,SAMEA698315,13_NO_45,59.92894,10.95493,ERS026892,45,t065,,Norway,Lorenskog,BC,CO,0,#76F013,resistant,,,,,,,,,,,,,
ERR033514,SAMEA698446,130_PT_22,38.74825,-9.16391,ERS026955,22,t747,IVh,Portugal,Lisbon,BC,HA,1,#ED462F,resistant,resistant,resistant,resistant,,,,resistant,resistant,,,,,
ERR033555,SAMEA698580,131_PT_22,38.74825,-9.16391,ERS026941,22,t747,IVh,Portugal,Lisbon,BC,CO,1,#ED462F,resistant,resistant,resistant,resistant,,,,resistant,resistant,,,,,
ERR033519,SAMEA698451,132_PT_22,40.21149,-8.429201,ERS026950,22,t032,IVh,Portugal,Coimbra,BC,HA,1,#FFF734,resistant,resistant,resistant,resistant,,,,resistant,resistant,,,,,
ERR033518,SAMEA698450,133_PT_22,40.21149,-8.429201,ERS026951,22,t032,IVh,Portugal,Coimbra,BC,HA,1,#FFF734,resistant,resistant,resistant,resistant,,,,resistant,resistant,,,,,
ERR033559,SAMEA698206,136_PL_241,53.01379,18.59844,ERS026937,241,t037,III,Poland,Torun,PF,HA,1,#FFF734,resistant,resistant,resistant,resistant,resistant,resistant,resistant,resistant,resistant,resistant,,,,resistant
ERR038681,SAMEA698503,137_PL_241,50.90442,15.71936,ERS026919,241,t037,III,Poland,Jelenia Gora,BC,HA,1,#ED462F,resistant,resistant,resistant,resistant,resistant,resistant,resistant,resistant,resistant,resistant,,,resistant,resistant
ERR033471,SAMEA698241,138_FR_239,48.7991,2.262465,ERS026791,239,t037,III,France,CLAMART,BC,HA,1,#FFF734,resistant,resistant,,,resistant,resistant,resistant,,,resistant,,,resistant,
ERR038683,SAMEA698414,139_PL_239,50.28626,19.10408,ERS026930,239,t037,III,Poland,Sosnowiec,BC,HA,1,#ED462F,resistant,resistant,resistant,resistant,resistant,resistant,resistant,,,resistant,,,,
ERR033421,SAMEA698327,14_DK_2228,55.39624,10.39063,ERS026740,2228,t065,,Denmark,Odense,BC,HA,0,#76F013,resistant,,,,,,,,,,,,,
ERR033270:ERR033348,SAMEA698464,140_BG_239,42.64987,23.38783,ERS026689,239,t030,III,Bulgaria,Sofia,PF,HA,1,#FFF734,resistant,resistant,resistant,resistant,,resistant,resistant,resistant,resistant,resistant,,,resistant,
ERR033271:ERR033349,SAMEA698302,141_BG_239,42.64987,23.38783,ERS026688,239,t030,III,Bulgaria,Sofia,BC,HA,1,#FFF734,resistant,resistant,resistant,resistant,,resistant,resistant,resistant,resistant,resistant,,,resistant,
ERR033573,SAMEA698415,146_SE_8,55.60333,13.0013,ERS027008,8,t2648,,Sweden,Malmo,BC,CO,0,#76F013,resistant,,,,,,,,,,,,,
ERR033423,SAMEA698328,147_DK_8,56.45319,9.402029,ERS026741,8,t008,,Denmark,Viborg,BC,HA,0,#76F013,,,,,,,,,,,,,,
ERR033574,SAMEA698418,148_SE_8,60.60218,15.63221,ERS027007,8,t197,,Sweden,Falun,BC,,0,#76F013,resistant,,,,,,,,,,,,,
ERR033694,SAMEA698722,149_NL_8,52.43867,4.825484,ERS026886,8,t064,,Netherlands,Zaandam,BC,,0,#76F013,resistant,,resistant,resistant,,,,,,,,,,resistant
ERR033248,SAMEA698628,15_BE_45,50.85128,2.884192,ERS026661,45,t1402,IV,Belgium,IEPER,BC,CO,1,#FFF734,resistant,resistant,,,,,,,,,,,,
ERR033269:ERR033347,SAMEA698460,150_BE_8,50.37672,4.413766,ERS026690,8,t008,IVa,Belgium,MONTIGNIES-LE-TILLEUL,BC,CO,1,#ED462F,resistant,resistant,resistant,resistant,resistant,,resistant,,,,,,,
ERR033367,SAMEA698608,153_CZ_8,50.66103,14.033,ERS026719,8,t024,,Czech,Usti nad Labem,BC,HA,0,#FFF734,resistant,,,,resistant,,resistant,,,resistant,,,,
ERR033377,SAMEA698408,154_CZ_8,48.97387,14.47495,ERS026734,8,t2450,,Czech,Ceske Budejovice,BC,HA,0,#76F013,,,,,resistant,,resistant,resistant,,resistant,,,,
ERR033406:ERR033652,SAMEA698575,155_DE_8,50.927,11.58701,ERS026827,8,t008,,Germany,Jena,BC,,0,#FFF734,resistant,,resistant,,,,,,,,,,,
ERR033306,SAMEA698511,156_BE_8,50.83705,4.367612,ERS026654,8,t008,IVc,Belgium,BRUXELLES,PF,HA,1,#ED462F,resistant,resistant,resistant,resistant,resistant,,resistant,,,,,,,
ERR033307,SAMEA698512,157_BE_8,50.45498,4.188524,ERS026655,8,t024,IVc,Belgium,HAINE-SAINT-PAUL,BC,CO,1,#ED462F,resistant,resistant,resistant,resistant,,,,,,,resistant,,,
ERR033296,SAMEA698692,158_ES_8,42.54633,-6.590833,ERS026977,8,t008,IVa,Spain,PONFERRADA,BC,HA,1,#FFF734,resistant,resistant,resistant,resistant,resistant,,resistant,,,,,,,
ERR033245,SAMEA698592,159_BE_8,50.48435,3.834886,ERS026664,8,t121,IVx,Belgium,BAUDOUR,BC,HA,1,#ED462F,resistant,resistant,resistant,resistant,resistant,,resistant,,,,,,,
ERR033362,SAMEA698541,16_CZ_45,49.22686,17.66898,ERS026724,45,t130,,Czech,Zlin,BC,HA,0,#FFF734,resistant,,,,resistant,resistant,resistant,,,,,resistant,,
ERR033416,SAMEA698611,160_HR_8,46.38709,16.44155,ERS026710,8,t024,IVa,Croatia,Cakovec,BC,CO,1,#FFF734,resistant,resistant,resistant,resistant,,,,,,,,,,
ERR033697,SAMEA698313,161_IT_8,42.41738,12.10485,ERS026894,8,t008,IVa,Italy,Viterbo,BC,CO,1,#ED462F,resistant,resistant,resistant,resistant,resistant,resistant,resistant,,,,,,,resistant
ERR033462,SAMEA698400,162_FR_8,43.29834,5.383221,ERS026789,8,t068,IVc,France,MARSEILLE,PF,CO,1,#FFF734,resistant,resistant,resistant,resistant,resistant,,resistant,,,,,,,
ERR033468,SAMEA698246,163_FR_8,48.11176,-1.680265,ERS026794,8,t051,IVa,France,RENNES,PF,HA,1,#FFF734,resistant,resistant,resistant,resistant,resistant,,resistant,,,,,,,
ERR033455,SAMEA698391,164_FR_8,47.74949,7.339781,ERS026782,8,t008,IVc,France,MULHOUSE,BC,HA,1,#FFF734,resistant,resistant,resistant,resistant,resistant,,resistant,resistant,resistant,,resistant,,,
ERR033450,SAMEA698396,165_FR_8,48.83973,2.417549,ERS026787,8,t008,IVc,France,SAINT-MANDE,BC,HA,1,#ED462F,resistant,resistant,resistant,,resistant,,resistant,resistant,resistant,,,,,
ERR033469,SAMEA698243,166_FR_8,48.11176,-1.680265,ERS026793,8,t008,,France,RENNES,BC,HA,0,#FFF734,,,resistant,,,,,resistant,resistant,,,,,
ERR033456,SAMEA698394,167_FR_8,48.00772,0.198579,ERS026781,8,t008,IVc,France,LE MANS,BC,HA,1,#FFF734,resistant,resistant,resistant,,resistant,,resistant,resistant,resistant,,,,,
ERR033241,SAMEA698514,168_BE_8,51.05401,3.721696,ERS026657,8,t008,Ivc,Belgium,GENT,BC,CO,1,#ED462F,resistant,resistant,resistant,,,,,resistant,resistant,,resistant,,,
ERR033315,SAMEA698509,169_BE_8,51.05401,3.721696,ERS026652,8,t008,IVc,Belgium,GENT,BC,HA,1,#ED462F,resistant,resistant,resistant,,resistant,,resistant,resistant,resistant,,,,,
ERR038675,SAMEA698502,17_NO_45,59.20622,9.579939,ERS026914,45,t130,,Norway,Skien,BC,CO,0,#76F013,resistant,,,,,,,,,,,,,
ERR033247,SAMEA698590,170_BE_8,50.47788,4.187975,ERS026662,8,t008,IVc,Belgium,LA LOUVIERE,BC,HA,1,#FFF734,resistant,resistant,resistant,,resistant,,resistant,resistant,resistant,,,,,
ERR033273:ERR033351,SAMEA698486,171_BE_8,50.47788,4.187975,ERS026686,8,t2054,,Belgium,LA LOUVIERE,BC,CO,0,#FFF734,,,resistant,,,,,resistant,resistant,,,,,
ERR033467,SAMEA698245,172_FR_8,48.7991,2.262465,ERS026795,8,t068,IVc,France,CLAMART,PF,HA,1,#FFF734,resistant,resistant,resistant,,resistant,,resistant,resistant,resistant,,,,,
ERR033246,SAMEA698630,173_BE_8,50.48435,3.834886,ERS026663,8,t068,Ivc,Belgium,BAUDOUR,BC,CO,1,#ED462F,resistant,resistant,resistant,,,,,resistant,resistant,,,,,
ERR033305,SAMEA698510,174_BE_8,50.83705,4.367612,ERS026653,8,t068,IVc,Belgium,BRUXELLES,BC,HA,1,#ED462F,resistant,resistant,resistant,,resistant,,resistant,resistant,resistant,,,,,
ERR033371,SAMEA698546,175_DK_5,55.46727,8.449078,ERS026729,5,t105,,Denmark,Esbjerg,BC,CO,0,#76F013,,,,,resistant,,resistant,resistant,,,,,,
ERR033522,SAMEA698586,177_PT_5,37.13763,-8.534399,ERS026947,5,t179,V,Portugal,Portimao,BC,HA,1,#FFF734,resistant,resistant,resistant,resistant,,resistant,resistant,resistant,resistant,,,,,
ERR033557,SAMEA698401,178_PL_5,53.13035,18.02686,ERS026939,5,t548,,Poland,Bydgoszcz,PF,HA,0,#FFF734,resistant,,,,,,,,,,,,,
ERR033268:ERR033346,SAMEA698461,179_BG_5,42.13836,24.76637,ERS026691,5,t855,I,Bulgaria,Plovdiv,PF,HA,1,#ED462F,resistant,resistant,,,resistant,,resistant,,,,,,,
ERR033274:ERR033352,SAMEA698309,181_BE_5,50.96356,5.500185,ERS026685,5,t002,,Belgium,GENK,PF,CO,0,#FFF734,resistant,,,,,,,,,,,,,
ERR033309,SAMEA698366,182_BE_2690,51.16943,4.394336,ERS026646,2690,t447,IVk,Belgium,WILRIJK,CSF,CO,1,#ED462F,resistant,resistant,resistant,resistant,,,,,,,resistant,,,
ERR038393:ERR039388,SAMEA698660,183_AT_5,48.30607,14.28629,ERS026620,5,t214,,Austria,Linz,BC,HA,0,#76F013,,,,,,,,,,,,,,
ERR033541,SAMEA698729,184_IT_5,46.06667,11.13333,ERS026882,5,t688,,Italy,Trento,BC,HA,0,#FFF734,resistant,,,,,,,,,resistant,,,,
ERR033534,SAMEA698526,185_ES_2870,36.50994,-4.886352,ERS026984,2870,t688,,Spain,MARBELLA,BC,HA,0,#76F013,resistant,,,,,,,resistant,resistant,,,,,
ERR033499:ERR038667,SAMEA698601,186_FR_5,48.3906,-4.486901,ERS026766,5,t045,,France,BREST,BC,HA,1,#FFF734,resistant,resistant,resistant,resistant,,,,resistant,resistant,resistant,,,,
ERR033242,SAMEA698593,187_BE_5,50.37672,4.413766,ERS026667,5,t002,IVc,Belgium,MONTIGNIES-LE-TILLEUL,BC,HA,1,#ED462F,resistant,resistant,resistant,resistant,resistant,,resistant,,,resistant,,,,
ERR033453,SAMEA698397,188_FR_5,50.6389,3.012244,ERS026784,5,t509,IVc,France,LOMME,BC,CO,1,#ED462F,resistant,resistant,resistant,resistant,resistant,,resistant,,,resistant,,,,
ERR033442:ERR033636,SAMEA698173,189_FI_146,60.16988,24.93841,ERS026758,146,t442,IVc,Finland,Helsinki,BC,,1,#FFF734,resistant,resistant,resistant,resistant,resistant,,resistant,resistant,,,,,,
ERR033586,SAMEA698190,19_SE_46,55.70285,13.19291,ERS027020,46,t065,,Sweden,Lund,BC,,0,#76F013,,,,,,,,,,,,,,
ERR033524,SAMEA698530,190_ES_146,43.36026,-5.844758,ERS026980,146,t002,IVc,Spain,OVIEDO,BC,HA,1,#ED462F,resistant,resistant,resistant,resistant,resistant,resistant,resistant,resistant,resistant,,,resistant,,
ERR033292,SAMEA698683,191_ES_146,38.8786,-6.970283,ERS026970,146,t002,IVc,Spain,BADAJOZ,BC,HA,1,#ED462F,resistant,resistant,resistant,resistant,resistant,,resistant,,,,,,,
ERR033297,SAMEA698694,192_ES_146,39.47618,-6.37076,ERS026976,146,t002,IVc,Spain,CACERES,BC,,1,#ED462F,resistant,resistant,resistant,resistant,resistant,,resistant,resistant,resistant,,,,,
ERR033520,SAMEA698548,193_PT_5,40.21149,-8.429201,ERS026949,5,t002,,Portugal,Coimbra,BC,HA,0,#FFF734,resistant,,,,,,,,,,,,,
ERR033447,SAMEA698473,194_FR_5,42.69833,2.893867,ERS026776,5,t002,,France,PERPIGNAN,BC,HA,0,#FFF734,,,,,,,,,,,,,,
ERR033704,SAMEA698720,195_NL_5,52.21631,5.964622,ERS026887,5,t002,,Netherlands,Apeldoorn,BC,HA,0,#76F013,,,,,,,,,,,,,,
ERR033554,SAMEA698549,196_PL_5,52.86497,21.10011,ERS026942,5,t002,,Poland,Makow Mazowiecki,PF,HA,0,#76F013,resistant,,,,,,,,,,,,,
ERR038403:ERR039398,SAMEA698658,197_AT_2626,48.12334,14.87145,ERS026621,2626,t002,,Austria,Amstetten,BC,,0,#76F013,resistant,,,,,,,,,,,,,
ERR033293,SAMEA698300,198_ES_5,38.34604,-0.484756,ERS026969,5,t002,,Spain,ALICANTE,BC,HA,0,#76F013,resistant,,resistant,resistant,,,,,,,,,,
ERR033585,SAMEA698191,199_SE_5,57.64071,18.29606,ERS027021,5,t570,,Sweden,Visby,BC,CO,0,#76F013,resistant,,,,,,,,,,,,,
ERR038689,SAMEA698357,20_PL_45,54.60032,18.23305,ERS026924,45,t015,,Poland,Wejherowo,BC,CO,0,#76F013,resistant,,,,,,,,,,,,,
ERR033313,SAMEA698507,200_AT_228,47.26269,11.3947,ERS026650,228,t001,I,Austria,Innsbruck,BC,HA,1,#FFF734,resistant,resistant,resistant,resistant,resistant,resistant,resistant,resistant,resistant,,,resistant,,
ERR033530,SAMEA698184,201_ES_228,37.17649,-3.597929,ERS026988,228,t2222,I,Spain,GRANADA,BC,HA,1,#FFF734,resistant,resistant,resistant,resistant,resistant,resistant,resistant,resistant,resistant,,,,,
ERR033492,SAMEA698436,202_DE_228,51.33968,12.3713,ERS026819,228,t001,I,Germany,Leipzig,BC,CO,1,#ED462F,resistant,resistant,resistant,resistant,resistant,resistant,resistant,resistant,resistant,,,,,
ERR033544,SAMEA698667,203_IT_228,46.06667,11.13333,ERS026879,228,t041,I,Italy,Trento,BC,HA,1,#FFF734,resistant,resistant,resistant,resistant,resistant,resistant,resistant,resistant,resistant,,,,resistant,
ERR038678,SAMEA698497,204_PL_228,50.28626,19.10408,ERS026911,228,t041,I,Poland,Sosnowiec,BC,HA,1,#ED462F,resistant,resistant,resistant,resistant,resistant,resistant,resistant,resistant,resistant,,,,,
ERR038399:ERR039394,SAMEA698652,205_AT_228,47.38138,15.0944,ERS026625,228,t041,I,Austria,Leoben,BC,HA,1,#ED462F,resistant,resistant,resistant,resistant,resistant,resistant,resistant,resistant,resistant,,,,,
ERR033332,SAMEA698463,206_HR_111,45.82545,15.98974,ERS026693,111,t041,I,Croatia,Zagreb,BC,HA,1,#FFF734,resistant,resistant,resistant,resistant,resistant,resistant,resistant,resistant,resistant,,,,,
ERR033408,SAMEA698259,207_HR_111,45.5582,18.6759,ERS026704,111,t041,I,Croatia,Osijek,BC,HA,1,#ED462F,resistant,resistant,resistant,resistant,resistant,resistant,resistant,resistant,resistant,,,,,
ERR033411,SAMEA698614,208_HR_111,42.65398,18.09594,ERS026715,111,,I,Croatia,Dubrovnik,BC,HA,1,#ED462F,resistant,resistant,resistant,resistant,resistant,resistant,resistant,resistant,resistant,,,resistant,,
ERR033417,SAMEA698252,209_HR_1481,43.7409,15.89594,ERS026709,1481,t1003,I,Croatia,Sibenik,BC,HA,1,#ED462F,resistant,resistant,resistant,resistant,resistant,resistant,resistant,resistant,resistant,,,resistant,,
ERR038686,SAMEA698356,21_PL_45,51.76728,18.08535,ERS026927,45,t015,Ivc,Poland,Kalisz,BC,HA,1,#FFF734,resistant,resistant,,,,,,,,,,,,
ERR033596,SAMEA698557,210_SE_111,58.41612,15.62664,ERS027035,111,t041,I,Sweden,Linkoping,BC,,1,#FFF734,resistant,resistant,resistant,resistant,resistant,resistant,resistant,resistant,resistant,,,resistant,,
ERR033409,SAMEA698257,211_HR_111,45.5582,18.6759,ERS026706,111,t041,I,Croatia,Osijek,BC,HA,1,#ED462F,resistant,resistant,resistant,resistant,resistant,resistant,resistant,resistant,resistant,,,,,
ERR033419,SAMEA698258,212_HR_111,43.51267,16.44239,ERS026707,111,t041,I,Croatia,Split,BC,HA,1,#FFF734,resistant,resistant,resistant,resistant,,resistant,resistant,resistant,resistant,,,,resistant,
ERR033335,SAMEA698256,213_HR_111,43.51267,16.44239,ERS026701,111,t041,I,Croatia,Split,BC,HA,1,#FFF734,resistant,resistant,resistant,resistant,resistant,resistant,resistant,resistant,resistant,,,,resistant,
ERR033336,SAMEA698255,214_HR_111,43.51267,16.44239,ERS026700,111,t041,I,Croatia,Split,BC,HA,1,#FFF734,resistant,resistant,resistant,resistant,resistant,resistant,resistant,resistant,resistant,,,,resistant,
ERR033560,SAMEA698207,215_PL_5,53.17812,22.05903,ERS026936,5,t002,II,Poland,Lomzha,BC,HA,1,#ED462F,resistant,resistant,resistant,resistant,resistant,,resistant,resistant,resistant,resistant,,,,
ERR033504:ERR038661,SAMEA698469,219_FR_5,50.6389,3.012244,ERS026772,5,t088,IV,France,LOMME,BC,CO,1,#ED462F,resistant,resistant,,,resistant,,resistant,,,,resistant,,,
ERR033551,SAMEA698204,22_PL_45,53.13035,18.02686,ERS026935,45,t1574,IVc,Poland,Bydgoszcz,BC,HA,1,#FFF734,resistant,resistant,,,,,,,,,,,,
ERR033513,SAMEA698584,220_PT_5,38.74606,-9.24652,ERS026945,5,t1062,IVc,Portugal,Lisbon,BC,,1,#ED462F,resistant,resistant,resistant,resistant,,,,resistant,resistant,,,,,
ERR033509:ERR038666,SAMEA698602,221_FR_5,48.3906,-4.486901,ERS026767,5,t777,IVc,France,BREST,BC,CO,1,#FFF734,resistant,resistant,resistant,resistant,,,,resistant,resistant,,,,resistant,
ERR033448,SAMEA698467,222_FR_5,43.64766,0.585159,ERS026778,5,t067,IVa,France,AUCH,BC,HA,1,#FFF734,resistant,resistant,resistant,resistant,resistant,,resistant,,,,,,,
ERR033294,SAMEA698695,223_ES_125,41.50335,-5.746279,ERS026979,125,t067,IVc,Spain,ZAMORA,BC,HA,1,#ED462F,resistant,resistant,resistant,resistant,resistant,,resistant,resistant,resistant,,,,,
ERR033531,SAMEA698529,224_ES_125,39.98607,-0.036,ERS026987,125,t067,IVc,Spain,CASTELLON De LA PLANA,BC,CO,1,#ED462F,resistant,resistant,resistant,resistant,resistant,,resistant,,,,,,,
ERR033525,SAMEA698515,225_ES_125,40.34912,-3.828811,ERS026982,125,t067,IVa,Spain,Alcorcon,BC,CO,1,#FFF734,resistant,resistant,resistant,resistant,resistant,,resistant,resistant,,,,,,
ERR033527,SAMEA698363,226_ES_125,40.34912,-3.828811,ERS026991,125,t837,IV,Spain,Alcorcon,BC,HA,1,#FFF734,resistant,resistant,resistant,resistant,resistant,,resistant,resistant,,,,,,
ERR033299,SAMEA698690,227_ES_125,42.34087,-3.699731,ERS026974,125,t067,IVc,Spain,BURGOS,BC,CO,1,#ED462F,resistant,resistant,resistant,resistant,,resistant,resistant,resistant,,,,,,
ERR033532,SAMEA698528,228_ES_125,39.98607,-0.036,ERS026986,125,t067,IV,Spain,CASTELLON De LA PLANA,BC,CO,1,#ED462F,resistant,resistant,resistant,resistant,resistant,,resistant,resistant,,,,,,
ERR033300,SAMEA698685,229_ES_125,43.22142,-2.813527,ERS026973,125,t067,IV,Spain,GALDAKAO,BC,CO,1,#FFF734,resistant,resistant,resistant,resistant,resistant,,resistant,,,,,,,
ERR033558,SAMEA698402,23_PL_45,53.13035,18.02686,ERS026938,45,t1574,IVc,Poland,Bydgoszcz,BC,HA,1,#FFF734,resistant,resistant,,,,,,,,,,,,
ERR033302,SAMEA698682,230_ES_125,41.7636,-2.464921,ERS026971,125,t067,IVc,Spain,SORIA,BC,HA,1,#FFF734,resistant,resistant,resistant,resistant,resistant,,resistant,resistant,,,,,,
ERR033491,SAMEA698574,232_DE_5,48.68567,9.015253,ERS026820,5,t002,II,Germany,Boeblingen,BC,CO,1,#ED462F,resistant,resistant,resistant,resistant,resistant,,resistant,resistant,resistant,,,,,
ERR033400:ERR033646,SAMEA698203,233_GR_5,37.97918,23.71665,ERS026833,5,t002,II,Greece,Athens,BC,,1,#FFF734,resistant,resistant,resistant,resistant,resistant,,resistant,resistant,resistant,,,,,
ERR033359,SAMEA698544,234_CZ_5,49.75616,16.46947,ERS026727,5,t002,II,Czech,Svitavy,BC,HA,1,#ED462F,resistant,resistant,resistant,resistant,resistant,,resistant,resistant,resistant,,,,,
ERR033702,SAMEA698730,235_IT_5,41.97763,12.46632,ERS026889,5,t242,II,Italy,Roma,BC,HA,1,#FFF734,resistant,resistant,resistant,resistant,resistant,,resistant,resistant,resistant,,,,,
ERR033516,SAMEA698448,236_PT_105,40.21149,-8.429201,ERS026953,105,t002,II,Portugal,Coimbra,BC,HA,1,#FFF734,resistant,resistant,resistant,resistant,resistant,,resistant,resistant,resistant,,,,,
ERR033501:ERR038669,SAMEA698474,24_FR_2876,48.7991,2.262465,ERS026775,2876,t1510,,France,CLAMART,BC,HA,0,#FFF734,resistant,,,,,,,,,,,,,
ERR033403:ERR033649,SAMEA698200,240_DE_225,51.29434,13.53506,ERS026830,225,t003,II,Germany,Grossenhain,BC,CO,1,#ED462F,resistant,resistant,resistant,resistant,resistant,,resistant,resistant,resistant,,,,,
ERR033404:ERR033650,SAMEA698581,241_DE_225,51.76078,14.32748,ERS026829,225,t003,II,Germany,Cottbus,PF,HA,1,#ED462F,resistant,resistant,resistant,resistant,resistant,,resistant,resistant,resistant,,,,,
ERR033494,SAMEA698437,242_DE_225,50.11151,8.680506,ERS026816,225,t003,II,Germany,Frankfurt am Main,BC,HA,1,#ED462F,resistant,resistant,resistant,resistant,resistant,,resistant,resistant,resistant,,,,,
ERR033478,SAMEA698281,243_DE_225,47.86995,12.64545,ERS026809,225,t003,II,Germany,Traunstein,BC,,1,#ED462F,resistant,resistant,resistant,resistant,resistant,,resistant,resistant,resistant,,,,,
ERR033489,SAMEA698572,244_DE_225,51.33968,12.3713,ERS026822,225,t003,II,Germany,Leipzig,BC,HA,1,#ED462F,resistant,resistant,resistant,resistant,,,,resistant,resistant,,,,,
ERR033482,SAMEA698283,245_DE_225,54.0972,13.38801,ERS026805,225,t1568,II,Germany,Greifswald,CSF,CO,1,#ED462F,resistant,resistant,resistant,resistant,resistant,,resistant,resistant,resistant,,resistant,,,
ERR033396:ERR033642,SAMEA698576,246_DE_225,50.927,11.58701,ERS026826,225,t003,II,Germany,Jena,BC,,1,#FFF734,resistant,resistant,resistant,resistant,resistant,,resistant,resistant,resistant,,resistant,,,
ERR033356,SAMEA698617,247_CZ_225,49.22686,17.66898,ERS026716,225,t003,II,Czech,Zlin,BC,HA,1,#FFF734,resistant,resistant,resistant,resistant,resistant,,resistant,resistant,resistant,,,,,
ERR033360,SAMEA698543,248_CZ_225,50.03053,14.45494,ERS026726,225,t003,II,Czech,Praha,BC,HA,1,#FFF734,resistant,resistant,resistant,resistant,resistant,,resistant,resistant,resistant,,,,,
ERR033363,SAMEA698540,249_CZ_225,50.07808,14.47587,ERS026723,225,t003,II,Czech,Praha,BC,HA,1,#ED462F,resistant,resistant,resistant,resistant,resistant,,resistant,resistant,resistant,,,,,
ERR033304,SAMEA698368,25_AT_45,48.20921,16.37278,ERS026644,45,t583,,Austria,Wien,BC,CO,0,#76F013,resistant,,resistant,,,,,resistant,resistant,,,,,
ERR033357,SAMEA698609,250_CZ_225,50.66103,14.033,ERS026718,225,t003,II,Czech,Usti nad Labem,BC,HA,1,#FFF734,resistant,resistant,resistant,resistant,resistant,resistant,resistant,resistant,resistant,,,,,resistant
ERR033366,SAMEA698537,251_CZ_225,49.26175,13.90345,ERS026720,225,t003,II,Czech,Strakonice,BC,HA,1,#ED462F,resistant,resistant,resistant,resistant,resistant,resistant,resistant,resistant,resistant,,,,,resistant
ERR033378,SAMEA698409,252_CZ_225,50.02129,14.46283,ERS026733,225,t003,II,Czech,Praha,BC,HA,1,#FFF734,resistant,resistant,resistant,resistant,,,,resistant,resistant,,,,,
ERR033338,SAMEA698454,253_BG_101,42.69783,23.32329,ERS026698,101,t056,,Bulgaria,Sofia,BC,HA,0,#FFF734,,,,,,resistant,resistant,,,,,,,resistant
ERR033380,SAMEA698411,254_DK_101,57.04723,9.920104,ERS026731,101,t056,,Denmark,Aalborg,BC,CO,0,#76F013,,,,,,,,,,,,,,
ERR033369,SAMEA698545,255_CZ_101,50.03053,14.45494,ERS026728,101,t056,,Czech,Praha,BC,HA,0,#FFF734,,,,,,,,,,,,,,
ERR033540,SAMEA698727,256_IT_101,41.12605,16.86929,ERS026883,101,t056,,Italy,Bari,BC,CO,0,#76F013,,,,,,,,,,,,,,
ERR033340,SAMEA698458,257_BG_88,43.41648,24.63092,ERS026696,88,t2421,,Bulgaria,Pleven,BC,CO,0,#76F013,resistant,,,,,,,,,,,,resistant,
ERR033595,SAMEA698556,259_SE_88,57.64071,18.29606,ERS027036,88,t2675,,Sweden,Visby,BC,CO,0,#76F013,,,,,,,,,,,,,,
ERR033365,SAMEA698538,26_CZ_2860,50.20943,15.83263,ERS026721,2860,t1231,,Czech,Hradec Kralove,BC,HA,0,#76F013,resistant,,,,,,,,,,,,,
ERR033567,SAMEA698264,260_SE_150,59.33279,18.06449,ERS027014,150,t2649,,Sweden,Stockholm,BC,CO,0,#76F013,resistant,,,,,,,,,,,,,
ERR033398:ERR033644,SAMEA698197,261_GR_78,37.97918,23.71665,ERS026835,78,t186,,Greece,Athens,BC,,0,#FFF734,resistant,,,,,,,resistant,resistant,,,,,
ERR033397:ERR033643,SAMEA698577,262_DE_97,48.49089,9.205842,ERS026825,97,t359,,Germany,Reutlingen,BC,CO,0,#76F013,resistant,,,,,,,,,,,,,
ERR033463,SAMEA698249,263_DE_9,52.52348,13.41149,ERS026799,9,t158,,Germany,Berlin,BC,CO,0,#FFF734,resistant,,,,,,,,,,,,,
ERR033561,SAMEA698205,264_PT_109,37.13763,-8.534399,ERS026934,109,t209,,Portugal,Portimao,BC,HA,0,#FFF734,,,,,,,,,,,,,,
ERR033379,SAMEA698410,265_CZ_25,49.21585,15.87992,ERS026732,25,t349,,Czech,Trebic,BC,HA,0,#FFF734,resistant,,resistant,,,,,,,,,,,
ERR033334,SAMEA698253,266_BG_2859,43.27731,26.92871,ERS026702,2859,t078,,Bulgaria,Shumen,BC,HA,0,#76F013,resistant,,,,,,,,,,,,,
ERR033275:ERR033353,SAMEA698487,267_BE_25,50.96356,5.500185,ERS026684,25,t087,,Belgium,GENK,PF,CO,0,#FFF734,resistant,,,,,,,,,,,,,
ERR033700,SAMEA698318,268_NO_25,59.27242,10.41839,ERS026891,25,t078,,Norway,Tonsberg,BC,HA,0,#76F013,resistant,,,,,,,,,,,,,
ERR038671,SAMEA698504,269_PL_25,50.34988,18.22618,ERS026918,25,t087,,Poland,Kedzierzyn-Kozle,BC,CO,0,#76F013,resistant,,,,,,,,,,,,,
ERR033410,SAMEA698260,27_HR_45,46.38709,16.44155,ERS026705,45,t505,,Croatia,Cakovec,BC,HA,0,#FFF734,resistant,,,,,,,,,,,,,
ERR038673,SAMEA698500,270_PL_26,54.11152,22.93079,ERS026916,26,t078,,Poland,SUWALKI,BC,CO,0,#FFF734,resistant,,,,,,,resistant,resistant,,,,,
ERR033308,SAMEA698367,271_AT_26,47.26269,11.3947,ERS026645,26,t078,,Austria,Innsbruck,BC,HA,0,#FFF734,resistant,,,,,,,,,,,,,
ERR033314,SAMEA698508,272_AT_1776,47.26269,11.3947,ERS026651,1776,t701,,Austria,Innsbruck,PF,CO,0,#FFF734,resistant,,,,,,,,,,,,,
ERR033483,SAMEA698284,273_DE_7,54.32269,10.13586,ERS026804,7,t091,,Germany,Kiel,BC,,0,#FFF734,,,,,,,,,,,,,,
ERR033390,SAMEA698291,274_SI_7,46.65987,16.1659,ERS026962,7,t2829,,Slovenia,MURSKA SOBOTA,BC,HA,0,#76F013,resistant,,,,,,,,,,,,,
ERR033693,SAMEA698719,275_IT_7,43.81818,7.781754,ERS026884,7,t091,,Italy,Sanremo,BC,CO,0,#76F013,resistant,,,,,,,,,,,,,
ERR033545,SAMEA698665,276_IT_7,43.63334,13.5,ERS026878,7,t091,,Italy,Ancona,BC,CO,0,#76F013,resistant,,,,,,,resistant,resistant,,,,,
ERR033701,SAMEA698317,277_IT_7,41.97763,12.46632,ERS026890,7,t091,,Italy,Roma,BC,HA,0,#FFF734,resistant,,,,,,,,,,,,,
ERR038395:ERR039390,SAMEA698648,278_AT_7,48.20921,16.37278,ERS026629,7,t091,,Austria,Wien,BC,CO,0,#76F013,resistant,,,,,,,,,,,,,
ERR033460,SAMEA698399,279_FR_2867,43.52491,5.454144,ERS026788,2867,t2016,,France,AIX-EN-PROVENCE,BC,CO,0,#76F013,,,,,,,,,,,,,,
ERR033412,SAMEA698615,28_HR_45,46.38709,16.44155,ERS026714,45,t073,,Croatia,Cakovec,BC,HA,0,#FFF734,,,,,,,,,,,,,,
ERR033395:ERR033641,SAMEA698578,280_DE_72,48.39962,9.996607,ERS026824,72,t148,IVa,Germany,ULM,PF,CO,1,#ED462F,resistant,resistant,,,,,,resistant,resistant,,,,,
ERR033470,SAMEA698244,281_FR_2869,43.29834,5.383221,ERS026792,2869,t148,,France,MARSEILLE,PF,HA,0,#FFF734,,,,,,,,,,,,,,
ERR033331,SAMEA698456,282_BG_72,43.41648,24.63092,ERS026694,72,t1346,,Bulgaria,Pleven,BC,CO,0,#76F013,resistant,,,,,,,,,,,,,
ERR033267:ERR033345,SAMEA698305,283_BG_72,43.41648,24.63092,ERS026681,72,t148,,Bulgaria,Pleven,BC,CO,0,#76F013,resistant,,,,,,,,,,,,,
ERR033587,SAMEA698261,284_SE_1156,56.16082,15.58671,ERS027019,1156,t213,,Sweden,Karlskrona,BC,,0,#76F013,resistant,,,,,,,,,,,,,
ERR033547,SAMEA698679,285_IT_12,44.41573,12.19658,ERS026876,12,t909,,Italy,Ravenna,BC,CO,0,#76F013,resistant,,,,,,,,,,,,,
ERR033580,SAMEA698188,286_SE_12,59.85814,17.64459,ERS027026,12,t156,,Sweden,Uppsala,BC,,0,#76F013,resistant,,,,,,,,,,,,,
ERR033401:ERR033647,SAMEA698202,287_HU_12,46.98067,18.91271,ERS026832,12,t771,,Hungary,Dunaujvaros,BC,CO,0,#76F013,,,,,,,,,,,,,,
ERR038401:ERR039396,SAMEA698662,288_AT_2878,47.8005,13.04441,ERS026623,2878,t160,,Austria,Salzburg,BC,CO,0,#76F013,,,,,,,,,,,,,,
ERR033487,SAMEA698441,289_DE_20,50.927,11.58701,ERS026813,20,t731,,Germany,Jena,BC,,0,#FFF734,resistant,,,,,,,,,,,,,
ERR038396:ERR039391,SAMEA698650,29_AT_45,48.20921,16.37278,ERS026628,45,t331,,Austria,Wien,BC,HA,0,#76F013,resistant,,,,,,,,,,,,,
ERR033426,SAMEA698330,290_DK_20,55.64149,12.08042,ERS026749,20,t164,,Denmark,Roskilde,BC,CO,0,#76F013,resistant,,,,,,,,,,,,,
ERR033598,SAMEA698551,291_SE_20,57.7818,14.15851,ERS027033,20,t164,,Sweden,Jonkoping,BC,HA,0,#76F013,resistant,,,,,,,,,,,,,
ERR038691,SAMEA698359,292_PL_20,54.17592,15.58327,ERS026922,20,t164,,Poland,Ko?obrzeg,BC,CO,0,#76F013,resistant,resistant,,,,,,resistant,,resistant,,,,
ERR033376,SAMEA698407,293_CZ_20,49.19106,16.61142,ERS026735,20,t195,,Czech,Brno,BC,HA,0,#76F013,resistant,,,,,,,,,,,,,
ERR038394:ERR039389,SAMEA698279,294_AT_20,48.20921,16.37278,ERS026630,20,t1023,,Austria,Wien,BC,CO,0,#76F013,resistant,,,,,,,,,,,,,
ERR033490,SAMEA698573,296_DE_582,52.13095,11.6367,ERS026821,582,t084,,Germany,Magdeburg,BC,HA,0,#FFF734,resistant,,,,,,,,,,,,,
ERR033443:ERR033637,SAMEA698166,297_FI_2874,65.01266,25.47139,ERS026757,2874,t2696,,Finland,Oulu,BC,,0,#76F013,resistant,,,,,,,,,,,,,
ERR033438:ERR033632,SAMEA698605,298_DK_15,56.45319,9.402029,ERS026762,15,t2707,,Denmark,Viborg,BC,HA,0,#76F013,resistant,,,,,,,,,,,,,
ERR033405:ERR033651,SAMEA698582,299_DE_15,49.00808,8.403756,ERS026828,15,t2299,,Germany,Karlsruhe,BC,CO,0,#76F013,resistant,,,,,,,,,,,,,
ERR033413,SAMEA698612,30_CY_45,35.1676,33.37362,ERS026713,45,t2383,,Cyprus,Nicosia,BC,HA,0,#76F013,resistant,,,,,,,,,resistant,,,,
ERR033375,SAMEA698406,301_DK_15,55.39624,10.39063,ERS026736,15,t084,,Denmark,Odense,BC,HA,0,#76F013,resistant,,,,,,,,,,,,,
ERR033370,SAMEA698412,302_DK_15,57.04723,9.920104,ERS026730,15,t084,,Denmark,Aalborg,BC,CO,0,#76F013,resistant,,,,,,,,,,,,,
ERR033389,SAMEA698292,303_SI_15,46.05456,14.50443,ERS026963,15,t761,,Slovenia,LJUBLJANA,BC,CO,0,#76F013,resistant,,,,,,,,,,,,,
ERR033576,SAMEA698266,305_SE_15,59.85814,17.64459,ERS027016,15,t084,,Sweden,Uppsala,BC,,0,#76F013,resistant,,,,,,,,,,,,,
ERR033563,SAMEA698419,306_SE_35,57.69698,11.98638,ERS027004,35,t254,,Sweden,Goeteborg,BC,,0,#76F013,,,,,,,,,,,,,,
ERR033592,SAMEA698559,307_SE_15,59.37816,13.50427,ERS027039,15,t1687,,Sweden,Karlstad,BC,,0,#76F013,resistant,,,,,,,,,,,,,
ERR033517,SAMEA698449,308_PT_15,38.73863,-9.16377,ERS026952,15,t1038,,Portugal,Lisbon,BC,,0,#76F013,resistant,,,,,,,,,,,,,
ERR033600,SAMEA698553,309_SE_15,57.721,12.94025,ERS027031,15,t084,,Sweden,Boras,BC,,0,#76F013,resistant,,,,,,,,,,,,,
ERR033568,SAMEA698269,31_SE_45,56.67397,12.85729,ERS027013,45,t779,,Sweden,Halmstad,BC,,0,#76F013,resistant,,,,,,,,,,,,,
ERR033301,SAMEA698687,310_ES_15,43.22142,-2.813527,ERS026972,15,t085,,Spain,GALDAKAO,BC,HA,0,#FFF734,resistant,,,,,,,,,,,,,
ERR033579,SAMEA698189,311_SE_15,59.27375,15.20754,ERS027027,15,t084,,Sweden,Orebro,BC,,0,#76F013,resistant,,,,,,,,,,,,,
ERR038680,SAMEA698627,312_NO_15,61.45193,5.843864,ERS026909,15,t774,,Norway,Forde,BC,CO,0,#76F013,resistant,,,,,,,,,,,,,
ERR038670,SAMEA698626,313_NO_15,61.45193,5.843864,ERS026908,15,t084,,Norway,Forde,BC,CO,0,#76F013,resistant,,,,,,,resistant,resistant,,,,,
ERR033570,SAMEA698267,314_SE_15,59.33279,18.06449,ERS027011,15,t084,,Sweden,Stockholm,BC,CO,0,#76F013,resistant,,,,,,,,,,,,,
ERR033295,SAMEA698697,315_ES_2861,42.54633,-6.590833,ERS026978,2861,t2055,,Spain,PONFERRADA,BC,CO,0,#FFF734,resistant,,,,,,,,,,,,,
ERR033358,SAMEA698616,316_CZ_15,50.02129,14.46283,ERS026717,15,t084,,Czech,Praha,BC,HA,0,#FFF734,resistant,,,,,,,,,,,,,
ERR033418,SAMEA698251,317_HR_2865,45.82545,15.98974,ERS026708,2865,t084,,Croatia,Zagreb,BC,CO,0,#FFF734,,,,,,,,,,,,,,
ERR038398:ERR039393,SAMEA698657,318_AT_15,47.23835,9.596222,ERS026626,15,t803,,Austria,Feldkirch,BC,CO,0,#76F013,resistant,,,,,,,,,,,,,
ERR033571,SAMEA698268,319_SE_2871,59.33279,18.06449,ERS027010,2871,t2636,,Sweden,Stockholm,BC,,0,#76F013,resistant,,,,,,,,,,,,,
ERR033429,SAMEA698321,32_DK_2863,55.67629,12.56812,ERS026746,2863,t630,,Denmark,Copenhagen,BC,CO,0,#76F013,resistant,,,,,,,,,,,,,
ERR038682,SAMEA698361,320_PL_15,50.72309,23.25197,ERS026920,15,t2624,,Poland,Zamosc,BC,HA,0,#76F013,resistant,,,,,,,,,,,,,
ERR033495,SAMEA698439,321_DE_1,52.52348,13.32195,ERS026815,1,t127,,Germany,Berlin,BC,HA,0,#76F013,resistant,,,,,,,,,,,,,
ERR033451,SAMEA698395,322_FR_81,42.69833,2.893867,ERS026786,81,t127,,France,PERPIGNAN,BC,HA,0,#FFF734,resistant,,,,,,,,,,,,,
ERR033312,SAMEA698373,324_AT_1,47.26269,11.3947,ERS026649,1,t127,,Austria,Innsbruck,PF,CO,0,#FFF734,,,,,,,,,,,,,,
ERR033439:ERR033633,SAMEA698604,325_FR_2873,49.11613,6.172695,ERS026761,2873,t590,,France,METZ,PF,CO,0,#76F013,resistant,,,,,,,,,resistant,,,,
ERR033437:ERR033631,SAMEA698606,326_FR_1,49.11613,6.172695,ERS026763,1,t590,,France,METZ,PF,CO,0,#76F013,resistant,,,,,,,,,resistant,,,,
ERR033538,SAMEA698676,327_IT_2875,43.81818,7.781754,ERS026874,2875,t127,,Italy,Sanremo,BC,CO,0,#76F013,,,,,,,,,,resistant,,,resistant,
ERR033698,SAMEA698316,328_NO_1,59.2181,10.92983,ERS026893,1,t174,,Norway,Fredrikstad,BC,HA,0,#76F013,resistant,,resistant,resistant,,,,resistant,resistant,,,,,
ERR033533,SAMEA698527,329_ES_1,41.54859,2.10744,ERS026985,1,t127,,Spain,SABADELL,BC,HA,0,#76F013,resistant,,,,,,,,,,,,,
ERR033584,SAMEA698192,33_SE_45,57.64071,18.29606,ERS027022,45,t2642,,Sweden,Visby,BC,CO,0,#76F013,resistant,,,,,,,,,,,,,
ERR038690,SAMEA698360,330_PL_1815,54.51889,18.53054,ERS026923,1815,t127,,Poland,Gdynia,BC,HA,0,#76F013,,,,,,,,,,,,,,
ERR033432,SAMEA698326,332_DK_1,55.40211,11.35162,ERS026743,1,t127,,Denmark,Slagelse,BC,CO,0,#76F013,resistant,,,,,,,,,,resistant,,,
ERR033577,SAMEA698262,34_SE_45,56.16082,15.58671,ERS027018,45,t050,,Sweden,Karlskrona,BC,,0,#76F013,resistant,,,,,,,,,,,,,
ERR033364,SAMEA698539,35_CZ_45,50.76702,15.05614,ERS026722,45,t630,,Czech,Liberec,BC,HA,0,#76F013,resistant,,,,,,,,,,,,,
ERR033582,SAMEA698186,36_SE_45,59.27375,15.20754,ERS027024,45,t302,,Sweden,Orebro,BC,,0,#76F013,,,,,,,,,,,,,,
ERR033594,SAMEA698555,37_SE_45,59.85814,17.64459,ERS027037,45,t050,,Sweden,Uppsala,BC,,0,#76F013,resistant,,,,,,,,,,,,,
ERR033566,SAMEA698263,38_SE_45,56.67397,12.85729,ERS027015,45,t050,,Sweden,Halmstad,BC,,0,#76F013,resistant,,,,,,,,,resistant,,,,
ERR033597,SAMEA698558,39_SE_45,57.7818,14.15851,ERS027034,45,t050,,Sweden,Jonkoping,BC,CO,0,#76F013,resistant,,,,,,,,,,,,,
ERR033415,SAMEA698610,40_HR_45,46.38709,16.44155,ERS026711,45,t050,,Croatia,Cakovec,BC,HA,0,#FFF734,resistant,,,,,,,,,,,,,
ERR033330,SAMEA698462,41_BG_45,42.64987,23.38783,ERS026692,45,t050,,Bulgaria,Sofia,BC,CO,0,#FFF734,resistant,,,,,,,,,,,,,
ERR033526,SAMEA698531,42_ES_45,40.34912,-3.828811,ERS026981,45,t630,,Spain,Alcorcon,BC,CO,0,#FFF734,resistant,,,,,,,,,,,,,
ERR033479,SAMEA698282,43_DE_45,52.34715,14.55047,ERS026808,45,t015,,Germany,FRANKFURT AN DER ODER,BC,,0,#FFF734,,,,,,,,,,,,,,
ERR033565,SAMEA698420,44_SE_45,60.60218,15.63221,ERS027005,45,t2641,,Sweden,Falun,BC,,0,#76F013,resistant,,,,,,,,,,,,,
ERR033564,SAMEA698417,45_SE_45,60.60218,15.63221,ERS027006,45,t015,,Sweden,Falun,BC,,0,#76F013,resistant,,,,,,,,,,,,,
ERR033239,SAMEA698513,46_BE_45,51.20941,3.22523,ERS026656,45,t740,IVk*,Belgium,Brugge,BC,CO,1,#ED462F,resistant,resistant,resistant,resistant,,,,,,,,,,
ERR033265:ERR033343,SAMEA698306,47_BE_45,51.20941,3.22523,ERS026680,45,t740,IVk*,Belgium,Brugge,BC,HA,1,#ED462F,resistant,resistant,resistant,resistant,,,,resistant,resistant,,,,,
ERR033240,SAMEA698505,48_BE_45,50.96356,5.500185,ERS026658,45,t2537,Ivk*,Belgium,GENK,PF,,1,#FFF734,resistant,resistant,resistant,resistant,,,,,,,,,,
ERR033249,SAMEA698629,49_BE_45,50.94466,3.123372,ERS026660,45,t038,Ivk*,Belgium,ROESELARE,BC,HA,1,#ED462F,resistant,resistant,resistant,resistant,,,,,,,,,,
ERR033310,SAMEA698365,50_BE_45,50.41146,4.44424,ERS026647,45,t038,IVk*,Belgium,CHARLEROI,BC,HA,1,#ED462F,resistant,resistant,resistant,resistant,,,,resistant,resistant,,,,,
ERR033435:ERR033629,SAMEA698165,51_FR_2872,43.64766,0.585159,ERS026754,2872,t2214,,France,AUCH,BC,CO,0,#FFF734,,,,,,,,,,,,,,
ERR033454,SAMEA698392,52_FR_2866,48.11176,-1.680265,ERS026783,2866,t571,,France,RENNES,PF,CO,0,#FFF734,resistant,,,,,,,,,,,,,resistant
ERR033361,SAMEA698542,54_CZ_398,49.21585,15.87992,ERS026725,398,t034,,Czech,Trebic,BC,CO,0,#FFF734,,,resistant,,,,,resistant,resistant,resistant,,,,
ERR033500:ERR038668,SAMEA698600,55_FR_398,48.3906,-4.486901,ERS026765,398,t034,,France,BREST,BC,CO,0,#FFF734,resistant,,,,,,,resistant,resistant,resistant,,,,
ERR033572,SAMEA698416,56_SE_2881,55.60333,13.0013,ERS027009,2881,t153,,Sweden,Malmo,BC,HA,0,#76F013,resistant,,,,,,,,,,,,,
ERR045843:ERR045850,SAMEA1028326,57_UK_34,55.01928,-1.652436,ERS026930,34,t136,,United Kingdom,Newcastle Upon Tyne,BC,HA,0,#FFF734,resistant,,,,,,,,,,,,,
ERR033502:ERR038659,SAMEA698475,58_FR_34,47.63883,6.862221,ERS026774,34,t2506,,France,BELFORT,BC,HA,0,#76F013,resistant,,,,,,,,,,,,,
ERR038688,SAMEA698358,59_PL_30,53.01379,18.59844,ERS026925,30,t021,,Poland,Torun,BC,CO,0,#FFF734,resistant,,,,,,,,,,,,,
ERR038672,SAMEA698499,6_PL_2880,54.11152,22.93079,ERS026917,2880,t159,,Poland,SUWALKI,BC,CO,0,#FFF734,resistant,,,,,,,,,,,,,
ERR038684,SAMEA698354,60_UK_30,55.13199,-6.668451,ERS026929,30,t2864,,United Kingdom,Coleraine,BC,,0,#76F013,resistant,,,,,,,,,,,,,
ERR033431,SAMEA698323,61_DK_2862,55.40211,11.35162,ERS026744,2862,t1414,,Denmark,Slagelse,BC,HA,0,#76F013,resistant,,,,,,,,,,,,,
ERR033480,SAMEA698285,62_DE_30,52.37207,9.735686,ERS026807,30,t122,,Germany,Hannover,BC,HA,0,#FFF734,resistant,,,,,,,,,,,,,
ERR033464,SAMEA698250,63_FR_30,49.11613,6.172695,ERS026798,30,t021,,France,METZ,PF,CO,0,#76F013,resistant,,,,,,,,,,,,,
ERR033414,SAMEA698613,64_CY_39,35.1676,33.37362,ERS026712,39,t382,,Cyprus,Nicosia,BC,CO,0,#76F013,resistant,,,,,,,,,,,,,
ERR033341,SAMEA698457,66_BG_1829,42.69783,23.32329,ERS026695,1829,t1143,IV,Bulgaria,Sofia,PF,HA,1,#FFF734,resistant,resistant,,,,,,,,,,,,
ERR033593,SAMEA698560,67_SE_30,58.41612,15.62664,ERS027038,30,t342,,Sweden,Linkoping,BC,,0,#FFF734,resistant,,,,,,,,,,,,,
ERR033550,SAMEA698211,68_PL_30,52.40638,16.92517,ERS026932,30,t338,,Poland,Inowroc?aw,BC,HA,0,#76F013,resistant,,resistant,,,,,resistant,resistant,,,,,
ERR033428,SAMEA698322,69_DK_30,55.67629,12.56812,ERS026747,30,t363,,Denmark,Copenhagen,BC,HA,0,#76F013,resistant,,,,,,,resistant,resistant,,,,,
ERR033535,SAMEA698536,7_ES_123,36.50994,-4.886352,ERS026983,123,t2221,,Spain,MARBELLA,BC,CO,0,#76F013,resistant,,,,,,,,,,resistant,,,
ERR033441:ERR033635,SAMEA698172,70_FI_30,60.16988,24.93841,ERS026759,30,t2602,,Finland,Helsinki,BC,HA,0,#FFF734,resistant,,,,,,,resistant,resistant,,,,,
ERR033542,SAMEA698724,71_IT_30,43.1107,12.38917,ERS026881,30,t012,,Italy,Perugia,BC,HA,0,#76F013,resistant,,,,,,,,,,,,,
ERR033373,SAMEA698404,72_CZ_2864,49.74749,13.3776,ERS026738,2864,t122,,Czech,Plzen,BC,HA,0,#76F013,resistant,,,,,,,,,,,,,
ERR033298,SAMEA698688,73_ES_2858,39.47618,-6.37076,ERS026975,2858,t122,,Spain,CACERES,BC,,1,#ED462F,resistant,,,,,,,,,,,,,
ERR038685,SAMEA698353,74_PL_30,51.76728,18.08535,ERS026928,30,t122,,Poland,Kalisz,BC,HA,0,#FFF734,resistant,,,,,,,resistant,resistant,,,,,
ERR033537,SAMEA698672,75_IT_30,46.06667,11.13333,ERS026872,30,t021,,Italy,Trento,BC,CO,0,#FFF734,resistant,,,,,,,,,,,,,
ERR033590,SAMEA698554,76_SE_30,58.34898,11.93833,ERS027030,30,t840,,Sweden,Uddevalla,BC,,0,#76F013,resistant,,,,,,,,,,,,,
ERR033581,SAMEA698187,77_SE_2879,59.27375,15.20754,ERS027025,2879,t012,,Sweden,Orebro,BC,,0,#76F013,resistant,,,,,,,,,,,,,
ERR033589,SAMEA698194,78_SE_30,58.41612,15.62664,ERS027028,30,t021,,Sweden,Linkoping,BC,,0,#FFF734,resistant,,,,,,,,,,,,,
ERR033556,SAMEA698579,79_PT_30,41.55176,-8.422891,ERS026940,30,t021,,Portugal,Braga,BC,HA,0,#FFF734,resistant,,,,,,,,,,,,,
ERR033521,SAMEA698547,8_PT_121,38.71667,-9.133333,ERS026948,121,t645,,Portugal,Lisbon,BC,CO,0,#76F013,resistant,,,,,,,,,,,,,
ERR038674,SAMEA698501,80_NO_30,61.45193,5.843864,ERS026915,30,t012,,Norway,Forde,BC,CO,0,#76F013,resistant,,,,,,,,,,,,,
ERR033529,SAMEA698185,81_ES_36,42.43362,-8.648053,ERS026989,36,t018,II,Spain,PONTEVEDRA,BC,HA,1,#ED462F,resistant,resistant,resistant,resistant,resistant,,resistant,resistant,resistant,,,,,
ERR033578,SAMEA698265,83_SE_30,59.60672,16.55082,ERS027017,30,t021,,Sweden,Vasteras,BC,,0,#76F013,resistant,,,,,,,,,,,,,
ERR033508:ERR038665,SAMEA698597,84_FR_30,44.85327,0.48295,ERS026768,30,t012,,France,BERGERAC,BC,CO,0,#76F013,resistant,,,,,,,,,,,,,
ERR033424,SAMEA698168,85_DK_30,56.45319,9.402029,ERS026751,30,t2005,,Denmark,Viborg,BC,CO,0,#76F013,resistant,,,,,,,,,,,,,
ERR033374,SAMEA698405,86_DK_30,55.92918,12.30809,ERS026737,30,t840,,Denmark,Hillerod,BC,HA,0,#76F013,resistant,,,,,,,,,,,,,
ERR033291,SAMEA698299,87_ES_30,38.34604,-0.484756,ERS026968,30,t021,,Spain,ALICANTE,BC,HA,0,#76F013,resistant,,,,,,,,,,,,,
ERR033461,SAMEA698242,88_FR_2868,43.64051,5.086604,ERS026790,2868,t018,,France,SALON-DE-PROVENCE,BC,CO,0,#76F013,resistant,,,,,,,,,,,,,
ERR033506:ERR038663,SAMEA698471,89_FR_30,44.44563,1.441466,ERS026770,30,t012,,France,CAHORS,BC,CO,0,#76F013,resistant,,,,,,,,,,,,,
ERR033507:ERR038664,SAMEA698598,9_FR_121,44.83737,-0.576144,ERS026769,121,t645,,France,BORDEAUX,PF,CO,0,#76F013,resistant,,,,,,,,,,,,,
ERR033505:ERR038662,SAMEA698470,91_FR_30,43.29834,5.383221,ERS026771,30,t019,,France,MARSEILLE,PF,HA,0,#FFF734,resistant,,,,,,,,,,resistant,,,
ERR033498:ERR038658,SAMEA698599,92_FR_30,47.74949,7.339781,ERS026764,30,t2018,,France,MULHOUSE,BC,CO,0,#FFF734,resistant,,,,,,,,,,,,,
ERR033583,SAMEA698193,93_SE_22,59.85814,17.64459,ERS027023,22,t223,,Sweden,Uppsala,BC,,0,#76F013,resistant,,,,,,,,,,,,,
ERR033425,SAMEA698169,94_DK_22,55.67629,12.56812,ERS026750,22,t005,,Denmark,Copenhagen,BC,HA,0,#76F013,resistant,,,,,,,,,,,,,
ERR033474,SAMEA698290,95_DE_22,54.32269,10.13586,ERS026802,22,t2183,,Germany,Kiel,BC,,0,#FFF734,,,,,,,,,,,,,,
ERR033457,SAMEA698393,96_FR_22,45.77717,3.082418,ERS026780,22,t005,,France,CLERMONT-FERRAND,PF,CO,0,#76F013,resistant,,,,,,,,,,,,,
ERR033436:ERR033630,SAMEA698170,97_FR_22,43.64766,0.585159,ERS026753,22,t2044,,France,AUCH,PF,CO,0,#FFF734,resistant,,,,,,,,,,,,,
ERR033333,SAMEA698254,98_HR_22,43.51267,16.44239,ERS026703,22,t005,,Croatia,Split,BC,HA,0,#FFF734,resistant,,,,,,,,,,,,,
ERR038402:ERR039397,SAMEA698664,99_AT_22,48.00697,13.65322,ERS026622,22,t005,,Austria,Vocklabruck,BC,,0,#76F013,resistant,,,,,,,,,,,,,